method,seed,solution,water,deficit,excess,schedule
NSGA_II,261400,0,10.075957518804502,157.75385594924063,0.0,"[0.0, 3.700737998811594, 1.4201499718203374, 1.843537199952535, 0.6142606988549986, 0.9532636113746841, 1.0175802809555838, 0.11593492139365716, 0.17731083746187432, 0.11003111014698609, 0.055116814570383886, 0.0, 0.010215072231629216, 0.05781900123023972]"
NSGA_II,261400,1,11.714534239313862,145.3737330519146,0.0,"[0.0, 3.857591061727678, 1.302587480065558, 0.7078602181457541, 3.2935834094099823, 1.3786126669861072, 0.0, 0.33777655509567417, 0.35187756562294564, 0.26247813704630607, 0.06910377255851134, 0.04062332739102374, 0.06449073399162329, 0.047949311272696415]"
NSGA_II,261400,2,13.198805943723036,127.35791024524352,0.0,"[0.0, 6.808957862927075, 0.938685301471017, 0.9723261545198165, 2.2998973748374176, 0.04664950432511583, 0.6963009936715236, 0.7331013582463981, 0.2631450062799494, 0.10594240077593532, 0.1685074543362618, 0.12209952241587285, 0.0037724390529415884, 0.03942057086371283]"
NSGA_II,261400,3,19.403742118157147,72.65950079433966,0.0,"[0.18803455232311883, 7.779905369232203, 3.139149585737922, 1.5076755454651605, 4.301264151400906, 0.24576108685456227, 0.9912668145221393, 0.2503505108212778, 0.6010286997104861, 0.21541702900574894, 0.018137048428261974, 0.12013524810164934, 0.009783580972868447, 0.0358328955808411]"
NSGA_II,261400,4,11.104891960362446,151.63627081272682,0.0,"[1.007206885077308, 3.750418345017026, 2.1767525143053392, 0.6681879269960467, 0.0, 0.6172163892725541, 1.2690193944728922, 0.3133244164849297, 0.23614101422787995, 0.3982801475813083, 0.4348529899279053, 0.04000478626852097, 0.08290166838283065, 0.1105854823479044]"
NSGA_II,261400,5,21.0065461883985,61.82153213222524,0.0,"[1.0266256834085836, 11.401495549928322, 1.2534559021026062, 0.011313165734030852, 4.300413841701966, 0.2478869965633952, 1.201426263383162, 0.29022194629402653, 0.6304828992853235, 0.42153158863512163, 0.04659884419407186, 0.10778701336285845, 0.032974174404631545, 0.03433231940039969]"
NSGA_II,261400,6,4.770510396442479,200.08607249460846,0.0,"[1.0799004284412421, 0.37732499366741834, 0.686206684703561, 0.14583780954557013, 0.8184476214368943, 0.38121493166092363, 0.45991686693631734, 0.3369640468084809, 0.0, 0.23417693682780172, 0.0, 0.10302407024217178, 0.0587871686767086, 0.08870883749538902]"
NSGA_II,261400,7,6.869893450578253,192.57458750003693,0.0,"[1.0799004284412421, 0.37732499366741834, 0.686206684703561, 1.3959425570554271, 0.8184476214368943, 0.38121493166092363, 0.01650953104334733, 0.3369640468084809, 1.2926856425188875, 0.23417693682780172, 0.0, 0.10302407024217178, 0.0587871686767086, 0.08870883749538902]"
NSGA_II,261400,8,25.51392296352523,33.887352672545624,0.0,"[1.3247481227726987, 10.644549765422544, 2.954691543257052, 3.0839882663317693, 4.317513690391208, 0.692222106363183, 1.083870692914251, 0.022088722712056252, 0.4167769124881752, 0.32143437422111215, 0.28222364850408316, 0.2768442523019743, 0.03837830366376783, 0.05459256218135208]"
NSGA_II,261400,9,15.089153949298307,115.09487152999928,0.0,"[1.5828486230446093, 3.5220819377524912, 0.9547348198999116, 1.1850012335684066, 4.683509272133037, 1.2418097571023534, 0.059973491713484706, 0.27235896103117274, 1.0048561601640928, 0.3197361445283318, 0.144926297575873, 0.05244571000589783, 0.026880784056230372, 0.037990756722415385]"
NSGA_II,261400,10,7.772460874280722,180.92719373428216,0.0,"[1.660898560540069, 0.0, 0.3292998800710293, 2.920283327540277, 1.2682852301070857, 0.17499785285057834, 0.4882765568665469, 0.33416705375085193, 0.0, 0.3695679796121817, 0.047963240337266934, 0.091161542365916, 0.0, 0.08755965023891915]"
NSGA_II,261400,11,9.830101949236642,174.47811725970064,0.0,"[1.6849977228971507, 0.3500628938842367, 1.5536347586380024, 1.3581384092136224, 1.3069584098966391, 0.38703701934904217, 0.007986152454343512, 0.34963954142928455, 1.3976832558528038, 0.32102300449501797, 0.789716038019996, 0.17938240362236024, 0.05512979405700596, 0.08871254542713494]"
NSGA_II,261400,12,12.521238588744243,132.51128721303846,0.0,"[2.5205039174505406, 1.4158661078209067, 2.0158519268793995, 3.559993567334473, 1.2089607461413063, 0.5493244432977777, 0.3516493276378396, 0.3442962240392742, 0.041503312298675585, 0.2779033082257423, 0.00024913051937118465, 0.11560247176343665, 0.0543715650138942, 0.06516254032160325]"
NSGA_II,261400,13,32.45424561626376,7.011508767472474,14.832181424952324,"[2.6611071526937056, 12.0, 2.658126316626717, 4.078686639375876, 7.669489513202404, 0.0, 1.1919252978662143, 0.27601377609757166, 0.49326544556695956, 0.4215264848414925, 0.17815023433669147, 0.8228214775081929, 0.0031332781479371506, 0.0]"
NSGA_II,261400,14,20.74517340255556,62.86122104553085,0.0,"[3.2005504753734497, 3.854891958353988, 1.3270879648334368, 2.521900938612722, 7.021476132211438, 1.0639462035462834, 0.5062988322284847, 0.24615589287338274, 0.6077154116242428, 0.31351793891086455, 0.027620439282885656, 0.0, 0.01624503210113308, 0.03776618260325511]"
NSGA_II,261400,15,14.092652007177067,118.11769606227834,0.0,"[3.32375501895174, 3.9016710319198666, 1.3300473115369194, 0.5412710030798694, 1.938898205233272, 1.3992952407074941, 0.8277053575355043, 0.3354978745780659, 0.0, 0.2970904210056702, 0.05262547481989307, 0.016456583570250455, 0.06360105785231152, 0.06473742638621281]"
NSGA_II,261400,16,18.346260283908137,82.82412967020423,0.0,"[3.3525668173934076, 6.266360037317259, 1.9825847393699143, 0.69169255680145, 2.6158811501416985, 0.7667521183149617, 1.104033320769045, 0.1974368179748054, 0.41476303708044726, 0.3289973764966502, 0.30770180998815405, 0.15354561043332132, 0.07505519572601033, 0.08888969610100896]"
NSGA_II,261400,17,18.99382875431583,75.82201360948704,0.0,"[3.742015546465164, 7.184018568705834, 1.5182264361819338, 0.8556487742543517, 2.698363458220633, 0.4940285543237274, 1.3467995801179133, 0.20218343095779462, 0.3384295291884343, 0.34277098683620405, 0.11257437385462202, 0.047464286782489484, 0.02846733414755967, 0.08283789427917065]"
NSGA_II,261400,18,16.78307767721524,91.8617564168652,0.0,"[3.753370291014323, 3.057646850267426, 1.4435924294906426, 2.1584577080114813, 2.9157360929891105, 2.8965644027960877, 0.0, 0.11095664345201736, 0.12996022484411085, 0.12151869882416245, 0.05568768045634334, 0.11689874311138741, 0.0021151761149286958, 0.020572735843216786]"
NSGA_II,261400,19,28.95181911500287,16.751215637659413,8.565785145712674,"[3.879792970188796, 11.965381282449881, 2.420444260068782, 2.7787085587561746, 5.004280273851727, 0.5644506182722063, 0.8497069711264867, 0.04395847518624741, 0.4502533347453504, 0.41296005140643177, 0.09973883743026062, 0.41834655290893674, 0.02624524107282232, 0.037551687538762035]"
NSGA_II,261400,20,24.06917656038854,41.60385726394949,0.7484741012990455,"[3.9128248637047323, 10.77564923759431, 2.5839709629778342, 1.3743003592049177, 2.8612190203852066, 1.1669083372096887, 0.4187593429928578, 0.10390846006163365, 0.2934666021804731, 0.3013527159994629, 0.12146342798007848, 0.06320508617965784, 0.0037189238062881142, 0.08842922011139728]"
NSGA_II,261400,21,26.420051298475094,27.603625560908277,6.679896117776671,"[3.9219173396152205, 12.0, 2.7023840758192943, 2.3235061303604625, 3.7310622711369956, 0.5504704330600851, 0.0, 0.0, 0.49151806876729026, 0.41015133364960493, 0.10097226125461156, 0.12825471422879495, 0.0, 0.05981467058273545]"
NSGA_II,261400,22,36.90714200071676,0.0,0.0,"[3.982130790295858, 8.022828925695528, 3.3931709340936185, 2.5123514808736367, 2.6232796637138955, 1.0803121613678437, 2.3972066704855055, 1.1961453201838808, 4.320388899175741, 0.5101612099165913, 1.8856626519627002, 2.4378678075986158, 2.545546012499707, 8.94728536380675e-05]"
NSGA_II,261400,23,28.391562513800796,18.926267922032594,7.510377435520027,"[4.063243465757146, 12.0, 2.5439611060170826, 2.6441009151468178, 3.7537402626895986, 0.8295324118463024, 1.2179620065061139, 0.23760951671834946, 0.23894472893083743, 0.3601948481453211, 0.20986611657712786, 0.1474790098753163, 0.06474540941186022, 0.08018271617892439]"
NSGA_II,261400,24,15.371275826707498,106.11630488860582,0.0,"[4.227943068076169, 4.4139793947349695, 0.7814894680357416, 0.9949808414708057, 2.8830155280676526, 0.637490696321201, 0.030602859529006553, 0.3192608476696066, 0.9262326024128195, 0.10631979906238742, 0.0, 0.0, 0.0, 0.049960721327140974]"
NSGA_II,261400,25,36.183622698978674,0.6473773010213257,39.29575997957468,"[4.3998767509661025, 11.799530470110568, 4.194900109889319, 4.767505103149099, 8.12199886186439, 0.2516230288585572, 1.0989724646096222, 0.30217379370414316, 0.6334924346476571, 0.4395480659125236, 0.0, 0.12068966996935694, 0.020648557984740468, 0.032663387312597277]"
NSGA_II,261400,26,36.045829707495095,0.7851702925049082,33.470489000753865,"[4.436163642358072, 11.671589509004729, 2.659459281272323, 3.803472350461478, 8.355944484434326, 2.6813779949040883, 1.4420158312125082, 0.24015591639836223, 0.41160761973380267, 0.071908953625482, 0.16822127242267695, 0.08486187052245364, 0.0, 0.019050981144795344]"
NSGA_II,261400,27,36.13471261010857,0.6962873898914168,34.0926693190483,"[4.525046544971556, 11.671589509004729, 2.659459281272323, 3.803472350461478, 8.355944484434326, 2.6813779949040883, 1.4420158312125082, 0.24015591639836223, 0.41160761973380267, 0.071908953625482, 0.16822127242267695, 0.08486187052245364, 0.0, 0.019050981144795344]"
NSGA_II,261400,28,35.073121780703715,1.810916678817616,24.845427759983664,"[4.528411578359902, 11.883600700704546, 1.649960787694025, 4.933590983957985, 7.188830487116748, 0.9678486717773932, 1.1687753912427548, 0.24720341429378526, 0.39408780283814365, 0.33831683959181513, 0.028830589479125146, 1.6830819383990447, 0.02342235502339847, 0.03716024022504799]"
NSGA_II,261400,29,29.3392873712442,14.771915594617386,12.259124877948306,"[4.586804421100425, 12.0, 2.8449901780452205, 2.901980987538418, 4.0729173651733905, 0.3011693980172945, 1.3103326194112614, 0.30530880629934054, 0.374740037630296, 0.3748774446882414, 0.17047297226403688, 0.06650717181733046, 0.0, 0.02918596925894369]"
NSGA_II,261400,30,34.00477041742349,3.9441110230178467,29.870449361751497,"[4.5910598930242505, 12.0, 2.7293404963086125, 4.9890966813153215, 6.811985099722366, 0.4663889810958389, 1.162901843745067, 0.2885926964863411, 0.3316493742994735, 0.36223918231787383, 0.16126933716435712, 0.07659497407916091, 0.0, 0.03365185786482196]"
NSGA_II,261400,31,34.591304326804256,2.765426544869044,23.14134407362264,"[4.622818818009249, 10.452313199181106, 2.5735344343268056, 5.414990119226774, 7.8585603120273975, 0.2629705610763682, 0.7118731233461019, 0.3023635731646071, 0.7076265973395282, 0.9942528582902141, 0.333611316847913, 0.09069428057821197, 0.23765993491244247, 0.028035198477535]"
NSGA_II,261400,32,31.36979385711231,9.231431346276892,19.971117523159855,"[4.632278906179223, 11.907055162070758, 3.0121492284245597, 3.0063281533415243, 5.9328213521074815, 1.3012961168781214, 0.47399806809236406, 0.09070571116411642, 0.6814290500510829, 0.15174927521933818, 0.01819561077967465, 0.10660081964519713, 0.004167342657336531, 0.05101906050152733]"
NSGA_II,261400,33,36.39791965688043,0.43308034311955623,35.82587017327636,"[4.633737157220598, 10.641007147219753, 4.0806483138689345, 5.509304459389836, 8.024192664992372, 0.2982247856527083, 1.2140947005085827, 0.302613444086295, 0.3810848022196989, 0.5979406207378948, 0.28956827903820426, 0.11321195606037845, 0.2831050315667839, 0.02918629431840179]"
NSGA_II,261400,34,35.377790510826294,1.4532094891736982,26.44100994400155,"[4.65155222128965, 10.511409363142253, 2.5740674792519838, 5.396778329573481, 8.256227497905321, 0.26439159808043283, 1.3018727992298698, 0.30015194527661615, 0.7557241157015107, 0.727361078767534, 0.3162904898688219, 0.09428477975167115, 0.19643842051401667, 0.03124039247313985]"
NSGA_II,261400,35,35.64429889845865,1.186701101541349,30.892754007181097,"[4.660434221134391, 11.800850604808844, 2.5757383449745634, 5.349984355436572, 6.7662070909011875, 0.8382387396064203, 1.2198535153927492, 0.2901567653387466, 0.18598979940955204, 0.36332847579854244, 1.416530862409839, 0.1434755821289384, 0.0, 0.033510541118310845]"
NSGA_II,261400,36,35.84100360129074,0.9899963987092448,36.32254596234521,"[4.672771501547196, 11.781938994548653, 2.523106473286247, 5.538575400726122, 8.35244200569287, 0.3032004893784752, 1.2691564686352057, 0.30037421814881515, 0.4138718986447888, 0.3596517327826708, 0.16987995289528757, 0.12322700758181301, 0.0, 0.03280745742260165]"
NSGA_II,261400,37,27.990136100573483,20.324428108729503,5.737600477864731,"[4.6728699005472265, 11.296435128120056, 2.820585420605188, 0.06331380740978798, 6.512200743242715, 0.26907660252418786, 0.7117283908797589, 0.0, 0.8170158196756392, 0.36118992426405594, 0.27619254831153517, 0.09952610082330789, 0.059558732309884926, 0.030442981860142066]"
NSGA_II,261400,38,33.23447013244104,5.474177432376475,5.57826919944862,"[4.677738031815157, 9.51818806254284, 1.2104662047020986, 6.208854029159967, 3.587109859237629, 1.008384401955203, 0.984390948850917, 0.295317863918813, 4.623977030541155, 0.13370380389130984, 0.5203874677384115, 0.3586630024826902, 0.08417172834631075, 0.023117697258533725]"
NSGA_II,261400,39,34.23875316190904,3.457875543028983,29.09199366192029,"[4.693484495557067, 11.955776099370107, 2.806660635477483, 5.255579218805028, 6.220007713460346, 0.24464660952483935, 1.2462168148961632, 0.17290527833176142, 0.38905773033181246, 0.3080874951554809, 0.20204323141387132, 0.7218769934415015, 0.0070289792965110955, 0.015381866847048873]"
NSGA_II,261400,40,32.593506791926096,6.764753924792,18.794072314188675,"[4.719254887921827, 12.0, 1.40778754606744, 3.9097134130517923, 6.189491645757097, 1.8173139789237138, 0.8236487089946276, 0.21382800281450498, 0.9720157691555097, 0.12356967358352679, 0.26276930037155705, 0.10233971388736512, 0.02000664275295176, 0.031767508644178336]"
NSGA_II,261400,41,22.09015677280841,53.653189214005096,0.0,"[4.783468473696502, 4.1162610931771315, 1.7152486045217668, 2.9763382138144387, 5.749190423598793, 1.0798154385947984, 0.4887490143991766, 0.1402145897254216, 0.6481451633534824, 0.22719474901959852, 0.025514851990576085, 0.09201795300202854, 0.002853629196696626, 0.045144574718001707]"
NSGA_II,261400,42,27.557168758549018,22.02989487388208,4.852053272842795,"[4.836933675090803, 12.0, 1.5301547894255356, 1.04202163901937, 4.322810926164237, 1.4757781251705724, 0.8082372723057503, 0.26365769254320953, 0.5878815490291343, 0.3854590381107842, 0.09636034881327651, 0.16415915866675812, 0.011732883217334721, 0.03198166099224881]"
NSGA_II,261400,43,27.06933670275668,25.3670115168726,3.6983776741862187,"[4.86465975781188, 12.0, 1.5140581585624713, 0.5693505654341771, 3.6381212346156846, 1.4839818661556166, 0.9483156550937875, 0.2722177223880982, 0.480641838186527, 0.4683508142132065, 0.06472330255756993, 0.7316999707298295, 0.00394468314433722, 0.02927113386349506]"
NSGA_II,261400,44,30.518919811723215,10.908781887935227,9.926556503203013,"[5.4623307163490304, 9.8702065060913, 1.9758723707618728, 4.457044009566086, 5.070964728895545, 0.5584064317118888, 0.8234978195791338, 0.3020209995389798, 0.5752620346248092, 1.0901342390588165, 0.1396340020058966, 0.10510612776082681, 0.06181831439738111, 0.026621511381649483]"
NSGA_II,261400,45,23.574968600039302,45.021903131371815,1.98884307657908,"[5.526173279169715, 10.402669797409363, 1.1401252882780613, 1.0775829603126517, 2.4924195433748983, 1.0253931311227094, 0.8599857758863387, 0.2178781089628915, 0.08233060864867772, 0.3091479328558512, 0.1743208142499548, 0.15674409208607157, 0.035293444416927625, 0.07490382326518408]"
NSGA_II,261400,46,26.69080762294604,28.678032277396042,2.378351830597367,"[5.81919880250225, 10.27971724877666, 0.7754160476168568, 2.4511036804226958, 2.5868954875965406, 1.0107644078505325, 1.38455322732837, 0.2482564271051494, 0.22568910050971053, 1.2866464143310283, 0.12459765770481879, 0.0, 0.03080932067546563, 0.46715980052596173]"
NSGA_II,261400,47,22.223195362690024,53.26409918164262,0.0,"[5.902590016764993, 6.378818328095065, 0.8291919871356197, 2.308930209450785, 2.9653837472305273, 1.0043861799263747, 1.399019521612634, 0.31564281765316504, 0.4664828053454748, 0.34395871053733484, 0.1209344034543446, 0.12125127436461319, 0.027373980483440412, 0.03923138063565053]"
NSGA_II,261401,0,12.545355217866954,136.0969477321324,0.0,"[0.0, 1.5308537898364905, 6.106287313858622, 1.727709133057608, 1.0211225103265096, 0.16024016492231496, 0.5422116415808035, 0.4781631906328151, 0.21712642689958558, 0.2726985052078066, 0.18997300792450023, 0.17574708735449138, 0.0, 0.12322244626540749]"
NSGA_II,261401,1,12.409838614215674,140.03553700901327,0.0,"[0.0, 4.202655030374416, 2.302949130074621, 0.962990754004275, 2.1988411909026975, 0.23696351718803935, 0.5655619869965044, 0.3374478181325778, 0.429100827707997, 0.6289909241855312, 0.44392401595380204, 0.05035671076624097, 0.014550451354862215, 0.03550625657410731]"
NSGA_II,261401,2,11.539376382027985,143.9890745084192,0.0,"[0.0, 5.063607535971047, 1.8863947293771894, 1.883239437511873, 0.15850131175707316, 0.16295230243012299, 1.052351678577102, 0.48866652015434703, 0.0, 0.42787847379970373, 0.2501963239896999, 0.11222416578324644, 0.0, 0.05336390267658005]"
NSGA_II,261401,3,17.17190426364965,90.98039308896773,0.0,"[0.23228723962225029, 4.704230507026793, 5.367684189773052, 1.7468082353717498, 2.3286556031611454, 1.1311645648463071, 0.583663629947985, 0.3623654892987091, 0.02105614690596558, 0.06104495508291763, 0.3363648760117884, 0.2389382053526164, 0.008502750319728438, 0.04913787092864459]"
NSGA_II,261401,4,13.273483748366852,126.67470454504198,0.0,"[0.3521458190085801, 4.161970448050411, 5.385742591298908, 0.0, 1.0136066094696639, 0.16395225142706166, 0.8511316043989856, 0.43667601324729877, 0.34287943555557887, 0.07373339054105768, 0.25536995763173814, 0.1796488632332913, 0.0, 0.056626764504276804]"
NSGA_II,261401,5,13.012918215965163,130.27795536513582,0.0,"[0.4479146964660119, 4.641042606737083, 4.288801248881808, 0.40513534174142485, 0.6782535543557856, 0.13011202395253574, 0.8436310069627508, 0.31720217709345994, 0.5918722517589572, 0.048952474193765715, 0.39065977614058645, 0.10369975663224315, 0.10771020819733075, 0.017931092851419528]"
NSGA_II,261401,6,14.688285981289177,114.11571103628887,0.0,"[0.48181439830472267, 4.68454907044155, 4.778236350963587, 0.7154725644543493, 1.6472475929482364, 0.22850806973647048, 0.7760849506181884, 0.31747981568982164, 0.45435944468458245, 0.02316233248818747, 0.38804852218095204, 0.16895607464402293, 0.005502606257465601, 0.01886418787704119]"
NSGA_II,261401,7,18.10650659274191,82.95472200878211,0.0,"[0.5503293348197174, 4.127070271389847, 4.988718872786402, 1.6125783227389898, 5.024455757909132, 0.38370771657419855, 0.6185315607524663, 0.0, 0.1020602818624319, 0.0, 0.3764594208099016, 0.28453116682979096, 0.01928653427922422, 0.018777351989808583]"
NSGA_II,261401,8,18.674926007632283,78.40736668965911,0.0,"[0.5503293348197174, 4.695489686280222, 4.988718872786402, 1.6125783227389898, 5.024455757909132, 0.38370771657419855, 0.6185315607524663, 0.0, 0.1020602818624319, 0.0, 0.3764594208099016, 0.28453116682979096, 0.01928653427922422, 0.018777351989808583]"
NSGA_II,261401,9,10.708972465106456,155.7400961209542,0.0,"[0.7258577243118318, 3.500252247950608, 1.3904817044502198, 0.9776329521864612, 1.4101790165886459, 0.23910521281981778, 0.6091349787338711, 0.6238571415780193, 0.6956654974546118, 0.0, 0.3118921497577872, 0.09960758505928122, 0.08615364092658101, 0.039152613288717206]"
NSGA_II,261401,10,13.779462499726828,122.06014154367642,0.0,"[0.7396896619898132, 3.6132921281332653, 5.960802413721336, 1.1519447992260228, 0.0, 0.16749403204899813, 0.7794754528684791, 0.5541083901960289, 0.0, 0.4447842478318569, 0.18284719896986237, 0.05266389806398045, 0.08800340374080626, 0.044356872936378876]"
NSGA_II,261401,11,8.028241324744544,179.93615867047075,0.0,"[0.8570094475284858, 1.7085417867580521, 1.0351089593384852, 1.1129861787761601, 0.9148753513739154, 0.23205877696008304, 0.6167850922088979, 0.6074981590669959, 0.0, 0.46868313098430603, 0.242020729298561, 0.11899572393176516, 0.0, 0.11367798851883479]"
NSGA_II,261401,12,8.14705084029167,179.81734915492362,0.0,"[0.8570094475284858, 1.7085417867580521, 1.0351089593384852, 1.1129861787761601, 0.9148753513739154, 0.23205877696008304, 0.6167850922088979, 0.6074981590669959, 0.0, 0.46868313098430603, 0.242020729298561, 0.11899572393176516, 0.09542500166703223, 0.13706250239892886]"
NSGA_II,261401,13,9.969388976293489,161.6841764378857,0.0,"[0.8609875147860333, 3.4966996154383727, 1.0450325357854342, 1.0303603012785767, 1.1219829827736476, 0.23107170855880702, 0.6178454321174291, 0.606264662679334, 0.03375593489321324, 0.2612111230620331, 0.31093403972317984, 0.10069405579973965, 0.09594919859745783, 0.15659987080023302]"
NSGA_II,261401,14,20.555104941917882,65.44483076371617,0.0,"[1.0859635656392808, 5.099912088683919, 5.898963240277898, 0.8756627380126004, 5.013145921282921, 0.9871328425657776, 0.6356365971263429, 0.0, 0.23238508344989267, 0.0, 0.3812838822113502, 0.2596167849995909, 0.048551698950825735, 0.03685049871748764]"
NSGA_II,261401,15,17.491579499743374,88.41465756596754,0.0,"[1.4047006676096685, 3.39066533305612, 4.353315931385102, 2.7958841478493714, 2.908483799613563, 0.24120539826450585, 0.8327450829815415, 0.38084707750815844, 0.9158248638676636, 0.16740400044318643, 0.0, 0.07195265801212834, 0.017777029007433977, 0.01077351014492836]"
NSGA_II,261401,16,21.37403699938066,59.62751635036014,0.0,"[1.5331055894548462, 5.571998675708829, 5.8110799600531555, 1.1132557784000976, 3.063984278994682, 2.0643177826342245, 0.7062023919196043, 0.6126321086799478, 0.0, 0.41757225718086327, 0.22559093060175392, 0.12196271732906105, 0.0, 0.1323345284235938]"
NSGA_II,261401,17,9.090361664685771,171.25935039552442,0.0,"[1.8747481686475553, 1.4759386362052307, 1.2865067389044476, 1.1387224927813318, 0.6130532626083883, 0.15578794791916517, 0.6225680599149699, 0.6704909923718572, 0.0, 0.8059908033881653, 0.2212299280686904, 0.042394905050956985, 0.13164824157232416, 0.05128148725268923]"
NSGA_II,261401,18,9.649022947193963,165.87583671251366,0.0,"[1.9897324681351742, 1.3965479130141834, 1.5983427846183695, 1.1988566377088354, 0.501388617631257, 1.1398103240066124, 0.09531555851646922, 0.08137215236974493, 0.633205784345958, 0.7547045833516837, 0.04739354359472972, 0.0, 0.17461764608348193, 0.037734933817464913]"
NSGA_II,261401,19,31.241478200484114,9.464118012249724,29.426442537717627,"[3.7256936552611055, 12.0, 9.179451352942731, 1.3645006469994556, 3.207467702855169, 0.1963632458736147, 0.9278916531268038, 0.16041178024029146, 0.05071040511051253, 0.11430075562139586, 0.12503202365998262, 0.16258056557510298, 0.0, 0.027074413217952346]"
NSGA_II,261401,20,25.770809910409298,33.31049617033932,0.03839410413442579,"[3.778484867544495, 7.006425418873871, 5.679937326896384, 1.7432803054765498, 4.67226618534312, 0.0, 0.16327101331782445, 0.1499858722643499, 0.04518847419511725, 2.2160258755461464, 0.13862995723076, 0.11329346868849349, 0.04591628843891714, 0.018104856593268027]"
NSGA_II,261401,21,22.857092349066832,51.840297606354326,0.0,"[3.8289358139757836, 5.341890808463298, 4.050722414200735, 1.8647924253903954, 5.026087388345431, 0.06283800565125812, 0.0, 0.29192137734876267, 0.0, 2.0058473198736153, 0.23370186889300676, 0.07663083122685926, 0.07372409569768584, 0.0]"
NSGA_II,261401,22,24.576776441472386,38.46217417187567,0.5435622734823653,"[3.8509321204725637, 9.378460196996063, 4.7518268791152165, 1.2921238803146913, 2.876027925813903, 0.20030467063272117, 1.3078142826418007, 0.19275399093273496, 0.1082421067417415, 0.40183539240200156, 0.11047363378119196, 0.0, 0.05785664739319725, 0.0481247142345588]"
NSGA_II,261401,23,28.439302594468547,18.535581339488132,3.3466590934919083,"[3.863387154326935, 5.355465535258297, 6.1118237059147305, 1.5049531568266445, 8.190023981886208, 1.8953520250662899, 0.5286559565685047, 0.0, 0.41836856599250083, 0.0, 0.34857017544540414, 0.17515764709338832, 0.0, 0.04754469008964296]"
NSGA_II,261401,24,36.92828254719073,0.0,0.0,"[4.454800924894096, 3.3731535533288874, 5.601525355227576, 1.416478612738579, 3.1846497815876567, 2.1418875380792763, 4.859941238428434, 4.059279208980316, 1.5270247458737616, 2.523520689662416, 0.9533309219639459, 0.857264172175612, 1.765889310511189, 0.20953649373898986]"
NSGA_II,261401,25,33.416750015239984,5.236766566400952,9.00631802129373,"[5.024139693934247, 7.287485587060984, 7.963259100784661, 1.2739491577729845, 4.1803242336789985, 1.035284553497234, 0.3953286835497445, 0.3320958804287989, 1.116585974541695, 1.8096608196813104, 0.6211004271913763, 0.36870078914791016, 1.8585685170891104, 0.15026659688092964]"
NSGA_II,261401,26,36.05855183060027,0.7724481693997305,44.39178787772095,"[5.069454466094854, 8.753697473530849, 10.00540730407419, 2.7081752656879736, 7.236644152500294, 0.5180069874199678, 1.053100051857007, 0.18275841110663527, 0.07657416826013258, 0.14573052696738883, 0.19522557043653394, 0.059391454824962636, 0.044958380312294675, 0.009427617527185784]"
NSGA_II,261401,27,32.429642792322504,7.0706214805323775,24.6103570751929,"[5.0888133579496575, 7.58398288399656, 8.491966593317397, 2.6014822940999753, 6.432124261629018, 0.48057639440989514, 1.0735726474351956, 0.2069970684951561, 0.025619781131593657, 0.15443534858104538, 0.20707996827713657, 0.07308512782245502, 0.0, 0.009907065177429501]"
NSGA_II,261401,28,15.95866123620929,103.14933892293155,0.0,"[5.129724906718471, 5.361238289102931, 2.249747499900136, 0.0, 0.7897825323137304, 0.22735453294601177, 0.6492915608459209, 0.5619463712697923, 0.08396674606440437, 0.43892168538109777, 0.21825383913405963, 0.13360830511006097, 0.0, 0.11482496742267198]"
NSGA_II,261401,29,24.728970162967112,37.518704975828726,0.9789142440258374,"[5.268101636026769, 6.231189814568468, 3.7216930669844137, 2.140647056491553, 6.4592826699546295, 0.0, 0.07876872289081183, 0.2619824941437987, 0.014153481615341948, 0.20417500287503756, 0.2345854955820949, 0.07726174680864954, 0.026250155961504405, 0.010878819064039614]"
NSGA_II,261401,30,36.11509666728772,0.7159033327122906,40.50882383587187,"[5.4881604684244625, 8.385155686770798, 8.622029794167377, 2.9512391679211007, 8.083403820870585, 0.030507036968552004, 1.5546523719486016, 0.15611116180537274, 0.07259678255351946, 0.24969757694780723, 0.19298459941399435, 0.16827295550916116, 0.1533108198849284, 0.006974424101455987]"
NSGA_II,261401,31,35.430979465150514,1.4000205348494994,38.77115916481773,"[5.504297911191565, 9.107709245728135, 8.16653052229001, 2.0633016309671284, 7.9883617069790755, 0.699054765651596, 0.9263022883046776, 0.11820207632371538, 0.07954777682465304, 0.2514103477121156, 0.194915865538916, 0.17123217679157204, 0.15301778415643008, 0.007095366690916697]"
NSGA_II,261401,32,36.64749277674243,0.18350722325756053,31.481116781732005,"[5.620389857532551, 8.860336779320829, 7.244661663832472, 2.3322382260485313, 5.519252618746446, 2.5040899438821995, 1.3034066457850293, 1.6407756123184194, 0.7356314082017514, 0.0, 0.5534148019886952, 0.18749301341257116, 0.1327382549344936, 0.013063950738443544]"
NSGA_II,261401,33,31.979314276519464,7.985879455848213,15.94200211396187,"[6.423329753827457, 5.434608708739263, 6.8343486843176775, 1.3486783997611935, 9.721437387379128, 0.11057837201527833, 0.9863838743272157, 0.4277844174711294, 0.018677189973163026, 0.06941500920775823, 0.018559268060569664, 0.016679526380412993, 0.5443256761720822, 0.02450800888712701]"
NSGA_II,261401,34,33.88446953008625,4.180558648348498,13.151499583831942,"[6.458426084236769, 5.412647031322773, 7.456781354131998, 1.3162501299993448, 7.374604329868484, 0.10509431235987715, 2.199225101051657, 0.2888112064905435, 0.0, 0.0, 0.7974425587205356, 0.0, 2.4456897133832602, 0.029497708521007592]"
NSGA_II,261401,35,29.934692710457664,12.715706940775473,5.594253724916282,"[6.593493139107681, 6.64425978734858, 1.3556868712589552, 1.9836626915245597, 9.002155940891246, 2.1437065158014765, 1.1440654029202437, 0.33158965523341766, 0.13681627979765718, 0.16055089918059495, 0.1846626133633253, 0.0759985824595031, 0.13065379456461196, 0.04739053700580931]"
NSGA_II,261401,36,32.99770731249862,5.948891082813606,21.906405150028,"[6.856353353958155, 8.130318686613236, 8.46990455023525, 0.14481309910458462, 3.4204143176103226, 2.234392003065753, 1.5535708000426327, 0.0278480504883227, 1.3614761269395177, 0.25822568979843363, 0.154286756275416, 0.18194470011228697, 0.17985347044387667, 0.02430570781082353]"
NSGA_II,261401,37,35.946551890307845,0.8844481096921406,42.4395959347591,"[7.169714704517232, 8.80837516881409, 7.181334631015999, 2.1093497399159626, 7.910952630089193, 0.09130461574139714, 1.8123996404025675, 0.265686687377915, 0.06670490361314724, 0.14215799154802863, 0.14029203738019735, 0.16525093297316107, 0.037916680462451106, 0.04511152645650107]"
NSGA_II,261401,38,29.32745640864763,15.01888525319762,12.264016206375349,"[7.39170286598488, 5.792929035506767, 7.936190528889481, 0.0636737066574354, 5.877208449669023, 0.8640795553923006, 0.33142476804828636, 0.0, 0.4908185699718692, 0.1002802476693013, 0.19502467275047772, 0.22876474492687512, 0.04113164668152022, 0.014227616499415285]"
NSGA_II,261401,39,36.85303287063025,0.0,36.278340117229455,"[7.462127744753983, 6.856512380229881, 8.300280012891239, 1.1226673824760127, 6.271492909975255, 3.3001944634811506, 2.248143611135198, 0.0, 0.23216568038798807, 0.2593329252831343, 0.16086009134626297, 0.17877131568885626, 0.4575583438649334, 0.0029260091163602385]"
NSGA_II,261401,40,30.53866413545235,10.86960147025982,17.598913406103907,"[7.776950609019644, 5.664954029630068, 7.827669593049698, 1.2991202798025787, 5.5863409106848865, 0.9135606795665931, 0.7544170372086823, 0.23546450596950053, 0.0, 0.06418181083525905, 0.18066455389450145, 0.18176229000209682, 0.02664809462430457, 0.02692974116454167]"
NSGA_II,261401,41,19.53416728314301,71.447063975972,0.0,"[8.013857935226554, 4.148454786398092, 0.34222872825892736, 1.1801152341580954, 3.7375343503648817, 0.682474334011159, 0.8336664824816111, 0.10655553161648634, 0.0, 0.11468471892725349, 0.08538213584657779, 0.24326987684453855, 1.9408852345732383e-05, 0.045923760156486255]"
NSGA_II,261401,42,29.28577806049576,15.167205425976562,14.6560073187521,"[8.116825517866772, 4.887798842902764, 8.950819942954581, 1.4039994196040293, 3.761051211158328, 0.16160605675806675, 0.9424223747243017, 0.3058281223952778, 0.08009299771765054, 0.3083108618166896, 0.12065174538267225, 0.18177826930463084, 0.04023869507502635, 0.024354002834970006]"
NSGA_II,261401,43,30.99722636334481,9.965938770472661,19.715297632104825,"[8.21498314545184, 7.133487534745004, 8.58978205585326, 1.1886544197397861, 1.3715212367852296, 0.514905658567012, 2.002570565208621, 1.0827459988688752, 0.40758543932752744, 0.0, 0.06481510755347682, 0.2156252449683952, 0.17015845911349814, 0.04039149716228667]"
NSGA_II,261401,44,23.756556913311737,43.317678378380265,4.668058039760808,"[8.22770541851059, 4.858040030465309, 7.026070226599739, 1.1554266886095546, 0.0, 0.253976099224816, 0.7596972620279407, 0.5452310262605373, 0.5546726169808047, 0.05058744318815111, 0.10291933058248218, 0.15678054115047027, 0.024999018110635207, 0.04045121160070604]"
NSGA_II,261401,45,35.85648522691554,0.9745147730844614,31.930653337866282,"[8.524178219867602, 6.004637154474158, 7.576491106884823, 1.1132136882655614, 6.54774271687546, 1.9390628495222146, 2.7131687368965274, 0.6194337449756966, 0.21814158866239747, 0.2611280986768423, 0.15701288771882763, 0.18227443409542862, 0.0, 0.0]"
NSGA_II,261401,46,31.556767034114152,8.83074910529108,20.525581883189254,"[8.90024126415965, 5.991369951684295, 6.7345781182005116, 1.0769010662318619, 6.460839393193933, 0.0, 1.0389015526137642, 0.5332105403749802, 0.08888156376587979, 0.28276607728794756, 0.1553520468447976, 0.0, 0.2694422862371234, 0.02428317351940802]"
NSGA_II,261402,0,8.125115077405829,176.39604288496446,0.0,"[0.0, 3.177946483904125, 0.7792400888344625, 0.2679350272923716, 1.5341200861063462, 0.8791455476946328, 0.9901275611792371, 0.0, 0.0, 0.1318992809420535, 0.0, 0.1315731100597444, 0.0, 0.2331278913928538]"
NSGA_II,261402,1,15.44295456259345,106.3999021334895,0.0,"[0.38152525042162155, 4.1134828732913356, 4.266444055902125, 1.2189131499238406, 2.850272860534797, 0.9469828961936854, 0.7298205788255685, 0.2369165077272279, 0.004989566433745686, 0.2283478439406489, 0.06327578243826736, 0.1783130122798807, 0.1269754953342381, 0.09669468934646905]"
NSGA_II,261402,2,11.315015415390308,147.24752441847605,0.0,"[0.40951159326940456, 3.1128376408901524, 3.5666398429248356, 0.1810212722335271, 1.570730536682109, 0.15088920409390116, 1.0034121175169584, 0.5814565676101494, 0.0, 0.06844365311332427, 0.564625589728862, 0.1006223069640558, 0.004825090363030238, 0.0]"
NSGA_II,261402,3,10.431848613449677,155.33321216936594,0.0,"[0.4632832922628034, 3.0022150936794207, 1.1097212680904929, 2.160579375817727, 2.279640236718702, 0.48216727381194774, 0.0, 0.19166857767108159, 0.01876083383800256, 0.35497731935490906, 0.13030915351509925, 0.18980060931990003, 0.00623346619197705, 0.04249211317761305]"
NSGA_II,261402,4,9.91294049443237,157.95494233800227,0.0,"[0.5154392196067135, 3.454618692569567, 1.4018173298224794, 1.5146150858289675, 1.7369515094895998, 0.44142961408102743, 0.020965667348491947, 0.06967406379392074, 0.0, 0.22706764265411417, 0.13762156136091488, 0.24413958596966584, 0.016187701345327273, 0.13241282056158032]"
NSGA_II,261402,5,9.619425582984695,167.2046509964764,0.0,"[0.6517514534302622, 1.8053901420831744, 1.5668774931603422, 1.8657925080940752, 1.6366374165693987, 0.0, 0.4527641083321732, 0.6237844234697416, 0.0009394228920584502, 0.4959685100382556, 0.22055402744007324, 0.2541331516256174, 0.02256773166456675, 0.022265194184955997]"
NSGA_II,261402,6,9.149531612299919,171.7834401991351,0.0,"[1.0268379489527533, 3.037085162455729, 0.6013820232340712, 0.0, 1.612375638502422, 0.0, 1.0187904623642425, 0.6888009112821327, 0.0, 0.5227686971066549, 0.5439670084828729, 0.05281945470866119, 0.03928406657703143, 0.005420238633347228]"
NSGA_II,261402,7,18.2581477428561,81.33846928551118,0.0,"[1.1164068014394957, 3.6872506862248926, 4.22842348495412, 2.6315797711182487, 3.8242054814954667, 1.7822086768042367, 0.030509332532513422, 0.32873189970747463, 0.015564594871000481, 0.19316177755315636, 0.13291671934830357, 0.24249130576565225, 0.0196990772611899, 0.024998133780344597]"
NSGA_II,261402,8,11.874031439739039,139.72757562966402,0.0,"[1.254822386461837, 3.1186941475382466, 3.1969529735287425, 0.8273908029409882, 1.61092408418326, 0.0, 0.7557198629186662, 0.0, 0.0, 0.4227725327024292, 0.5772703747453138, 0.051610430263801174, 0.05724738940409012, 0.0006264550516628622]"
NSGA_II,261402,9,23.21877863797661,49.53059366832987,0.0,"[1.3416738272833006, 3.7698050151778806, 5.221197510138844, 5.086767046336977, 0.30162257845887064, 1.7207689698456752, 3.04962904475012, 0.23605550932151853, 0.1802412643966843, 1.9435921909086131, 0.0634220487314599, 0.17747881685227013, 0.1167118202976277, 0.009812995476765021]"
NSGA_II,261402,10,13.234241218930055,125.29569854870681,0.0,"[1.493916497511828, 2.5997304558826126, 3.169707206736745, 2.4374258547217638, 1.6094658589989046, 0.6928469667957184, 0.0, 0.541820919728406, 0.184495440030019, 0.12505189457431345, 0.24922714928310571, 0.09711397279581223, 0.03343900187082395, 0.0]"
NSGA_II,261402,11,14.280021659652334,115.88367458220628,0.0,"[1.493916497511828, 2.5997304558826126, 3.169707206736745, 3.483206295444042, 1.6094658589989046, 0.6928469667957184, 0.0, 0.541820919728406, 0.184495440030019, 0.12505189457431345, 0.24922714928310571, 0.09711397279581223, 0.03343900187082395, 0.0]"
NSGA_II,261402,12,24.616689997709074,37.81287239148503,0.0,"[1.519124715956972, 6.788281014175006, 7.327617487968315, 1.1200846525212727, 3.5239877292495314, 2.2459019459602425, 1.2431743212918485, 0.25088564959255244, 0.1830173062521603, 0.27595201102459477, 0.05869181537509481, 0.02993843355944038, 0.048303138623915005, 0.001729776158129328]"
NSGA_II,261402,13,12.778455950536038,132.76129048791816,0.0,"[1.544630181296141, 2.6405026103825766, 2.4664533882332593, 1.983911162379895, 1.6332658317270778, 0.42115451246525054, 0.6249691111348812, 0.6087103213571929, 0.13829477441409282, 0.101942662907966, 0.5020484692716658, 0.06751276141484075, 0.04005567618447729, 0.005004487366720573]"
NSGA_II,261402,14,15.710315473901499,104.61523942369433,0.0,"[1.5721599337818208, 4.225303920899808, 4.469285407635821, 0.40703461434970567, 1.760730135914818, 1.366429708488093, 0.9242595014050319, 0.27916745137152243, 0.031109754489334545, 0.21965157009823555, 0.05564671345403294, 0.18564082152478661, 0.14218326694599778, 0.0717126735424905]"
NSGA_II,261402,15,29.371962144148615,14.60797192221423,0.4304109387722477,"[1.73099589256646, 6.409351072793733, 6.059697676932158, 5.264805022174571, 3.4487116098384125, 2.049817665891931, 2.677774112457467, 0.20798504315308822, 0.40124615820752546, 1.0058406072905952, 0.05364197927273164, 0.017007837409645767, 0.03144973708183188, 0.013637729078462873]"
NSGA_II,261402,16,27.575805254990975,21.77439429263386,1.4295448955629553,"[2.0135687181916286, 6.322250818205704, 6.443206111766273, 5.279504099000467, 3.260485401234823, 1.4378226991807863, 2.217607216735487, 0.22385922274005196, 0.17316839211645574, 0.09990428983677468, 0.05400462981259769, 0.0, 0.048655655912002424, 0.0017680002579173607]"
NSGA_II,261402,17,36.836348766483496,0.0,0.0,"[2.330924276535508, 2.7703507938133467, 4.497107032023225, 4.308760767081939, 2.1848706691543835, 0.17817405978223122, 11.107238151411286, 1.6192831705066775, 3.8284745305335792, 1.3379421249619323, 1.3322395724366773, 1.1857547587981077, 0.13842737473076006, 0.01680148471384626]"
NSGA_II,261402,18,14.969176183499936,111.03254027270374,0.0,"[2.5383553230721847, 2.511371531524344, 4.284920965631016, 2.115911210926009, 0.8434282817844082, 0.7919257499359061, 0.8713102377706026, 0.1596753919777199, 0.05457563252521412, 0.42307247287242056, 0.20997196374150412, 0.1072025280278994, 0.0532604113367049, 0.0041944823740046305]"
NSGA_II,261402,19,30.499366258335762,10.958098561300062,5.819288136517674,"[2.5617759378185037, 6.778748875419526, 3.9489906239049954, 8.215897386978014, 2.5507323486943063, 2.6916924162318443, 2.4430549614869164, 0.13642369760148085, 0.5388988010219182, 0.2137661539967127, 0.12247885501584213, 0.243686398707555, 0.016388723486551772, 0.03683107797159339]"
NSGA_II,261402,20,17.463198886914412,87.24657978090781,0.0,"[2.8707192196710043, 3.489937849990549, 4.757823911660875, 2.2551586420582104, 3.135391386430419, 0.19321966249704642, 0.0, 0.15870051827440845, 0.0, 0.2651825553449862, 0.1396749461885166, 0.17211826163068852, 0.025271933167708233, 0.0]"
NSGA_II,261402,21,35.97016019603494,0.8608398039650638,11.267251009415489,"[2.897796172040977, 4.5391929089914145, 5.7809901943882025, 6.3519314366903386, 2.298673859737667, 1.5415434835915407, 11.725467888601981, 0.1311484092203179, 0.32016960139552814, 0.0683331591050008, 0.0, 0.23794383424572485, 0.07688045561091333, 8.879241533352308e-05]"
NSGA_II,261402,22,16.976669970183956,91.5730001129236,0.0,"[3.050534660257776, 2.8523699032432974, 4.078382596827924, 2.407273360192444, 3.0993554096030946, 0.5405277697952492, 0.0, 0.1802844017860211, 0.03168010442047803, 0.4354562413943779, 0.10738015783246876, 0.1870758227802477, 0.0, 0.00634954205057723]"
NSGA_II,261402,23,21.061294851440934,62.3556340158694,0.0,"[3.297217510758313, 2.947235403598808, 5.993231617032021, 2.5243591087204855, 0.5911997738148426, 0.956988190733336, 2.245968522928584, 0.916332785772266, 0.3712177162615736, 0.8714836125128569, 0.18019400084640752, 0.15140201017772686, 0.014464598283717428, 0.0]"
NSGA_II,261402,24,25.94251166795529,30.447442049700733,1.464506046515936,"[3.3663730721034906, 9.684545759519786, 4.300824571826041, 3.218762643066624, 0.7178680501468122, 2.1394896081638577, 1.4809920286383975, 0.1819500356283452, 0.17461684443583453, 0.39414585086912884, 0.02762699977592143, 0.20525106490397244, 0.040966682085820355, 0.009098456791256607]"
NSGA_II,261402,25,35.676257896899756,1.1547421031002507,3.6532302773812972,"[3.404861936158363, 3.068957773607563, 4.586388806231321, 5.967032673866171, 3.467315396012924, 0.29539143756241054, 10.686825722269134, 0.298682785965537, 0.9869177058103, 1.3190338463663196, 1.0794370311562969, 0.49894952333189546, 0.0, 0.016463258561522438]"
NSGA_II,261402,26,33.385584788328096,5.1488304233438065,5.844294146874681,"[3.4077209044415016, 4.641870070855954, 3.5952059609315303, 4.80306200983274, 3.7206752743219633, 2.6234677438515828, 9.86503859012683, 0.12921303815047405, 0.2770805159948251, 0.20540332709748846, 0.0, 0.0, 0.1168473527232057, 0.0]"
NSGA_II,261402,27,19.393432261756622,74.93818113924105,0.0,"[3.4828239334426794, 2.9261277381216377, 4.764955015665578, 2.340625156573031, 1.7132771104175215, 1.0420201638165878, 0.9209967093581142, 0.7625237842759864, 0.24727934572212346, 0.5423273031613042, 0.5171984145087061, 0.09602249565933405, 0.03511692547962525, 0.002138165554396462]"
NSGA_II,261402,28,34.28301522190906,3.3569225478641798,29.111564197082465,"[3.5092079103219422, 8.97959838874258, 5.893981054307007, 9.862089288938627, 0.9941223445612559, 1.8909578745521924, 2.294563070196976, 0.1759044898646389, 0.2491068692557886, 0.0777090341001962, 0.10561648955016739, 0.20079626056980265, 0.04640915526557359, 0.0029529916823160494]"
NSGA_II,261402,29,32.23018841947466,7.459945827985365,16.815747044171978,"[3.5100881663089334, 6.665523873776557, 5.2467852681921885, 10.32031787558983, 0.7275220082744953, 2.561008796562542, 2.2213026907534146, 0.22515675575464586, 0.314366925710033, 0.17908852498878544, 0.02797423591818754, 0.23073063071038385, 0.0, 0.00032266693466139043]"
NSGA_II,261402,30,33.06578364497496,5.790155082082418,19.530077349433135,"[3.6737842413926813, 5.979629226813613, 6.210201438099831, 9.011442741239525, 3.1787660568271923, 1.5786238649010929, 2.4287200538875453, 0.1514131819177585, 0.26424519805654245, 0.12465786275074356, 0.16446427708392905, 0.20335346786094544, 0.09475966211121803, 0.0017223720323397739]"
NSGA_II,261402,31,32.736701123948876,6.449328428679635,17.488248836203688,"[3.686543932557893, 5.646719562175452, 6.208408317730531, 8.880025105708308, 3.2580934630319547, 1.5094935143732868, 2.492378616594554, 0.13915261690596886, 0.4662435806419157, 0.1752627557313155, 0.09896805061943081, 0.08186232600535615, 0.09081860529551375, 0.002730676577395936]"
NSGA_II,261402,32,31.10076674201164,9.7869955936286,4.471642837246538,"[3.691561347241928, 4.359401466121292, 6.3320632762985944, 6.080288485950428, 4.280681072422575, 1.479165823434397, 2.49900967066106, 0.33865973145688033, 0.4646458696251548, 0.15541072580448734, 0.07110826203063197, 1.2447912548956759, 0.10345494736922325, 0.0005248086993102211]"
NSGA_II,261402,33,31.774321975811205,8.376627450750739,14.10367109553934,"[3.7729509280293865, 6.889638884060584, 5.082146995028722, 7.560038508427299, 4.084681857604818, 1.3060412395307706, 1.6994417814793752, 0.21297980882646286, 0.40725710544963156, 0.2909096994268166, 0.1255369027146988, 0.23279038098145183, 0.10463648187803277, 0.005271402373157978]"
NSGA_II,261402,34,16.155841471959263,99.03297061630765,0.0,"[3.7974812451536746, 3.6259880626778616, 2.2108739713605763, 2.3545574782368988, 0.7603707380045251, 1.5700697910599164, 0.9108709249071377, 0.35375270802766745, 0.16164686420087712, 0.22529973110521018, 0.0, 0.1473828742716231, 0.03137440786748664, 0.006172675085809789]"
NSGA_II,261402,35,32.98915295016615,5.942597999477115,20.040944649766992,"[3.805500369953765, 5.946587854378756, 6.210481146182418, 9.049196442153601, 3.1370874556867454, 1.693449097628351, 2.246258158244911, 0.1659021543024276, 0.26153551882166337, 0.12123136810923492, 0.10572559029134054, 0.19643183161175592, 0.048862062991744365, 0.0009038998094386679]"
NSGA_II,261402,36,35.04086243335556,1.8382751332888851,27.12423813541195,"[3.826088374002679, 6.656743097585185, 6.194068339683472, 9.523453647566031, 2.418455277544305, 3.0245156111872853, 2.2203111091465053, 0.23948067919307883, 0.46118277761705345, 0.12295318003173923, 0.12247459275493668, 0.23113574704329282, 0.0, 0.0]"
NSGA_II,261402,37,34.890537742100896,2.1411257895357956,30.5416236119055,"[3.841500006361373, 7.624038668234194, 6.098166757960385, 10.075917956233173, 2.345774172761141, 1.8138317467867255, 2.3035603457307023, 0.2167940450937197, 0.16563201305846925, 0.07494315194558944, 0.0813989846916118, 0.1994660921969691, 0.047312527309256086, 0.0022012737375828387]"
NSGA_II,261402,38,34.10361013329919,3.7279262465674883,22.435126447485835,"[3.929809626966373, 7.836678076513829, 5.083864230024259, 6.165207328448867, 6.507372048881113, 2.4399764242668853, 0.5815263268057453, 0.14986001578256175, 0.0, 0.5063362324371503, 0.5945182424762234, 0.16223511318809108, 0.1310799543421988, 0.015146513165895357]"
NSGA_II,261402,39,33.705546704071004,4.5264037144544,8.324438456738697,"[3.9318945558049525, 6.440074658859503, 6.1191649695219255, 5.3652567074146225, 2.1837355377444645, 3.2372373586519596, 3.5541935597973566, 0.14110236413130428, 0.45679928890681304, 1.9448912430165461, 0.044960596597600155, 0.25807173858453336, 0.010667002442994844, 0.01749712259643081]"
NSGA_II,261402,40,26.637736987915975,26.306701970579738,3.8434535819457096,"[4.046221284981994, 7.75923615276864, 5.131903977404176, 5.9247989640468965, 0.0671328235423001, 1.5653966338226561, 1.0292809313849016, 0.21942077306014318, 0.1747218873285862, 0.4232250952285864, 0.041903640196093495, 0.23661375492964648, 0.0011550884408633444, 0.0167259807804933]"
NSGA_II,261402,41,21.54272564167608,57.31135727373934,0.0,"[4.135826270239594, 4.987021731008229, 4.252381623617875, 3.3942505722339114, 1.303272569618807, 1.7971061611586614, 0.8505859479010864, 0.30110381674630937, 0.007474590860827782, 0.19863276465950017, 0.05356209523753595, 0.2380173153914892, 0.0, 0.023490183002252932]"
NSGA_II,261402,42,31.83018329084483,8.275585992395126,10.268672285761067,"[4.277647817183832, 7.725049583902681, 6.124089596969691, 5.2457431348524715, 2.107404628339668, 1.539709758411151, 2.5361313542288793, 0.17827882283024404, 0.34223101746349627, 0.18505235963047226, 0.015803129027748324, 1.4686827618000158, 0.06840675211969581, 0.015952574084785717]"
NSGA_II,261402,43,36.34674863323678,0.48425136676319624,11.889737439828743,"[4.303869333576748, 4.539627642215606, 4.9765279508821685, 6.160377611332853, 2.76737674599993, 2.722409878720427, 9.800995929330085, 0.07196471770571647, 0.3898605006733027, 0.303083476060326, 0.0, 0.1753752353866415, 0.13526984294624192, 9.768406743781321e-06]"
NSGA_II,261402,44,32.45894241263384,7.017982299477307,9.561958857447024,"[4.492793886566563, 6.707288214767421, 6.063960995005624, 5.194906489041632, 2.1816029785436184, 2.7522756564470434, 3.3578002673971272, 0.13928902388108777, 0.44534340386134674, 0.8944557459784813, 0.05289965503286109, 0.13460741543305255, 0.02585155593299021, 0.015867124744991638]"
NSGA_II,261402,45,36.468132677628496,0.36286732237149977,12.829921793306887,"[4.5126877136772805, 4.581494149468356, 3.874338771234639, 7.86178793815394, 2.45138365074826, 2.5502667005377555, 9.032538218804099, 0.4619677884213237, 0.3075357359379163, 0.2968267043806522, 0.1657958468128115, 0.23850636155564064, 0.10378273633977907, 0.02922036155604255]"
NSGA_II,261402,46,34.48828267777626,2.944248903701336,23.566726560550435,"[4.696722581266543, 5.744547215419294, 6.209843458551093, 8.916291658478182, 3.270900695629144, 1.72491818516216, 2.312539067838373, 0.15126651829510754, 0.43671119945052134, 0.6842986907311366, 0.10268351107626313, 0.19002105113873252, 0.04672458548587274, 0.0008142592538261787]"
NSGA_II,261403,0,10.695250751469459,153.2076473647743,0.0,"[0.0, 3.379261910707993, 3.2129737561097196, 1.1644133661977296, 0.03510332834530031, 0.45258939375568874, 1.4785599209000195, 0.027973136267145843, 0.5654381432260465, 0.08769558959673829, 0.12358629383331295, 0.06357348994245862, 0.00031543530775324604, 0.1037669872795541]"
NSGA_II,261403,1,9.978250136064515,162.32942205686948,0.0,"[1.7588377527367134, 3.2338447655548963, 0.9588009442052168, 0.5235619799830322, 0.07352725281448969, 0.0, 2.210263836579805, 0.0, 0.8275718928013004, 0.07216359840142256, 0.13625550207999784, 0.08592121207060678, 0.0, 0.0975013988370359]"
NSGA_II,261403,2,13.36529525854801,135.66269618214335,0.0,"[1.9818614658601659, 3.8566130163287857, 0.6382639636612162, 1.7381850856663053, 0.6089804289339315, 0.0, 2.5575965985939044, 0.0, 0.6484524026625046, 0.006595593801054692, 1.164823450060769, 0.04929201460060367, 0.007094623752240915, 0.10753661462652692]"
NSGA_II,261403,3,11.798182503082455,143.9016040652604,0.0,"[2.0596157809634437, 3.210311320666757, 0.9638711487504483, 0.5746409326346584, 1.926964797605542, 0.0, 2.151499927046389, 0.4953423145745613, 0.015064542572393327, 0.1406248581306124, 0.0, 0.15590027346175517, 0.0, 0.10434660667589336]"
NSGA_II,261403,4,23.00014993620304,50.02361395778081,2.976754597243392,"[2.1129332092848663, 9.925063482191176, 7.571713693809553, 0.468333826672203, 0.0, 0.0, 0.9063135838456992, 0.002693288093732482, 0.593562754885494, 0.9855021715864065, 0.138920555568834, 0.07345780423314939, 0.03242986668688003, 0.18922569934504554]"
NSGA_II,261403,5,14.329636578023788,117.25838191901427,0.0,"[2.3394068643694688, 3.432404163930207, 2.7832589102530587, 0.6733824885747617, 1.7140375465206854, 0.41966847567101473, 2.128779444843075, 0.40573442423282974, 0.10003455421539784, 0.15784975339110674, 0.022266164799675414, 0.15281378722250616, 0.0, 0.0]"
NSGA_II,261403,6,30.189530084344735,11.93646136595013,9.395907424845547,"[2.526773192471221, 12.0, 6.757887528017514, 1.177523591697303, 2.153104887513526, 0.8759245354841413, 2.0859826746830428, 0.4152418844781617, 0.5657962474250209, 1.3053590610132502, 0.089180672842777, 0.05787952474784122, 0.007700948957552933, 0.1711753350133869]"
NSGA_II,261403,7,21.78897733358771,54.937542784812784,0.0,"[2.6061032359154885, 8.240431372160435, 3.3558213518906705, 2.6881636149819848, 1.6891393121669176, 0.4689621823586508, 1.840020276899114, 0.4127613801620195, 0.18727312743515678, 0.22016897924468826, 0.02890895217683345, 0.0, 0.013295111702761531, 0.037928436492988465]"
NSGA_II,261403,8,20.63139617687032,64.61279735106368,0.0,"[2.6488673639511413, 6.169613368486737, 7.020910077861933, 1.5793605758007483, 0.0, 0.0, 1.7592964425590218, 0.02607645287965691, 0.9088355960726656, 0.31279223567622283, 0.0, 0.08256351630647236, 0.02258682714941464, 0.10049372012630535]"
NSGA_II,261403,9,18.04787460158881,81.79091395194145,0.0,"[2.674232209429066, 5.087815186344396, 2.9170419446512956, 2.5217783462528645, 1.8899356086944195, 0.44589100928854014, 2.07284207407604, 0.0, 0.17386828919212727, 0.10419814939958344, 0.005938618020970846, 0.11655340514762379, 0.005705782735670269, 0.03207397835621388]"
NSGA_II,261403,10,12.362514837511796,138.45389799580562,0.0,"[2.6749700574437827, 3.5696361245229147, 0.0, 0.9601618753872475, 1.992399058942244, 0.18730128578593105, 2.03923862011385, 0.2664203085540774, 0.31449622063726856, 0.17297790360133114, 0.03743019558726249, 0.07545474850990834, 0.0, 0.0720284384259755]"
NSGA_II,261403,11,18.707627625274327,77.48604755593118,0.0,"[3.011518212692082, 4.878806014386529, 3.008601592567291, 2.491880783121176, 2.2998397641969808, 0.4335819973948573, 2.0703813913344997, 0.0, 0.03055059229864024, 0.0007770644233806023, 0.013346435959088656, 0.4445398890397879, 0.005685979490388128, 0.01811790836962293]"
NSGA_II,261403,12,15.969876041437567,101.2487904686607,0.0,"[3.034870647754105, 3.6391338228185885, 1.9916478551380523, 2.413587681410863, 1.739080433316416, 0.5714578451929972, 2.1424895757035425, 0.0, 0.003963176524390834, 0.0, 0.015345665751738482, 0.400975702530169, 0.006555449553176307, 0.010768185743530556]"
NSGA_II,261403,13,20.535626210761645,69.95297326315576,0.0,"[3.1488370314688066, 3.7681523543387074, 3.662080054088721, 1.7999586190926524, 2.8654660761172717, 0.01234287664180855, 2.106189179217411, 0.44395879804832206, 0.5760310855929947, 1.2678392116241333, 0.699814643219627, 0.09174712377295956, 0.0001769376206700391, 0.09303221991756555]"
NSGA_II,261403,14,23.630382853819633,44.36595348997234,0.0,"[3.1812399285546293, 7.742838891750714, 4.382900902496185, 2.502019899370398, 1.769880447271914, 0.4544125178030866, 2.0053998998023053, 0.007575611243978117, 0.32386409636509544, 1.24525067072912, 0.0, 0.0, 0.0, 0.014999988432208147]"
NSGA_II,261403,15,36.880617427492005,0.0,0.06296000078539521,"[3.224549927607845, 7.476275383298409, 3.6424826615740153, 4.825652028305128, 0.896450312180921, 1.8498506119996294, 0.3992184224423055, 4.576369044751589, 0.9537608920514613, 2.822535544698118, 1.9194372066712329, 1.0986329916639836, 1.5044229833316989, 1.6909794169156684]"
NSGA_II,261403,16,37.28211090075833,0.0,0.0,"[3.242495566788677, 6.582580439575622, 3.774053527939694, 5.001628273586187, 2.921715157536697, 0.7530521487332025, 2.544382800499507, 3.5048438704706557, 2.4490583497485803, 2.2443945312577287, 0.8760262976118757, 1.162399679707986, 0.18202220423431614, 2.0434580530676083]"
NSGA_II,261403,17,13.916449762080653,119.85311484831047,0.0,"[3.333460963555169, 0.9311035329932493, 3.391778565841958, 2.5514926151647437, 1.8108335677397718, 0.37330032536723334, 0.0, 0.03179941009529807, 1.124074300109475, 0.22082987701736104, 0.032836594588871504, 0.022522078534958478, 0.00032918415077781184, 0.09208874692178527]"
NSGA_II,261403,18,24.196628759020445,41.216315393153124,0.0,"[3.350897829363105, 6.514402041213863, 7.225964399843378, 1.0001051949167274, 1.973033608761948, 0.6929961465614184, 1.8853079916804336, 0.08600993034906423, 0.566675972943009, 0.6808652483017311, 0.028595271899607984, 0.03982011215667491, 0.04920323644263411, 0.10275177458684764]"
NSGA_II,261403,19,14.833539036984403,110.39717601584826,0.0,"[3.486557803015523, 3.8975187656932606, 3.026224965742687, 2.8656232454397124, 0.0, 0.43643707893232747, 0.07880326763693965, 0.021507983800677557, 0.6369786443715687, 0.23083901160940612, 0.028980399131608423, 0.0, 0.0002962444204885701, 0.12377162719020555]"
NSGA_II,261403,20,27.944264324174068,20.709338638887647,3.1638852926891374,"[3.5051716573867737, 7.845602319738816, 6.846620509073954, 2.6034263518821326, 2.9178491303262377, 0.3133431167725645, 1.3650097018714034, 0.42311912293947074, 0.2764631281569684, 1.3460521206916483, 0.3985245044781239, 0.030119548579092312, 0.0020079116774745624, 0.07095520059940548]"
NSGA_II,261403,21,34.458990102485565,3.1846108730593166,22.59736975404912,"[3.6814936227115527, 11.23648941515871, 6.2346191852298345, 5.059869689766089, 2.352223829205173, 0.35189675694995964, 1.1424318400985574, 1.3504956281641016, 0.7509232565891972, 1.5927701812717765, 0.3276989087811665, 0.17439479678382203, 0.02109191374515095, 0.18259107803047625]"
NSGA_II,261403,22,31.93828565969518,8.094990901978736,15.222388616616083,"[3.8585829389560766, 7.976193876242494, 8.238133286291147, 4.838164958476236, 2.0379847757686966, 0.44804056817165405, 1.7811428116131753, 1.6474454237760916, 0.359878235357318, 0.6343728266819317, 0.05123978195466215, 0.0, 0.015543955036598394, 0.051562221369094975]"
NSGA_II,261403,23,31.37632370533055,9.310976251863973,13.660527614116265,"[4.261852657160039, 8.10157268121609, 7.144995319516251, 4.050794043185991, 3.551974594395173, 0.8785343673329509, 0.7882556340590059, 1.5287799629355387, 0.0, 0.10342742537723554, 0.12434224232848831, 0.05912574597334097, 0.6390453693253738, 0.14362366252507136]"
NSGA_II,261403,24,29.201456165343764,15.512360785801281,8.744119704664811,"[4.354763097857653, 8.331128688512166, 7.495658533637976, 3.209870947714971, 1.3327268492114892, 0.6084548439250949, 0.7065179337029608, 0.38664865801287396, 1.5779822040383111, 1.0305044888048218, 0.04726658400613372, 0.0, 0.01661456058157261, 0.10331877533773985]"
NSGA_II,261403,25,25.30584559703961,34.250933862796956,4.653395893023152,"[4.496246700527212, 8.781376112836593, 6.54785597203719, 1.666592619779895, 1.3967742972603618, 0.6637051174861818, 0.7955351332629759, 0.026663501185813322, 0.1749457440011387, 0.6202536435252798, 0.005488961266973383, 0.0, 0.025263090374553297, 0.1051447034954385]"
NSGA_II,261403,26,26.66417968726396,27.187352696868537,6.415310570743429,"[4.496321152257211, 9.997734313443226, 5.956587311508968, 1.084964648669183, 1.8923974760764097, 0.16070261533516508, 0.7775680883920234, 0.7113575286729465, 0.13865972466125298, 1.0472829992535808, 0.20455893588556243, 0.0, 0.09219451611456461, 0.10385037699386962]"
NSGA_II,261403,27,26.358056585875758,30.663206041502683,1.5095763845550962,"[4.49717055776991, 9.607495196000583, 3.6824284253840944, 2.481722272475428, 2.0712371217419885, 0.28855109603476964, 0.2260746952827187, 1.9270223278536913, 0.6934951987511666, 0.0, 0.10832300707330017, 0.00019902784534990212, 0.1053858392391906, 0.6689518204235699]"
NSGA_II,261403,28,30.848345412442505,10.223309175115002,7.372030359868866,"[4.54341054554071, 8.208023780787045, 6.677261995329406, 3.067858519677487, 2.5032243555424243, 0.6522881233065861, 0.7627451813312309, 3.477359701869821, 0.2045494483668904, 0.5475962077215554, 0.09458392764023965, 0.010688534629473487, 0.0987550906996366, 0.0]"
NSGA_II,261403,29,35.70849160970793,1.1225083902920616,26.2689242759183,"[4.558015681197568, 8.363267548976657, 7.294280969217469, 5.70536042467966, 3.459735954224664, 0.8150338463557358, 0.7215051980363019, 3.6316812041313913, 0.1555317213604912, 0.611979217995364, 0.2657088008524947, 0.008615502243928229, 0.11777554043621305, 0.0]"
NSGA_II,261403,30,32.476748712973716,6.966502574052573,18.774505560743744,"[4.597074962950069, 8.28178990876629, 7.481376046463784, 4.614207299872171, 3.2604362443734733, 0.6478845411047436, 0.7253939550244529, 1.4294608406066998, 0.22723197152884933, 0.7704721263998986, 0.20139102586458962, 0.05369232806181637, 0.18633746195688122, 0.0]"
NSGA_II,261403,31,35.17680418502531,1.7210657415251767,25.26743844737271,"[4.685305911373864, 10.362131452995877, 5.710022927549425, 4.77989541451204, 4.1490273476844175, 0.23077961580595568, 0.874766606847437, 1.5877808070773343, 0.8458020407459863, 1.1013939062712164, 0.2526548710441532, 0.3388959802412116, 0.10367319130057677, 0.15467411157581434]"
NSGA_II,261403,32,36.059149830586016,0.7718501694139697,32.33552178911805,"[5.31232493377789, 9.915252042971632, 7.7116827115261115, 4.446446627217412, 3.482869890913811, 0.0, 0.44521395762308613, 1.2682460677262197, 0.4429270772412862, 1.1366514512889294, 0.13210761545262836, 1.493978466742593, 0.014328458434703522, 0.2571205296697211]"
NSGA_II,261403,33,34.85177681579189,2.4690013829367707,33.06686684963786,"[5.313757087823907, 10.05224798269105, 7.683149010562214, 4.711398153847059, 2.980217128232165, 0.3693002475083279, 0.5259037079150026, 0.6183698521409842, 0.05445094401959936, 0.6883936618756998, 0.1367254251378729, 1.4572786155129405, 0.008029984004525571, 0.2525550145205394]"
NSGA_II,261403,34,31.00026097095705,9.96104921981852,17.18120278707001,"[5.354092651558237, 8.846275548055337, 7.500656100033957, 2.9574846240216184, 2.754233387349385, 0.5057557159875525, 0.5975629991090433, 0.8793775254380483, 0.06895614273321313, 0.03833796930426883, 1.3337088899877692, 0.06796664070539454, 0.05428161494059265, 0.041571161732635774]"
NSGA_II,261403,35,33.06887056226203,6.627186965565457,27.293950772203733,"[5.6987137375274255, 10.214597516999001, 7.33971812548623, 3.834887307432147, 1.8569818788450365, 0.4150150901767251, 0.6009675709968764, 1.0795651683194714, 0.322981588922393, 0.6427504870269526, 0.06298804482383094, 0.028380749262790113, 0.12639520635361662, 0.8449280900895413]"
NSGA_II,261403,36,35.076988895906595,1.785564180930784,36.47614236673453,"[5.827639486630535, 11.148596834298779, 7.650662162415244, 3.5143039508342353, 2.2133998243721504, 0.7335297087016532, 0.5432768640061492, 0.8762532399608294, 0.0, 0.7302280037664932, 1.6983757775841832, 0.0670161712693669, 0.05416489932300231, 0.01954197274397051]"
NSGA_II,261403,37,25.947447872337552,30.78765017200866,0.26108577930508403,"[5.839277398983735, 6.515975641977096, 3.7927031966035623, 3.219129541740689, 2.260737150824792, 0.37268634154046676, 1.7219346391269792, 0.33917525992133385, 1.066167424682917, 0.3058382457738452, 0.39335175981198156, 0.02257723624458747, 0.0054062436254121785, 0.09248779148015594]"
NSGA_II,261403,38,34.47777788629145,2.9644442274171148,36.61374190597374,"[5.917050222836275, 10.19280710814579, 7.359824933163016, 3.874072709778012, 3.6107337846643337, 0.8413048861272853, 0.603884478805086, 0.9908086865817798, 0.0, 0.7292763376173537, 0.23880359240037619, 0.0, 0.1192111461721382, 0.0]"
NSGA_II,261403,39,35.234300516310284,1.5966994836897221,39.599720573231366,"[5.917050222836275, 10.19280710814579, 7.359824933163016, 3.874072709778012, 3.6107337846643337, 1.836631108546492, 0.603884478805086, 0.9908086865817798, 0.0, 0.7292763376173537, 0.0, 0.0, 0.1192111461721382, 0.0]"
NSGA_II,261403,40,33.981575330697964,4.022870408175905,23.635188888774643,"[5.943017138574815, 7.892302671082685, 7.6491661683562215, 4.356223561908144, 2.007584464092955, 2.254670566285572, 1.0368973734233624, 0.9890109090762802, 0.6641310130308691, 0.8495018954349239, 0.21888700186769997, 0.03510741511356377, 0.01905408287901831, 0.06602106957185079]"
NSGA_II,261403,41,36.456041974091185,0.37495802590881055,31.058588818954284,"[5.943017138574815, 7.892302671082685, 7.6491661683562215, 4.356223561908144, 2.007584464092955, 4.72913720967879, 1.0368973734233624, 0.9890109090762802, 0.6641310130308691, 0.8495018954349239, 0.21888700186769997, 0.03510741511356377, 0.01905408287901831, 0.06602106957185079]"
NSGA_II,261403,42,36.84592086530322,0.0,34.149815450350175,"[5.995464469494658, 10.813607275061623, 6.595642172753638, 4.533433393416364, 1.891292801684688, 0.3813918054419927, 0.9092705200873112, 2.56740557161323, 1.2761476473206554, 0.6585237104989202, 0.13964652537515843, 0.0927316303706996, 0.17147469202311982, 0.8198886501611694]"
NSGA_II,261403,43,29.482946122588167,14.944101700254041,12.70730389785055,"[6.102735288953927, 9.295542215709983, 7.178696443894789, 0.46612960319598296, 2.138845341118589, 0.0, 0.0, 1.9192113638310364, 0.4518422383445404, 1.347270182525434, 0.2437097809661203, 0.0010316139089253558, 0.11394157371874412, 0.2239904764200958]"
NSGA_II,261403,44,28.85954353342903,16.777390926658633,11.976751226928599,"[6.202103948433047, 9.966416087679494, 5.198477291186918, 1.4719403516346414, 2.256358505648395, 0.403513149990167, 2.1526233726938955, 0.9164241063175567, 0.10499801407430986, 0.0, 0.08522151266066064, 0.0, 0.06383651895504364, 0.03763067415490795]"
NSGA_II,261403,45,33.247613295650446,5.559897831759681,29.264750071101844,"[7.741784653063055, 7.827344673674141, 7.528881678001265, 4.126030857772709, 2.2690023037177744, 0.0, 1.7232291454644126, 0.804932921270372, 0.3039220033528573, 0.3959404077145354, 0.34443747512369777, 0.02277341291530843, 0.024209340519725824, 0.13512442306058697]"
NSGA_II,261404,0,19.746777088809875,69.55791805418298,0.0,"[1.3912950020214492, 4.721570851350426, 8.431154045426902, 1.1923884126154323, 1.1366775682206822, 1.054577781984972, 0.7998173021727818, 0.605917079319979, 0.0335617833163945, 0.0466446412793233, 0.1768548434989323, 0.12731599646074937, 0.007332593213836057, 0.021669187928015254]"
NSGA_II,261404,1,10.513892338094067,148.76862015085533,0.0,"[1.5000131997969832, 2.6511962296499565, 2.7210011351723757, 2.2253402740104318, 0.2266780085020344, 0.015380745622769771, 0.596548703023669, 0.10755868572237742, 0.0, 0.0, 0.18497523436027818, 0.20819399591338558, 0.008260842641666058, 0.06874528367813855]"
NSGA_II,261404,2,10.08753193208326,154.32938396838293,0.0,"[1.635106605473366, 2.6502497886788174, 2.918876715182646, 0.8118653686063009, 0.33870999133946883, 0.04472058724154032, 0.562604171347319, 0.6735850926202187, 0.02835102406911262, 0.12788940624338885, 0.17657659193282185, 0.06554274158198632, 0.0, 0.053453847766276645]"
NSGA_II,261404,3,6.971236120797706,183.92987469029694,0.0,"[1.656639141319742, 1.9897900987965558, 0.3745999081134994, 0.24500052419016888, 0.7248731553774919, 0.3788954981918963, 0.5400652019797915, 0.5262291300397672, 0.010781871112926139, 0.09899473013073842, 0.16219312136338365, 0.15056306488736143, 0.10951041271031518, 0.003100262584068474]"
NSGA_II,261404,4,8.544827882867692,171.79154470480978,0.0,"[1.7516967672814683, 2.228368241801049, 0.27021970218483893, 1.4096051953061048, 1.2726758171411192, 0.0, 0.35739024681309206, 0.4408324883139358, 0.0, 0.0, 0.43039525568918047, 0.2140367103028873, 0.09838785234044319, 0.07121960569357216]"
NSGA_II,261404,5,21.100537942302534,61.17484130810459,0.0,"[1.8706457649447188, 2.7825273143587372, 9.604713647697073, 2.5994308965847095, 1.398575032124531, 0.421488724474948, 0.9727907079345341, 0.443092207573298, 0.5592092082245631, 0.08941463656537171, 0.0, 0.17794308196864736, 0.107444224115996, 0.07326249573540866]"
NSGA_II,261404,6,9.037281517864834,164.27338000202778,0.0,"[1.8840110183129168, 2.3142882959975313, 1.7115153446511602, 1.6756586874894532, 0.10017708809257275, 0.0, 0.345277237446986, 0.05081258534103838, 0.07030058081090745, 0.0, 0.49832772237805756, 0.20762807031364022, 0.10930440017215723, 0.06998048685841099]"
NSGA_II,261404,7,13.183926816229896,123.83309550115439,0.0,"[2.5234247313477516, 2.977910010959267, 3.179341621683223, 2.826680023250768, 0.1348538171080117, 0.37378191251459403, 0.46406877195083934, 0.3755220126288613, 0.01811409240801752, 0.03695494894345577, 0.1607393744548285, 0.0, 0.0, 0.11253549898027773]"
NSGA_II,261404,8,15.296698413149382,104.91927089936571,0.0,"[2.8470028512623466, 2.830577365097355, 3.8753846282664637, 4.0028703130931, 0.16072577638920232, 0.46192774301035755, 0.5048387261763385, 0.3708434013881968, 0.02262286173244065, 0.03414705510614435, 0.16097186662913596, 0.024785824998300114, 0.0, 0.0]"
NSGA_II,261404,9,21.82138120572203,56.36519696443628,0.0,"[2.8658398637110665, 0.06260273831824925, 12.0, 2.7248671036543004, 1.8183954251068777, 0.6193023167145683, 0.2813801458560617, 0.9879167727027264, 0.0, 0.19563824267537383, 0.0, 0.14770159826651535, 0.03719686419474295, 0.08054013452154486]"
NSGA_II,261404,10,17.935556096125502,82.64267494016771,0.0,"[3.2733245948620526, 6.825040534422149, 3.9145962475777054, 1.5718574862662822, 0.2031273619521365, 0.46145520065607115, 0.8024501951735707, 0.5833207913956595, 0.02784232467158681, 0.0698240123263899, 0.1619405026557597, 0.04077684416614382, 0.0, 0.0]"
NSGA_II,261404,11,22.262666159186615,53.064695577502086,0.0,"[3.412795960745282, 0.0, 12.0, 2.8375888517782535, 1.8030853237097628, 0.49952881870901134, 0.27777799853340696, 0.9099131523229471, 0.0, 0.2169928643516812, 0.007063715394761472, 0.20276826792619776, 0.02969263412933807, 0.06545857158597515]"
NSGA_II,261404,12,36.85121578565646,0.0,0.0,"[3.6852851513524962, 3.114134780484729, 3.0200990048596768, 3.450869898489639, 3.417845921995258, 2.2163805853329746, 4.768543742906076, 4.094531824817155, 0.07015341342163973, 0.8949605263966567, 3.1942309947975196, 0.08978525111226587, 4.129293379811454, 0.7051013098789207]"
NSGA_II,261404,13,13.48625751378366,121.67021370001913,0.0,"[3.8246611805010615, 2.7216728476195136, 3.2636123582187255, 1.5100121347051076, 0.2124321958838935, 0.3914370864706634, 0.8131713412733328, 0.5017973483283094, 0.017680165484405878, 0.0, 0.161803997128515, 0.0, 0.0, 0.06797685817012991]"
NSGA_II,261404,14,26.19606184218644,28.707317703593652,5.17479159433929,"[3.8852733569922733, 12.0, 2.3754174160798076, 3.1608332264161514, 1.678779465298503, 1.1062072174905704, 0.9208679990614739, 0.5673016548905182, 0.013508787252585888, 0.13838467050871062, 0.14789951654399747, 0.19261148633240804, 0.0012146324788390812, 0.007762412840606262]"
NSGA_II,261404,15,20.84951919245392,63.11539802556528,0.0,"[4.091041833450427, 2.776105876973797, 3.345607407479253, 3.3574284266096193, 0.2803790798701788, 1.0079146005535484, 3.120876978579422, 2.3950926866830335, 0.021691056660001956, 0.027811139159787213, 0.21636933061404987, 0.13018332220846912, 0.010749739650051377, 0.06826771396227421]"
NSGA_II,261404,16,31.898578573959192,8.126680384164953,20.544170114616463,"[4.178215939477304, 7.777772346092802, 8.114066015023365, 6.182690060924685, 1.6252387624862676, 1.277342103525767, 1.318737873440023, 0.37798005474929885, 0.7431880488812048, 0.17170758178584025, 0.0, 0.1278022554892799, 0.0, 0.0038375320833583214]"
NSGA_II,261404,17,23.245259329023803,46.19907873107127,3.8907038356242154,"[4.197759594670551, 6.552737158583897, 9.00832985902477, 1.0840506110657808, 0.36908678858117383, 0.200738930860479, 0.763288107611657, 0.6468786005207603, 0.030193771918185695, 0.06502756749198033, 0.2038978783616025, 0.12327046033296565, 0.0, 0.0]"
NSGA_II,261404,18,24.010713750609465,41.60635220155727,3.8907038356242154,"[4.197759594670551, 6.552737158583897, 9.00832985902477, 1.0840506110657808, 0.36908678858117383, 0.9661933524461435, 0.763288107611657, 0.6468786005207603, 0.030193771918185695, 0.06502756749198033, 0.2038978783616025, 0.12327046033296565, 0.0, 0.0]"
NSGA_II,261404,19,28.03867149420381,20.4617118196226,12.503404912055089,"[4.333162117135821, 7.395714374502295, 9.819921152822266, 2.5388150216894587, 1.469206356226167, 1.064356556692859, 0.4204201683769089, 0.30111400872638705, 0.0293793843690588, 0.15551847004548455, 0.04747495330165036, 0.31966377458190165, 0.11004144534470184, 0.033883710388854654]"
NSGA_II,261404,20,29.232362721276633,15.299716962578835,10.615084040488188,"[4.353470281256825, 7.791190025594744, 5.930344106843814, 6.021909758233659, 2.1182524758550447, 1.0876964902197375, 0.9082725310720544, 0.5683890281802533, 0.015261637602521543, 0.22508127723062762, 0.0, 0.17973890111386243, 0.023839677648975606, 0.008916530424515014]"
NSGA_II,261404,21,29.886116742052323,12.68470087947609,12.576346102815247,"[4.353470281256825, 7.791190025594744, 5.930344106843814, 6.021909758233659, 2.7720064966307323, 1.0876964902197375, 0.9082725310720544, 0.5683890281802533, 0.015261637602521543, 0.22508127723062762, 0.0, 0.17973890111386243, 0.023839677648975606, 0.008916530424515014]"
NSGA_II,261404,22,9.749165140433208,158.20816987931346,0.0,"[4.3680056276193255, 2.3580813433508085, 1.0155267842366285, 0.0, 0.1417766718166747, 0.09392273307433258, 0.46482745103844736, 0.41453682849492973, 0.06823489535141289, 0.28070491719287455, 0.2381881324406359, 0.1638320339652127, 0.07948574403369242, 0.06204197781823356]"
NSGA_II,261404,23,17.28247644402325,90.97708048342125,0.0,"[4.566211387159019, 1.2876312553034976, 5.16072190225901, 2.7993613451027937, 1.2379997370410187, 0.0, 0.44058614062839563, 1.0367032273691967, 0.10947047778803524, 0.18875857239056712, 0.1903922876635697, 0.14798599798401513, 0.036180171557625554, 0.08047394177649916]"
NSGA_II,261404,24,34.715650209834614,2.514860155065879,43.59370801753182,"[4.577592561146789, 7.950520984444129, 12.0, 6.18333603431557, 1.5275306883870088, 1.0684430755836587, 0.33794364294762624, 0.42700730621422234, 0.4531290562684371, 0.0, 0.003302730796438341, 0.12900642813661106, 0.03167712685902359, 0.02616057473509241]"
NSGA_II,261404,25,33.103190775757696,5.717045295920883,26.79929079252618,"[4.699670940554189, 7.74856991611916, 7.994768068738816, 7.090726958022308, 1.6876545896645916, 1.0253368367211448, 1.3549465543623553, 1.0610804723951177, 0.03149629613426187, 0.22608218248628378, 0.09358397241117211, 0.0725814267692196, 0.013265713942793874, 0.0034268474362766405]"
NSGA_II,261404,26,30.85098325924531,10.218033481509384,16.4760866882246,"[4.7463120513804125, 8.499415320072112, 5.310324352390973, 7.153232074157265, 1.832444235759141, 0.9622463706992007, 0.947074323702235, 0.872842040480114, 0.02152051759481783, 0.23865688569127463, 0.07894882253046297, 0.17579716580092497, 0.012169098986377021, 0.0]"
NSGA_II,261404,27,35.71994976674569,1.1110502332543106,32.54773118911604,"[4.77436699203717, 2.9659536241795608, 10.991410238168443, 10.667158513131852, 1.4326602233661703, 0.8112321446690791, 0.8402558027333524, 1.886704564207128, 0.018727311908915936, 1.0581417755232891, 0.03170102385701684, 0.1635399641314788, 0.07747722494885267, 0.0006203638833753353]"
NSGA_II,261404,28,12.447127246218917,131.67548422649415,0.0,"[4.799330946693431, 1.2513584449140804, 1.6589037724714544, 2.167903889198021, 1.0537271226944727, 0.3605099585135924, 0.22905152895212771, 0.26303027423096603, 0.0, 0.2189880319878947, 0.15288533033293805, 0.18983010842296427, 0.02212734479700647, 0.0794804930099716]"
NSGA_II,261404,29,33.38138506172593,5.174542146445493,30.60251768904186,"[4.8844904632985475, 7.9947988400839565, 9.065096726031914, 5.9931029562358535, 2.137838507989597, 1.0563375163127573, 0.6601116088998804, 0.8400969326796417, 0.27091507937332776, 0.22681668268087363, 0.018255007649019994, 0.176557019602388, 0.039655450990787974, 0.01731226989738775]"
NSGA_II,261404,30,36.627196385481476,0.20380361451850604,52.11817352627449,"[4.90008667975859, 8.29771442339002, 12.0, 6.5806872991052785, 2.140840950715373, 1.0028007996591388, 0.1385677306720372, 1.089028748673415, 0.04212168872419697, 0.20145525545112983, 0.016702829037152523, 0.14974810759901686, 0.04317913484208677, 0.02426273785405286]"
NSGA_II,261404,31,32.50831231317812,6.927495782463399,22.86471471735723,"[5.080068644063244, 6.91727669230041, 8.676042233895448, 6.037459236919669, 1.9372464301766166, 1.0116579304320825, 0.6383817799953, 1.486370039211019, 0.04097956542254931, 0.2211185643622506, 0.0005159995007855572, 0.3277343617128866, 0.10934042636623667, 0.024120408819627494]"
NSGA_II,261404,32,32.14773689400142,9.345041972338684,17.63545519791121,"[5.0887612664508834, 7.900030491759057, 6.610372080582599, 6.019041609074649, 2.00274895185792, 1.0752142912866969, 0.6907941295027515, 0.4401107722550855, 0.035431722074359795, 0.2213491381389905, 0.0, 0.2573598071712072, 0.0860068735056955, 1.7205157603415235]"
NSGA_II,261404,33,18.835360137580718,78.25748367529854,0.0,"[5.577150871987709, 2.19528135666646, 1.3498730825922252, 5.779668614487451, 0.2940118275783701, 1.0755373206324956, 0.7965078917094, 0.8295555191694712, 0.024678912059168834, 0.578624710309654, 0.0, 0.17332160700662808, 0.09606969697740105, 0.06507872640428315]"
NSGA_II,261404,34,26.808344913674446,25.190293467018776,6.773009291694848,"[5.679854008017899, 4.807132738213424, 7.8592453944811265, 5.380939999670242, 0.525432870217031, 1.0468676306860976, 0.6837697068740861, 0.30836554224141044, 0.002218477628225702, 0.1746326437251028, 0.034343752417933346, 0.26921502554316507, 0.020237895918520096, 0.016089228040184173]"
NSGA_II,261404,35,12.940157468342735,130.8342746359155,0.0,"[5.6803989843269225, 1.7381250984606327, 0.0, 1.4527553431326705, 1.7989029126115341, 0.21912451024875568, 0.39542721743766096, 0.7336937027159298, 0.03247267101985199, 0.2245846310706464, 0.29748481957297435, 0.24978807239575118, 0.0753557278518136, 0.04204377749759135]"
NSGA_II,261404,36,20.065040730764302,67.98274230827059,0.0,"[5.881683704776744, 2.769393454027084, 4.78649961071095, 2.8033296296115644, 0.5676569687402442, 1.007810354963104, 0.43585930900440395, 1.0321908800084805, 0.33623092434184854, 0.02056335298408083, 0.20375272274899264, 0.14577002165462, 0.031467244707844476, 0.04283255248434607]"
NSGA_II,261404,37,36.636291498422246,0.19470850157775388,47.69503590949643,"[5.928895787008945, 6.880377778968264, 12.0, 6.105983325003631, 1.9333024000450134, 1.0216104797273684, 0.43852043358915904, 1.5443959820745363, 0.022163512061939825, 0.230423242405619, 0.13022424334990393, 0.28193309968849417, 0.0900584529188274, 0.028402761580541402]"
NSGA_II,261404,38,35.15584627287891,1.6751537271211063,38.78443562908063,"[5.957555621211151, 4.397125797408428, 11.963018436957215, 6.418545529250248, 2.908175145527305, 1.059749836116878, 1.2057868668494411, 0.4719850252099555, 0.16851520070063664, 0.17229531755391397, 0.16423768210480752, 0.16550994853301437, 0.08182934598430125, 0.02151651947160759]"
NSGA_II,261404,39,31.254483637264546,9.414278912053131,15.169130399865828,"[5.970683249264041, 6.143643958040673, 9.25378433105192, 1.7307593117351079, 3.248075051973781, 1.060171530685201, 2.8269672438505067, 0.5130094332333177, 0.014666862595347385, 0.05954545720913637, 0.17042074331783846, 0.17266230179340605, 0.08684797593205773, 0.0032461865822099936]"
NSGA_II,261404,40,16.374634054656283,96.85774650980215,0.0,"[6.073845827391497, 1.7349127973494216, 6.989045563306495, 0.0, 0.44878845220838726, 0.38389864604888013, 0.0, 0.0, 0.0383262772198567, 0.25352530434980414, 0.06082353356299939, 0.21343548652541466, 0.09361496786581874, 0.08441719882771001]"
NSGA_II,261404,41,11.392596087716685,140.83274541688374,0.0,"[6.076201377860266, 2.2561643990774334, 0.8861010945099698, 0.5823989558546835, 0.3294318405401335, 0.1357627861213554, 0.394013378523309, 0.0, 0.035180405714796914, 0.3468575157170883, 0.0, 0.17456320865993144, 0.10466287289138787, 0.07125825224632942]"
NSGA_II,261404,42,14.248475090539088,116.29253517896127,0.0,"[6.136587485478069, 1.1857199377475376, 0.8783766714074996, 2.1164734423856446, 1.7255438673079684, 0.6558547064599192, 0.08157269720599827, 1.0744873545776028, 0.0, 0.1500795344143937, 0.0, 0.15228399129926595, 0.03850613376492901, 0.05298926849025974]"
NSGA_II,261404,43,14.39344621065667,114.52690279750841,0.0,"[6.322468040511735, 2.337118527212717, 0.6581381399939992, 0.0, 2.776905300734533, 0.31390477420758894, 1.1724733634458524, 0.5129076883314911, 0.01130124529745332, 0.1082466900959431, 0.03976510262880007, 0.014423625690121778, 0.11610938373492967, 0.009684328771506677]"
NSGA_II,261404,44,33.228927879995446,5.468747986136208,27.289900006838707,"[6.369046377427741, 3.6074373181251813, 10.472764993718483, 6.660432048930489, 2.823140811740692, 0.39320214950558213, 1.2081091319234687, 1.3138596672313405, 0.15838294705585404, 0.11397138294938425, 0.07718515511895073, 0.0, 0.02479215014115793, 0.006603746127114176]"
NSGA_II,261404,45,34.49724706434553,2.9306233903695116,34.82842902632598,"[7.898366600401813, 2.7356145077924037, 10.25774666951845, 7.1200355086472245, 3.5783077803676173, 0.2927174547131015, 1.2081749378341844, 1.1801514555357309, 0.03643302530405623, 0.10059537747611583, 0.07986199552154608, 0.0, 0.004124232172726017, 0.005117519060558057]"
NSGA_II,261405,0,7.974565956433071,177.7984005548007,0.0,"[0.0, 1.039899873360231, 2.7301780785547325, 1.6604830465040459, 0.4101696296509306, 1.0123794894148788, 0.29896956759263, 0.18268158878411278, 0.5111192874982089, 0.03905183785869204, 0.001667718694114221, 0.016816302129269517, 0.049766805686418024, 0.021382730704805644]"
NSGA_II,261405,1,35.70356767993273,1.1274323200672676,0.0,"[0.6715996222934613, 4.329961315707348, 7.863248641009044, 2.0831904574494082, 0.0, 1.750133408941646, 2.7824026328958538, 5.38554098000234, 3.135967422922203, 1.765994331199746, 2.6693048307252685, 2.3862595371156257, 0.8448080755626337, 0.035156424108151896]"
NSGA_II,261405,2,7.103907096139001,182.5354665081691,0.0,"[1.1734363854938596, 1.821955205233031, 1.2364514656923158, 0.9940931908585209, 0.3159264411964005, 0.0, 0.1326769613437861, 0.546145206147929, 0.3671102250743594, 0.28691545645571853, 0.051577044182544524, 0.08175011257023025, 0.07881127130025403, 0.017058130590051273]"
NSGA_II,261405,3,9.898489706135452,159.48900672850925,0.0,"[1.8689832380075546, 3.554689475687404, 1.4894776441725082, 0.0, 0.28875872930435287, 1.004183881366178, 0.30755910014997406, 0.23156309645643502, 0.37011090601392904, 0.482681417761461, 0.0, 0.1508378640209522, 0.07223160144397021, 0.07741275175073381]"
NSGA_II,261405,4,11.492590329239377,144.25614765560948,0.0,"[1.8689832380075546, 3.554689475687404, 1.4894776441725082, 1.5941006231039239, 0.28875872930435287, 1.004183881366178, 0.30755910014997406, 0.23156309645643502, 0.37011090601392904, 0.482681417761461, 0.0, 0.1508378640209522, 0.07223160144397021, 0.07741275175073381]"
NSGA_II,261405,5,19.55561701945556,71.69359260418244,0.0,"[2.1692519372003627, 8.266668221205803, 2.9493432720556774, 2.6374985969950484, 0.15841394581098736, 0.9568945529757499, 0.7502875504220443, 0.5749983289237391, 0.6172135625721332, 0.12213445801420711, 0.2651430368754518, 0.06962955530798562, 0.0, 0.018140001096368475]"
NSGA_II,261405,6,36.83825024350532,0.0,0.0,"[2.1862712541202, 3.8380834658985252, 8.906199040711149, 3.189202996318698, 0.30751329197182997, 2.0440309791488653, 4.543091352152082, 3.1415137503945623, 1.2235696522636457, 1.1532443874862714, 3.607501907529715, 2.17320585233354, 0.2400715329395215, 0.28475078023671613]"
NSGA_II,261405,7,8.602234798703053,170.0370601224829,0.0,"[2.2406422310581293, 0.0, 2.553356004734032, 1.6436823162151184, 0.6039402790625445, 0.09439056982695182, 0.3193611101382277, 0.5981369648394721, 0.2323490946075193, 0.16415270011638977, 0.08362120701224514, 0.05396912580089406, 0.0, 0.014633195291530144]"
NSGA_II,261405,8,12.66892466836501,131.5955563322083,0.0,"[2.245442954665984, 3.3607316940325314, 2.149779565911689, 1.6243085797734746, 0.28853560639906634, 1.2100870406665911, 0.3206745145010106, 0.5969151174602574, 0.5904234816513491, 0.11402421454994946, 0.09412106559151018, 0.05189113275303742, 0.0, 0.02198970040855674]"
NSGA_II,261405,9,9.370315635657438,163.8539849663681,0.0,"[2.4442128697702707, 0.0, 3.4274085054014574, 0.9603809708968658, 0.21566305128842553, 1.0233434533319785, 0.294876623559915, 0.1901829982394697, 0.41848223006225727, 0.1721332070792122, 0.0015070918453873067, 0.030531069842785866, 0.07153546450118432, 0.12005809983822752]"
NSGA_II,261405,10,10.745641980479784,149.91531318730694,0.0,"[2.91380156215162, 1.7477227672999636, 2.652411049107198, 0.909508616897565, 0.4481209876592522, 0.05604767973577984, 0.30574632901805043, 0.4744506862518695, 0.9220272658940081, 0.22283989619114872, 0.04626278490235548, 0.02992610780106867, 0.0, 0.016776247569903716]"
NSGA_II,261405,11,12.036376414653015,137.94425493437063,0.0,"[2.972186557905809, 2.262217550649452, 2.1355525472416064, 1.6145112774450174, 0.3229228040745808, 0.08273127584677277, 1.298641590429398, 0.5090282075727233, 0.579735872875198, 0.16187801017621203, 0.0534157725583254, 0.02729958489249401, 0.0, 0.016255362985425438]"
NSGA_II,261405,12,29.157874494602304,18.284708526858008,0.5607971771721552,"[4.272958678175035, 3.675409803992696, 10.16857822147136, 1.0379037698939753, 2.162683577437223, 1.148094302806664, 2.264827347530913, 1.0212911319956364, 0.4775080892198351, 0.3913705654929073, 0.7589622482882579, 1.126690604987545, 0.27201763712777455, 0.3795785161824821]"
NSGA_II,261405,13,13.812977200336393,120.35284067421998,0.0,"[4.5462464536337865, 2.834992237628466, 2.2220718270352333, 1.6937649248200652, 0.4874414576349348, 0.14070709145319502, 0.5699184240353723, 0.5283153744482234, 0.3476733147328811, 0.2963763393476631, 0.04122338575200478, 0.08774081431957978, 0.0, 0.016505555494987435]"
NSGA_II,261405,14,21.009400471788968,61.99991099754125,0.0,"[4.5742302743998815, 3.796481207477572, 4.454958576858773, 5.236278121770447, 0.2871793760102712, 1.0621710213726605, 0.17849824234022207, 0.12445670827207889, 0.556373397696792, 0.5156408408904068, 0.0, 0.12169050726532113, 0.0693559930821586, 0.032086204352386356]"
NSGA_II,261405,15,21.732697977292812,56.30464023953237,0.0,"[4.765422894949911, 2.9407681179051224, 6.450641836794029, 2.218454780966379, 0.22918217183557243, 3.2436521634541657, 0.29930627007495125, 0.7392108552238906, 0.44408167729464776, 0.19652398946107996, 0.020471458752312932, 0.013454257688111582, 0.0, 0.17152750289264387]"
NSGA_II,261405,16,22.977092370114477,47.64328036644741,4.004780855708304,"[5.616897850475679, 1.9004177269731028, 12.0, 1.6811497008107488, 0.14961446044326432, 1.1266246995362716, 0.0, 0.076687795381684, 0.1895266456964957, 0.09035549950752307, 0.0, 0.06499493059767597, 0.01162100762641756, 0.06920205306561075]"
NSGA_II,261405,17,22.14326688906186,53.65362245961651,1.2174728912170991,"[5.952998651119808, 3.2848611465899884, 8.901972479812649, 1.6488083361722201, 0.1000128638151131, 0.4198076972621849, 0.37784452905634763, 0.5388271237145114, 0.3338062408336423, 0.3272575615681399, 0.011947549976039338, 0.060576291299014255, 0.16925700309783714, 0.015289414744364552]"
NSGA_II,261405,18,35.81100202482912,1.0199979751708774,38.56513731358812,"[5.986395348597212, 9.444993512808153, 11.093708450054862, 1.3439386162413274, 2.5428333275901247, 1.4301967248327887, 0.7406308941499572, 0.17028622905600377, 0.8414864414776022, 0.40566425563812086, 0.43483997267028685, 0.9828683118353092, 0.14850163911305, 0.24465830076432418]"
NSGA_II,261405,19,32.55173148340215,7.0060552131399625,28.056547202197166,"[6.243302454769076, 5.63107610675134, 10.617695653502986, 6.289325762434382, 0.15619619498595466, 1.541148154374889, 0.17398818363499757, 0.12862293797783658, 0.8537834870388971, 0.4524477802016361, 0.0, 0.14698032077165868, 0.12764626701424003, 0.18951817994425016]"
NSGA_II,261405,20,15.25714027132922,106.6827715213413,0.0,"[6.247310948987913, 3.2642666087569268, 2.882013245102907, 1.0052914844140939, 0.3344393169485561, 0.15694826574271145, 0.36287502721057396, 0.5185661967886835, 0.059120310310044166, 0.23665574670175488, 0.0, 0.055553743841905735, 0.1180748504574495, 0.016024526065699277]"
NSGA_II,261405,21,16.220275407705454,100.43166130125407,0.0,"[6.247310948987913, 3.2642666087569268, 2.882013245102907, 1.0052914844140939, 0.3344393169485561, 0.15694826574271145, 0.36287502721057396, 0.5185661967886835, 1.1403302971437308, 0.23665574670175488, 0.0, 0.055553743841905735, 0.0, 0.016024526065699277]"
NSGA_II,261405,22,24.554706082648377,41.66826130799139,5.18461344781722,"[6.261596579675929, 3.5442841865686305, 10.455219874197903, 1.373412166932304, 0.22071211365215287, 0.7718704339735005, 0.18202928022874018, 0.21061667372515736, 0.2019754685494517, 0.4499718579382459, 0.0, 0.20883279932514182, 0.278895691438119, 0.39528895644309986]"
NSGA_II,261405,23,26.481215027021847,30.714976359940906,2.960823589267484,"[6.312575073053558, 3.140347143641116, 9.214621436495092, 2.336736282887964, 0.10218422416346991, 0.6535522067799175, 0.25733407000273717, 0.5369483951949315, 0.2908757519007928, 3.023308451249463, 0.28445063856854913, 0.14829281450515142, 0.16276434272556195, 0.01722419585354374]"
NSGA_II,261405,24,26.512926191358257,29.9641068780767,6.061147807467577,"[6.362141913912959, 2.3251789141542814, 12.0, 1.3975061513331042, 0.10318237523759527, 1.370540063793573, 0.0, 0.804713283926794, 0.0, 0.3009811562864045, 1.6800925272875786, 0.14522560588258449, 0.0, 0.023364199543385745]"
NSGA_II,261405,25,35.60806359819804,1.2229364018019417,32.35711574089226,"[6.412485488690191, 8.180565748858093, 11.48032351184124, 3.2439513129075124, 0.0, 0.8032354827995208, 0.0409145391672201, 0.0, 0.9839775307457592, 0.1402554439164942, 0.3154975060832422, 0.08364699640154287, 3.883952496468693, 0.039257540318533256]"
NSGA_II,261405,26,17.96641102495146,82.67093712237876,0.0,"[6.433510501271942, 0.5299745004127079, 6.112123927662174, 2.148602128345968, 0.13959707037781383, 1.3736455270078014, 0.1871562849661818, 0.6859968880373211, 0.08933185583446418, 0.18242144520902887, 0.0, 0.012527942062625403, 0.0, 0.07152295376343]"
NSGA_II,261405,27,33.68868630402926,4.56258680724871,20.76931386803038,"[6.728665544225972, 4.803469299040084, 12.0, 1.8160956571887827, 0.04727379525499571, 1.5803400654894513, 4.862139381451527, 0.7516323820987165, 0.12436821313293321, 0.38381547895898926, 0.2089766504761701, 0.17682228960870933, 0.18512813179567034, 0.019959415307268868]"
NSGA_II,261405,28,14.178148112558144,116.50661111212865,0.0,"[6.73379474173805, 3.0805382924562386, 1.1890306332278766, 1.0907744578813696, 0.35978122042790195, 0.20536521729352453, 0.16164889884133476, 0.5595023782193116, 0.34077249526697645, 0.27952433268530164, 0.05440195438056928, 0.10645731637752984, 0.0, 0.01655617376216004]"
NSGA_II,261405,29,36.1234621343006,0.7075378656993969,50.01608680542922,"[6.838736503172591, 8.571949896101637, 11.271859752190512, 5.7335726587953255, 0.023941203180505025, 1.432361985446781, 0.1497047171637892, 0.0, 1.0887361041194288, 0.45384922637179337, 0.30975344095107715, 0.15688121882847667, 0.06739960487734395, 0.024715823101344746]"
NSGA_II,261405,30,29.85401261464053,13.370305720876623,8.331008336106827,"[7.002183518722748, 7.246137398767257, 6.372562049793611, 2.8035756052531315, 0.10588730625969564, 1.3082633265016392, 0.16373883632592834, 0.5248741802529877, 0.35856308193000347, 3.391519857004512, 0.275904449288642, 0.2831337651876578, 0.0, 0.017669239352717647]"
NSGA_II,261405,31,28.362443080295968,18.902787579626363,10.362082241447318,"[7.011184422531583, 4.412728998633692, 9.652123248871586, 3.268162825215586, 0.15064658090558297, 0.3797375188362859, 0.3413455884621539, 0.9028348510601468, 1.3583585422941389, 0.3571759617114507, 0.2740699379309921, 0.1510361339763308, 0.08259164276544241, 0.020446827100995792]"
NSGA_II,261405,32,30.62014100161111,10.71597682231177,22.75985143405696,"[7.189145893504802, 7.307433302115209, 10.484914135356998, 1.6503640933226753, 0.2668418108277048, 1.4659260422503142, 0.24797169327748528, 0.516435861247615, 0.6534463202618856, 0.2454586118473373, 0.30292951437881566, 0.25301489768627894, 0.0, 0.03625882553399046]"
NSGA_II,261405,33,18.875690255767694,79.55523071534384,0.0,"[7.24628792263303, 1.912223693702814, 5.496949652533802, 1.0967222865101802, 0.013270911103884231, 0.3334538554746803, 0.6078580798198998, 0.7872835534396347, 0.3139982762961936, 0.30355132005647967, 0.07312246514141835, 0.6465182774398954, 0.028412283791730407, 0.016037677824051126]"
NSGA_II,261405,34,27.370284250426934,23.104588041191757,6.866608017735366,"[7.246647828626317, 4.798756700879153, 8.178391168017786, 2.7609027922263856, 0.22641534071286712, 0.6842187048792463, 0.9650839554017177, 0.8917305714503629, 0.6768137934946385, 0.4280598006984782, 0.1530292464700022, 0.15729298633097089, 0.15539202714856304, 0.04754933409044624]"
NSGA_II,261405,35,28.047061093812562,20.376034783559398,11.210691295461523,"[7.4349406586782125, 6.50327452219789, 8.563417732668261, 1.6293962774142177, 0.0, 1.5660486906073399, 0.17485949937580367, 0.6131170262796902, 0.7897043491709757, 0.28868291120735307, 0.13517286113281074, 0.16139936628192592, 0.13326180386650158, 0.05378539493157666]"
NSGA_II,261405,36,33.872236813086715,4.18715419046465,40.07572452940474,"[7.5599080123994895, 8.116670866237149, 11.943391844379903, 2.5325021362039415, 0.022417496792470334, 0.8566297256700811, 0.8654500701090733, 0.4763513272508961, 0.6300123189072911, 0.13100060162398972, 0.318743717766576, 0.07888252593909884, 0.3286483531686672, 0.011627816638096075]"
NSGA_II,261405,37,25.443476558471286,33.87875968773842,2.8131513478350314,"[7.601664444591755, 5.449836688080078, 5.906720103993158, 1.6077088745050472, 0.060286139489150195, 2.1866694947631427, 0.1856002326775634, 0.850929478248089, 0.811246616862685, 0.46081012288894113, 0.0, 0.10901479296551889, 0.14118331025013164, 0.07180625915602747]"
NSGA_II,261405,38,30.944662152483353,10.03828842470261,25.5205649868556,"[7.604389261665201, 5.805298080234446, 11.891323466635836, 2.3519642870607247, 0.02267145576351643, 1.3763196453344624, 0.07300013797582557, 0.47664341594309145, 0.7302339850965638, 0.27405948372987776, 0.0, 0.1774931268210473, 0.15365307655344798, 0.007612729669311074]"
NSGA_II,261405,39,34.971204027466804,1.9785735913365414,47.622205370871804,"[7.780270339239446, 8.603027383996452, 11.687136114978742, 3.2744887745037934, 0.022320699065313962, 1.452440231089787, 0.16409711168524382, 0.5190630329279767, 0.6503340296553234, 0.21011448315189044, 0.2998573533302844, 0.2540277478848397, 0.05304507968755251, 0.0009816462701530142]"
NSGA_II,261405,40,34.13600886642149,3.650244606410965,41.6091904562615,"[7.838898339684199, 7.727818150178712, 11.936092813956147, 2.88959837562506, 0.023011086780163646, 1.4805629338809043, 0.18625889168321016, 0.5213753332291735, 0.6501504624313283, 0.22702352727118905, 0.25506220022512244, 0.2631139312439897, 0.1347804809783604, 0.0022623392539224854]"
NSGA_II,261405,41,35.37855898351061,1.4524410164893844,43.94261925976313,"[7.860823330573149, 7.687925996873989, 11.936885888144564, 2.6257620705533333, 0.022390587911946886, 2.2172604942623786, 0.9953158707720807, 0.46927271002000637, 0.6402473708460021, 0.2436784432697096, 0.2659182677898239, 0.15714498894182571, 0.24472199002357203, 0.011210973528226602]"
NSGA_II,261405,42,34.70801304552966,2.5173398480527958,45.939866559176934,"[7.9757719408324, 8.41980350267719, 11.64871318982685, 2.9024405314728616, 0.02264619653180781, 1.5147293413991514, 0.19874454916721052, 0.5840947496252391, 0.6536111109925531, 0.275373969364623, 0.27016693716191403, 0.1365184331636807, 0.09203265420205378, 0.013365939112126352]"
NSGA_II,261405,43,16.87014184199837,92.37527217113163,0.0,"[8.121475080426592, 1.6176464979869771, 4.792780900888458, 0.0, 0.04322352906678262, 0.5342233244077051, 0.826539524733568, 0.3693333426909834, 0.2577359726382829, 0.13114491235565345, 0.04077661702370282, 0.004675756853131981, 0.11807371798557523, 0.01251266494096175]"
NSGA_II,261405,44,32.52787886580669,6.866060017421688,29.828796670564422,"[8.329769148836535, 5.228507107192847, 11.956908796668223, 3.0454483763137956, 0.02898724375727938, 1.635058085274692, 0.0, 1.0113776646273978, 0.2712985892159591, 0.2085520233595023, 0.36795538025565017, 0.25398937660720483, 0.18820932466253143, 0.0018177490350713393]"
NSGA_II,261405,45,23.62175212818687,44.42054875600403,1.8276777441475431,"[8.34516094085034, 2.0685553435056985, 8.071827705222308, 1.5675897649908512, 0.05471037740963092, 0.8172347888276147, 0.7187975937492947, 0.9909377534597421, 0.3350450350508571, 0.3645563504545212, 0.09981431287912615, 0.006079375405511414, 0.16657550921095454, 0.014867277170420681]"
NSGA_II,261405,46,32.946394685878616,6.049938906811626,27.31484499540111,"[8.668859072384095, 4.139006788850836, 11.552246237919086, 3.393074952197693, 0.14759458883901977, 2.305060093293096, 0.17508073773699728, 0.7943537776134465, 1.289763948016022, 0.06575222744787854, 0.2718212586921721, 0.05148478798783512, 0.06956793633158416, 0.02272827856885302]"
NSGA_II,261406,0,7.291161906061957,184.7804696200799,0.0,"[0.08899614573829906, 1.4437675371686236, 2.403608458185851, 1.1630227083212121, 0.5593580826730881, 0.009466925860085714, 0.09847315872081097, 0.14214651059754804, 0.09143015079213279, 0.47133632073844706, 0.5909782100618536, 0.021174095685549135, 0.08003262964247193, 0.12737097187598306]"
NSGA_II,261406,1,9.026246180657516,165.61931799343802,0.0,"[1.4866488016396615, 0.8497058225708343, 3.6356783443068887, 1.261959001284641, 0.3352504612933145, 0.2804081908862833, 0.0, 0.2182129673504108, 0.09754846188471628, 0.6788248965505335, 0.0, 0.01948640854880234, 0.14893308349502143, 0.013589740846405256]"
NSGA_II,261406,2,9.576135114805842,164.91077380356924,0.0,"[1.4866488016396615, 0.8497058225708343, 3.6356783443068887, 1.261959001284641, 0.3352504612933145, 0.2804081908862833, 0.0396638139301177, 0.2182129673504108, 0.09754846188471628, 0.6788248965505335, 0.510225120218209, 0.01948640854880234, 0.14893308349502143, 0.013589740846405256]"
NSGA_II,261406,3,17.205068728824436,92.01053410128732,0.0,"[3.161787834975552, 4.023461029876304, 2.244443777378274, 5.679654568965461, 0.5280621011373294, 0.0, 0.21231989175479282, 0.09719503574109839, 0.040787705733946855, 0.35552475615558166, 0.7003249106524446, 0.03685046462264924, 0.0, 0.12465665183100422]"
NSGA_II,261406,4,15.906569295490808,102.84029695026018,0.0,"[3.3046809894432982, 3.9640154071360607, 2.2721871522223736, 3.179541186845648, 0.5301581490812717, 1.0607791281143077, 0.28361245170440696, 0.26114546930577937, 0.047786434609577016, 0.46013688281608617, 0.38403594144204767, 0.08174507255074556, 0.0, 0.0767450302192051]"
NSGA_II,261406,5,20.381829672048823,67.27858502805812,0.0,"[3.309508799445092, 5.606431727752097, 3.3065997084813157, 3.7902719507456766, 0.1896316891656521, 2.656587011694948, 0.23160733302728725, 0.11733262486982166, 0.038139255163364444, 0.4410226948852077, 0.4744497528419541, 0.07980539858279866, 0.006013117752599239, 0.1344286076410059]"
NSGA_II,261406,6,18.642258715718775,80.1908466846074,0.0,"[3.3404391228216923, 5.32541262822771, 3.5681245716043346, 3.896014783507006, 0.22932607288453138, 0.8025312509706108, 0.0, 0.18515761765911576, 0.083285635689846, 0.6049969273543457, 0.40346363465456375, 0.15160154588884067, 0.0, 0.05190492445617455]"
NSGA_II,261406,7,19.543487056298392,75.4889167509055,0.0,"[3.589166654239407, 4.59239653205598, 3.7236361336568278, 0.7465434081986349, 0.28615709491945307, 3.8799985431379866, 0.5748449260334101, 0.25021655211808336, 0.045758302162575974, 0.8008173218940513, 0.7091190394431044, 0.2892169448003147, 0.006242028076666102, 0.04937357556189366]"
NSGA_II,261406,8,13.34014990784934,129.55803404206807,0.0,"[3.8953215358901185, 1.1345819730563729, 3.628795268892714, 1.534436806249592, 0.18564578914118002, 0.7644139166498489, 0.2079167269534031, 0.20976308885237052, 0.07117803331551284, 0.7378299737305261, 0.9083470601086294, 0.047455667040672556, 0.011953910211864656, 0.0025101577565333696]"
NSGA_II,261406,9,12.067442465291043,141.98241851991082,0.0,"[3.9162429001313934, 0.7734001907234769, 3.6359351059355975, 1.1599928913457782, 0.18571094479900124, 0.24537732025373166, 0.010949842043927897, 0.14028297154846103, 0.09765945938086426, 0.8173614988259189, 0.5107869804377414, 0.16883130465751864, 0.3910194799693202, 0.013891575238310751]"
NSGA_II,261406,10,14.651349771236688,117.01898138372704,0.0,"[3.984819872384519, 1.769859473549955, 3.9628276924214867, 1.5013558775793698, 0.19320791566762516, 1.3858072327270767, 0.1699937319701766, 0.2317927518455343, 0.07529280010424627, 0.8591597996224318, 0.0, 0.21287481279010884, 0.29346389464832406, 0.010893915925831539]"
NSGA_II,261406,11,10.980033522936399,153.76469572789944,0.0,"[4.0010376485556245, 0.7020573804308772, 3.6359858318009914, 0.0, 0.17546064653932408, 0.2250426664075422, 0.0, 0.0, 0.09692855686769684, 0.8410994539452583, 0.5110513929603039, 0.3354437896822375, 0.4444467699076241, 0.01147938583891577]"
NSGA_II,261406,12,24.59916160781841,42.678957741439376,0.6513976502429131,"[4.312053171880673, 8.340153890808034, 3.575561109394763, 3.529629478159445, 0.23447866177553334, 0.23691181237361836, 0.015671046503162794, 1.0117264767269265, 1.047791964958613, 0.8217421019515843, 0.6236547211452829, 0.3900871968332187, 0.4596999753075529, 0.0]"
NSGA_II,261406,13,27.445215755793683,22.608851001456642,13.471189080619787,"[4.32769517073125, 12.0, 3.659534726360302, 5.264063459627406, 0.14667729935905613, 0.25244233059737686, 0.2865305995767709, 0.07675641286656026, 0.10073924545928509, 0.7606063177512258, 0.40201692425503277, 0.1681532692094199, 0.0, 0.0]"
NSGA_II,261406,14,36.8435119361947,0.0,0.0,"[4.454863923134945, 7.611354058868763, 3.4908362518031435, 2.57635361344437, 0.7672615367297067, 4.7565833419337835, 2.815304642219018, 0.45101281238458013, 5.935988540422756, 0.8294271212194844, 1.4819475637489983, 0.4635396767506148, 0.7619170374382684, 0.44712181609627966]"
NSGA_II,261406,15,29.71499887479925,14.38632000834005,1.9553963202992577,"[4.465273839287172, 8.808195919021186, 3.5630611448102085, 4.224865417180704, 0.9089395222059393, 2.887209550682277, 0.6960303389490692, 0.4705363496549402, 1.4109464913895167, 0.7977157776396916, 0.8877083877405008, 0.23366360452591722, 0.044905692125262964, 0.31594683958687303]"
NSGA_II,261406,16,12.596800675790686,132.18520109936358,0.0,"[4.51266579581134, 1.5555993483211896, 2.6118947119538354, 1.8713839369665688, 0.23581132130500293, 0.41677881698632646, 0.030649542383654187, 0.2323136485838843, 0.1014553872787336, 0.5052463874283295, 0.309634599908153, 0.053410182640307474, 0.1254686880484006, 0.03448830817496282]"
NSGA_II,261406,17,22.39795588093739,52.609443001786296,0.0,"[4.772132629034912, 5.0498138740183425, 2.756776725078179, 2.933326062245872, 1.3062028615986196, 3.787196217637012, 0.35696242026684927, 0.21214757498452252, 0.14519379261983392, 0.4366707946314833, 0.6415329288217613, 0.0, 0.0, 0.0]"
NSGA_II,261406,18,11.077806979620396,145.0466206562261,0.0,"[4.789860114993649, 1.4145891475680576, 0.015047651829578346, 2.992547035768466, 0.0, 1.0014381254174742, 0.0, 0.27588382773198994, 0.13185477289965206, 0.0, 0.1731274962850609, 0.2395637477331704, 0.043895059393298845, 0.0]"
NSGA_II,261406,19,13.475258058047613,124.28722510801319,0.0,"[4.8711248034634576, 1.6555341440839997, 3.9238159131464947, 1.3687553761422484, 0.1989011138984353, 0.0, 0.15145051019227335, 0.16127307895254275, 0.0811282262938139, 0.5393450939929396, 0.1573280051992061, 0.05819337459321873, 0.28828014822182263, 0.020128269867163512]"
NSGA_II,261406,20,12.174890716385786,136.90190202023578,0.0,"[5.050187334506995, 1.1345064017421618, 2.1061852121758866, 1.78645671566434, 0.019872371526608444, 0.5065529032962224, 0.027646853513138957, 0.22302520171289664, 0.11213122844063256, 0.7712975201138341, 0.2241781234740089, 0.045891804681574666, 0.15808249334114313, 0.008876552196344312]"
NSGA_II,261406,21,27.093261706133916,24.34529913007718,10.458204454592277,"[5.338427083783769, 10.11633930446003, 3.7532444701823544, 5.250764964505672, 0.3708755620586823, 0.7217099530653384, 0.3605650616459633, 0.16221329685135474, 0.1264566354928959, 0.14656019234133288, 0.5586736587903515, 0.003444524744191657, 0.11730670833380502, 0.0666802898781743]"
NSGA_II,261406,22,14.125758546792659,117.93659984136144,0.0,"[5.874810189981687, 1.5016066433770587, 3.641837451573687, 1.5246602931220605, 0.20490845813242586, 0.0, 0.0, 0.16776169342497566, 0.07989180035925465, 0.6354483710993877, 0.37523378272017527, 0.0778689750501948, 0.025945006397869175, 0.015785881553885592]"
NSGA_II,261406,23,26.506573632708047,28.900175556181146,8.186254955500182,"[5.9717513029277765, 9.54003812207377, 3.5906862399720305, 3.7474118605969897, 1.3652148143839231, 0.1378185702972663, 0.1949984642366443, 0.10993620361202795, 0.15763052161492003, 0.6285442554381929, 0.8148784470967549, 0.14512301901932217, 0.09476191145231486, 0.007779899986110975]"
NSGA_II,261406,24,23.947055540394427,44.25759273371089,0.0,"[6.041696191922922, 6.1541173851867805, 4.259436212474319, 1.7438837015493975, 0.3275347967151943, 2.83723572028919, 0.5594538321368508, 0.2529468013399342, 0.19109659115875927, 0.8123321152909369, 0.24680642461946112, 0.3457049584790967, 0.10518791004763894, 0.06962289918394297]"
NSGA_II,261406,25,16.38231425472457,99.20364859270957,0.0,"[6.25916329802846, 2.186376354084211, 3.630633163735807, 2.369586594830333, 0.05765547777035175, 0.351857847932981, 0.0798140189828482, 0.12965056665559213, 0.12414190399311578, 0.8207961281126986, 0.024191392141380694, 0.12235568092467106, 0.19907415800535092, 0.027017669526771686]"
NSGA_II,261406,26,28.54288514282919,18.459343030150357,22.52903339625275,"[6.533320439009419, 12.0, 3.469980829291673, 4.96324536440942, 0.12657636799958993, 0.09061905481150931, 0.3149632722157645, 0.019708439670236347, 0.06601797900331492, 0.19832744422018447, 0.2597979661560792, 0.3447723706168701, 0.15555561542512836, 0.0]"
NSGA_II,261406,27,17.734087186244203,86.89376422664537,0.0,"[6.647749019761193, 3.749315745953156, 2.948929461337288, 1.4842162887286114, 0.5279857527218478, 0.7312150807908029, 0.2575370850543269, 0.40305355393544956, 0.0036721631624028264, 0.47106511296189507, 0.2424477287273038, 0.11293821702157561, 0.0963473351825247, 0.05761464090582426]"
NSGA_II,261406,28,25.442465713421143,35.57495951645302,5.863399954210593,"[6.8419467410967165, 8.40136468793962, 3.5100023050786526, 3.7410609625420026, 0.37102539774528126, 0.0, 0.9705855142652469, 0.1289406844612271, 0.15490702230565845, 0.21474042404610438, 0.4511177328134305, 0.4355448392274641, 0.12800361987420103, 0.09322578202554307]"
NSGA_II,261406,29,30.50048970128303,12.374239231878672,15.765629154377745,"[6.990430904797231, 10.848090249326452, 2.94868782808525, 3.3847545250277165, 0.44868893104437846, 2.8659821652672255, 0.6000138654309833, 0.3150505643865458, 0.21091733179858263, 0.04582792242497531, 0.5599547876771833, 0.2603040041571431, 0.9244658327244457, 0.09732078913491646]"
NSGA_II,261406,30,32.17209396434335,7.9221557462454335,3.964468172137586,"[7.10072932980321, 8.025728150298976, 3.4957500914148674, 2.2445955490012945, 0.6522461925213322, 1.1288234239372361, 2.914148664962777, 1.6290275331068051, 2.5404363001552412, 0.39367971388638273, 1.2347078811421381, 0.29874183634073215, 0.16713562284022776, 0.34634367493212714]"
NSGA_II,261406,31,15.093058585924636,110.56647476312168,0.0,"[7.1847427566805315, 0.4798931341355397, 3.544102223997384, 1.3219282963870223, 0.23002974846993962, 1.020757765509853, 0.0, 0.10513070421460693, 0.08025956976669532, 0.4193856473845165, 0.43537405630404225, 0.07199616011988541, 0.133291890935501, 0.06616663201911652]"
NSGA_II,261406,32,22.985040143849993,47.863517275242515,0.0,"[7.234334069728064, 4.875635958191245, 3.632045826484362, 3.1454163574608933, 0.4712650148980096, 1.9198479730069418, 0.65221010967024, 0.2948531442311623, 0.3280184122797746, 0.21777976272965915, 0.0032110279326191815, 0.1652780582187996, 0.0, 0.04514442901822627]"
NSGA_II,261406,33,32.49336035131269,7.023510901061908,23.812302308701735,"[7.486141252576642, 10.15502768738884, 4.480089796785113, 3.31701242837891, 0.6789305618516872, 3.7429991429562817, 0.0, 0.0, 0.22441990228774444, 0.964826499337733, 0.8886030038943589, 0.33274828800238965, 0.13233018416569586, 0.09023160368728611]"
NSGA_II,261406,34,25.098021503346967,38.6389408023175,6.8415547901490825,"[7.495821396205244, 9.422110513179042, 2.7075663606129163, 1.3236263407703919, 1.2032995960562265, 0.4175124738670736, 0.23733086620103536, 0.17847441016539428, 0.04988383413342354, 0.46233831836873546, 1.1622424572819305, 0.19972816289295292, 0.17737176727516193, 0.060715006337435595]"
NSGA_II,261406,35,29.68496632211239,13.95037735795055,11.928610335999352,"[7.5361957661233046, 9.822852182428932, 4.31964586214295, 0.6107970958319027, 0.4304424129363075, 4.290444350761427, 0.5872323050665859, 0.2841406736505703, 0.03992696363624799, 0.9459411621559182, 0.36925447218207286, 0.2586265339237535, 0.11178351134085297, 0.07768302993156484]"
NSGA_II,261406,36,32.93920654439814,6.130712743583228,30.57400991760353,"[7.894635491052752, 11.409264271108526, 3.4016562553342413, 5.434423493033323, 0.7517441030020242, 0.07877781884317343, 0.8178481491389884, 0.014475136718897275, 0.1975515788148745, 1.0254364713411237, 1.2084962055119737, 0.4119160847689128, 0.20385565334984104, 0.08912583237948594]"
NSGA_II,261406,37,31.047937452965364,9.901335352555627,25.766687521567196,"[8.663305706729467, 10.056387848642665, 3.7443991780851014, 4.891226893063746, 0.5858932646181036, 0.11732286164929558, 0.3952972095010511, 0.25080794281938673, 0.1812276177081208, 1.0503308055252762, 0.8511472532778168, 0.08524849446862545, 0.09813211839036054, 0.07721025848634755]"
NSGA_II,261406,38,35.661693341236315,1.1693066587636842,44.44899592726215,"[9.169856628243895, 11.746706455522903, 3.42556345173473, 6.22927409233125, 0.827740882555554, 3.875296633491113e-05, 0.8716089605741375, 0.12900545856043105, 0.25937766168281184, 1.7405830653973062, 0.5844774965818795, 0.41747845257759264, 0.1085813505110407, 0.15140063199644885]"
NSGA_II,261406,39,33.43984935763882,5.143977637208732,36.712523946165476,"[9.18600078924765, 10.156282332045576, 4.717374926984486, 5.3660272773686195, 0.7032497655640415, 0.06194176351901536, 0.6002086502791064, 0.36637384339657936, 0.27011287446583654, 1.2476031018399336, 0.5521974396675848, 0.0, 0.10880024077404274, 0.10367635248633736]"
NSGA_II,261406,40,33.58440304790746,4.793257101160009,40.162748399846066,"[9.231460469812289, 10.98033637067201, 3.4620675277500292, 5.94927357084104, 1.3382918129476444, 0.09609273480047135, 0.6093367725656105, 0.1512784944273532, 0.29421127391791146, 0.10371984635112419, 0.7788386394687145, 0.40577698446618615, 0.14165535291212725, 0.042063196974941236]"
NSGA_II,261406,41,34.19607250559072,3.5713421737397404,38.71820212804973,"[9.26415525410803, 11.109060617737454, 3.4335316367528192, 5.997668224056984, 0.8370685882754494, 0.01768502607923436, 0.0, 0.11932415573957342, 0.27070198958639363, 1.8202411196155892, 0.655060144533877, 0.3857455531626122, 0.24234301102152875, 0.04348718492116785]"
NSGA_II,261406,42,30.41870879301435,11.088340637161973,28.69479034337869,"[9.49824571776692, 11.107207536629504, 1.764426889849502, 4.5884105947645155, 1.0489936279815373, 0.8775912209364466, 0.21013066287704688, 0.15310438328851497, 0.0, 0.19353595739228807, 0.7436844535197725, 0.13335855995340937, 0.09426096486419563, 0.005758223190695341]"
NSGA_II,261406,43,31.74578262994078,8.451696343395046,34.090587791719734,"[9.986018940073803, 11.083611372704231, 4.278440832657591, 1.972693719533755, 0.5547089178722666, 1.698283481716636, 0.5551331565784495, 0.17031552127307045, 0.0, 0.815018197889297, 0.21018945824138038, 0.3925076921494217, 0.0055997359742471775, 0.023261603276629045]"
NSGA_II,261406,44,34.48871660518493,3.018465932597504,48.33959715312944,"[10.066777454335757, 11.358671435574248, 3.7676979506055677, 5.9385368623543195, 0.3610106605434374, 0.8735151012366285, 0.34346057510317696, 0.16107381226443931, 0.3455047370087995, 0.044782923295549046, 0.6777023176463854, 0.4024721261775813, 0.07161150607166836, 0.07589914296737325]"
NSGA_II,261406,45,36.57262561447798,0.2583743855220142,45.62709744002851,"[10.18632523660153, 11.951549946016712, 3.5353625706945353, 4.657395194181732, 0.6622873804177696, 0.1240805535690648, 0.4741874231006168, 1.0430537380454161, 1.297252215571791, 0.988651413796208, 1.0237952850992493, 0.4070669639292115, 0.22161769345414592, 0.0]"
NSGA_II,261406,46,29.08617285617485,16.880769354122762,20.871850905773886,"[10.913525118594833, 9.410423385823481, 2.4360413253863675, 1.6781699201670262, 0.49866269465233937, 2.204582813736243, 0.12685037635327762, 0.09379685080096603, 0.0, 0.04675774029180013, 0.6535722498114332, 0.9104551814245218, 0.0, 0.11333519913256412]"
NSGA_II,261407,0,9.590465423078326,156.1541870450269,0.0,"[0.21767040195480714, 3.782115333675042, 2.991911195633679, 0.6415849428805445, 0.760474112601939, 0.39347766185245037, 0.3541488212320003, 0.18530284881407855, 0.0, 0.09527026342380557, 0.12735249531054016, 0.0, 0.02805585979623753, 0.013101485903202387]"
NSGA_II,261407,1,27.76501020244546,21.48034693795711,3.316940846347876,"[0.3516250998251609, 6.249178962343569, 6.564705738600802, 8.358470725599998, 2.2169797936088202, 0.466386871082038, 2.4299694103761125, 0.06041681573540655, 0.30752610379536344, 0.2379625110922545, 0.04952771543699219, 0.4435145796162188, 0.0037393580502266027, 0.02500651728249454]"
NSGA_II,261407,2,10.572311989945469,150.56704842426214,0.0,"[0.6607438218265048, 5.056529317507436, 2.5960109498127926, 0.0, 0.3138117862727197, 0.7351614173386809, 0.0, 0.2141280495931329, 0.04226803447131168, 0.5231545472393829, 0.2050267629095941, 0.20922901853094827, 0.016248284442966842, 0.0]"
NSGA_II,261407,3,5.163164139606737,193.10928197997316,0.0,"[1.0216302103717132, 0.7998581292793461, 1.4147511629583855, 1.0027145987070512, 0.21174233556327432, 0.0, 0.0005653868051540719, 0.17965690687657684, 0.014528064548718333, 0.25929850883711014, 0.0369636999945122, 0.19619016968146505, 0.009375462291868735, 0.01588950369156004]"
NSGA_II,261407,4,4.584301251853042,195.08668728352538,0.0,"[1.0245014006661708, 1.0274374690630546, 1.7007465422818184, 0.0, 0.28955619724007775, 0.0, 0.0, 0.23054717008326941, 0.0271178777403958, 0.18418816378245687, 0.056616412119731174, 0.0, 0.0, 0.043590018876067935]"
NSGA_II,261407,5,2.883709335877014,209.67748085883,0.0,"[1.0392504832506446, 0.6366744299135013, 0.03558200496057369, 0.0, 0.19167062859625383, 0.0, 0.0, 0.2549027556215463, 0.0, 0.26613207446044734, 0.0, 0.4331260389134824, 0.010271726384402744, 0.016099193776161477]"
NSGA_II,261407,6,36.851943377379385,0.0,0.0,"[1.2089807478915484, 6.936662641780897, 2.8673514003082405, 4.375191078485203, 0.0, 4.086357887327149, 5.101651414232054, 2.354279922170563, 3.305910536304712, 1.6324756586760556, 0.7310294777631484, 1.7111340894180593, 2.114393500594418, 0.42652502242733586]"
NSGA_II,261407,7,10.586726811236257,148.08857836812774,0.0,"[1.4921998978931323, 2.7367572510538416, 2.5667039767167177, 2.2190556221273923, 0.4220980953244606, 0.3254443775729571, 0.027948265151237543, 0.14103574018956558, 0.02713884780137702, 0.3804709001968599, 0.0236514754956631, 0.22054822460346749, 0.0036741371095850733, 0.0]"
NSGA_II,261407,8,13.332074352336791,122.19857607043156,0.0,"[1.61685674764957, 4.875566476329095, 3.206970726201024, 2.4676500739051868, 0.36694743057687595, 0.0, 0.041627340457974525, 0.10516225304891726, 0.03358840626303178, 0.25650712289207156, 0.118487460139804, 0.21899271793724143, 0.008564073896704471, 0.015153523039294924]"
NSGA_II,261407,9,6.215636545637434,187.67626474779468,0.0,"[1.6598593028222834, 1.0076916193750027, 0.009966778477384253, 2.419340220507813, 0.16768902276486472, 0.0, 0.0014401805452709388, 0.15897865206972195, 0.0151633133712629, 0.2581253735638243, 0.09053001925312816, 0.40151434520379037, 0.009362464902910862, 0.015975252780176044]"
NSGA_II,261407,10,9.188151105425268,158.57745073150073,0.0,"[1.672173526072711, 3.723283143500367, 2.3216087685610187, 0.5994622143457937, 0.035874918235727936, 0.024648874442112986, 0.0015011682244817012, 0.13552066092801768, 0.0, 0.25664405840784665, 0.0, 0.39015709000591936, 0.011176039336524606, 0.016100643364746696]"
NSGA_II,261407,11,3.508124621578283,204.61025648852905,0.0,"[1.6739374953363169, 0.6366744299135013, 0.03558200496057369, 0.0, 0.19167062859625383, 0.0, 0.0, 0.2549027556215463, 0.0, 0.26613207446044734, 0.0, 0.4331260389134824, 0.0, 0.016099193776161477]"
NSGA_II,261407,12,7.688944256837509,173.73795923096597,0.0,"[1.763706761025694, 1.2061675925063151, 2.453907349558161, 1.3972204934351706, 0.0, 0.030788175590944294, 0.06058358524178886, 0.10667063992995074, 0.0, 0.2501379411852292, 0.1307653457286717, 0.2688556898941799, 0.0040381047257287235, 0.016102578015674492]"
NSGA_II,261407,13,7.34362069463481,185.95381195348887,0.0,"[1.9483588606234736, 0.6455002535805378, 1.5846539256815324, 0.0, 0.7073859514746629, 0.0, 0.5266237489672105, 0.18966034596546513, 0.9397813800647553, 0.41524941584530706, 0.041144572982089185, 0.32503938785575737, 0.010880230365722563, 0.00934262122829533]"
NSGA_II,261407,14,31.103018999150457,9.716818456894718,13.8149615138631,"[2.069483919319042, 8.265120198177655, 5.996507610443915, 7.647685488491754, 3.5142598861302226, 0.6470803618360124, 1.7438322660709713, 0.1424099771724812, 0.3897499841429948, 0.3287988600360429, 0.11901770880064068, 0.23311566788910315, 0.0031006154440004936, 0.0028564551956195734]"
NSGA_II,261407,15,16.586652935796284,96.28392736775277,0.0,"[2.0912928536684516, 7.550222080104357, 2.4825438959828237, 0.916795650513728, 0.4351634577675645, 0.3168339787441304, 0.8758775680818379, 1.470335112389376, 0.2698866344793475, 0.14317464961157017, 0.031364009920730004, 0.0, 0.0022269106881109488, 0.0009361338442563068]"
NSGA_II,261407,16,22.557000982714325,55.820542030604216,0.4088108809515205,"[2.130510408893837, 6.8913143095652725, 4.534396289611888, 5.958589872880525, 1.138438767773878, 0.24042991861780166, 0.0, 0.10641883653424183, 0.2864349020596583, 0.06907667663626066, 0.120547899587106, 0.0, 0.0037416478121491546, 1.0771014527417087]"
NSGA_II,261407,17,14.410423559399822,113.9628580037596,0.0,"[2.176059270601005, 3.3325169832631447, 5.621086565140095, 1.2607657807758104, 0.1595214465824223, 0.26699288296564977, 0.764949627472323, 0.15116147677070568, 0.1447885818095163, 0.3500493354773516, 0.16068020141182002, 0.0, 0.0040732795387786805, 0.01777812759120083]"
NSGA_II,261407,18,25.884778625663486,30.964609752072676,6.289032528769702,"[2.3038312779212275, 9.911482697905992, 6.536683259962597, 4.593657691842967, 0.3987254377143131, 0.35379873385738947, 0.7310404604347938, 0.10524326018446464, 0.3875797796806838, 0.06871711958614807, 0.19319945315794224, 0.25436942273278945, 0.005192941457674024, 0.04125708922450184]"
NSGA_II,261407,19,35.172093285168074,1.658906714831911,37.41806955107171,"[2.313932651424552, 10.158746706709874, 7.295881621484913, 9.134979863582815, 3.334242052926297, 0.6183054088874647, 1.387705328247826, 0.07450926057835208, 0.7304823050638611, 0.09056421538465508, 0.024781663729796052, 0.0, 0.003294089306311274, 0.004668117841360864]"
NSGA_II,261407,20,19.945823500082728,68.72395119703147,0.0,"[2.3312819777730844, 6.095385516691729, 5.148744676201964, 1.149143496524527, 1.3656874512042123, 0.6364195699919482, 2.155300157821748, 0.0, 0.782750535964047, 0.00976764353907357, 0.006886650412819825, 0.2571151664973405, 0.002734687420853469, 0.0046059700393793045]"
NSGA_II,261407,21,8.308321526799329,167.65916705050336,0.0,"[2.332657510032791, 2.140169286964956, 1.316158288094384, 1.1896731153477909, 0.31666754166783173, 0.25601259064355064, 0.002905897328296922, 0.10169355094063062, 0.1661027132430537, 0.15794106267979835, 0.13271783112346985, 0.16859160171780302, 0.0007476239690593345, 0.026282913045912758]"
NSGA_II,261407,22,27.011704269190396,24.24854456134738,7.596320482353185,"[2.407942136821524, 10.845716134364768, 8.732194323232353, 0.0, 1.1917626990972474, 0.656120181290647, 2.301272921520402, 0.05358315435511545, 0.37792030175914826, 0.03244443576717442, 0.11670499427217772, 0.2823054450912404, 0.00315643183805286, 0.010581109780549863]"
NSGA_II,261407,23,23.943832002965614,42.480759498506906,2.105112900333012,"[2.5156900634014496, 7.379155488994806, 6.535845468873291, 4.780421879063464, 0.07909580356003362, 0.5604581577460982, 1.1968810375646817, 0.1057520645555719, 0.268918371635938, 0.06950637152240188, 0.1588849332605894, 0.2667899417869073, 0.004056652105586134, 0.022375768894796352]"
NSGA_II,261407,24,29.18930542425169,15.650456539907541,10.597231667639605,"[2.5580154408193962, 6.94012118814261, 6.6102501648766685, 8.35337685966351, 2.27803688648456, 0.36186693416393845, 0.6867818684746203, 0.0, 0.5863523719757335, 0.24179681484324977, 0.15049746525636704, 0.4156926029631774, 0.0025648458124249126, 0.003951980775432487]"
NSGA_II,261407,25,32.60325785912243,6.714379065383614,24.474011740509887,"[2.5821899269813553, 9.63980506495432, 7.904685925041703, 8.498866681470334, 0.0, 1.1006735534814114, 0.9297933227788298, 0.19141871681867068, 1.2093714809078149, 0.09929730425036357, 0.0647069624190727, 0.38155413639007707, 0.0, 0.0008947836284745325]"
NSGA_II,261407,26,32.531336788904966,6.857700151986965,21.187073139094892,"[2.6753686657336173, 11.390389733029437, 7.124122970122743, 5.691922896531781, 0.528497365606344, 0.9991123486102964, 2.0464995157360852, 0.10755884991629414, 1.1835731145157737, 0.49738448876626007, 0.04034561077551776, 0.24303686657872134, 0.003150633185183944, 0.0003737297969122729]"
NSGA_II,261407,27,35.86874251119744,0.962257488802571,29.133410988074047,"[2.7233743690704064, 8.911757871853272, 8.375176464270261, 8.145069388146496, 0.7527930152876923, 1.4771287326862472, 2.8275995515925842, 0.1584544537832593, 1.572221048258573, 0.4693118262820309, 0.036736399374097964, 0.41556992927073844, 0.0032476823139170434, 0.0003017790078585934]"
NSGA_II,261407,28,36.550716111771926,0.28028388822805894,41.35336456987312,"[2.733903288385233, 11.87855644375017, 8.41760315996881, 7.383690449860124, 0.6631597297454813, 1.1055006540923866, 2.1858054850480513, 0.1513233844566158, 1.2879839573858738, 0.45780805837251687, 0.03913616986221312, 0.24240904597029667, 0.0030513846124330894, 0.0007849002617200979]"
NSGA_II,261407,29,28.09384053372899,20.020281156118887,9.374103314542587,"[2.7420541988181166, 8.303582393029474, 5.178543089409998, 8.700598350807383, 0.7954604668186502, 0.7148482847103624, 0.020114383965010862, 0.10625277799062305, 0.6229859745163481, 0.44508614868788776, 0.06442306694757824, 0.3879273087882581, 0.0031762854712552462, 0.008787803768049173]"
NSGA_II,261407,30,17.05609674848115,91.14572004935859,0.0,"[2.7561394592647237, 7.762477868652645, 4.281798671600731, 0.7689376904225761, 0.3899540504137058, 0.31731026500700776, 0.0, 0.056273818913941065, 0.0, 0.2800987212215965, 0.10080727395934683, 0.19091140398815284, 0.14657473640613647, 0.004812788630584701]"
NSGA_II,261407,31,36.00877903104131,0.8222209689587032,22.994946154544984,"[2.777317521146678, 7.266520276975727, 8.306920028698638, 6.368703443702916, 3.361667701628463, 0.9193212429431973, 4.83082402193705, 0.0905993958865993, 0.4888354458251262, 0.145061594798083, 0.12876697576206653, 1.2913272302651868, 0.003169762710157617, 0.02974438876140983]"
NSGA_II,261407,32,29.479562103328316,14.444491183328804,12.263610824699775,"[2.783595586957643, 8.80119255048814, 6.112401918722852, 8.547334360190696, 0.0, 1.1438475194531321, 0.0, 0.19100362291504708, 1.3147944398876241, 0.12299162663179969, 0.08292211744114111, 0.37383103242301596, 0.0030334204325835334, 0.0026139077846380303]"
NSGA_II,261407,33,24.736514004902176,38.04774095578587,4.619991515260502,"[2.7995421628500616, 4.879745725318928, 5.675757677446791, 9.772068633194566, 0.3137631176398061, 0.4074693255708739, 0.0, 0.1658480012025206, 0.0666638465015662, 0.13733668805349392, 0.11529551191807448, 0.3706026854810327, 0.0030139317561313924, 0.029406697968328684]"
NSGA_II,261407,34,35.804447512002,1.0265524879980035,39.361606353673416,"[2.8152727052455386, 7.018988922402979, 9.445237149543876, 10.563582193570115, 2.1812655014103894, 0.7111856301652032, 2.426692651725055, 0.06469852308119572, 0.0, 0.13862841016401461, 0.1338086154452941, 0.2766992082192036, 0.0030578659109436013, 0.02533013511818446]"
NSGA_II,261407,35,12.443212151435665,128.9768038209306,0.0,"[2.9508313549318523, 2.6579397411098107, 4.317079566280347, 0.0, 1.3576165939909293, 0.4562619944903218, 0.24156035723842872, 0.1254033287441691, 0.12766974512447402, 0.08387419706040218, 0.10886582843371427, 0.0, 0.0017783809405173732, 0.014331063090698324]"
NSGA_II,261407,36,26.29545537916304,28.81233682863861,4.25673464315134,"[2.9520929767785566, 6.2540073782937915, 6.538350448840008, 7.225091632476829, 0.26564977037297116, 0.541007519956737, 1.5543490509178897, 0.10406153143168216, 0.11968927877292945, 0.20936254986459363, 0.10478689196552209, 0.39659954610776993, 0.003699885420874148, 0.026706917962885844]"
NSGA_II,261407,37,30.432279826026942,11.080446865228602,11.097683133170694,"[3.0188947234066434, 6.249178962343569, 6.564705738600802, 8.358470725599998, 2.2169797936088202, 0.466386871082038, 2.4299694103761125, 0.06041681573540655, 0.30752610379536344, 0.2379625110922545, 0.04952771543699219, 0.4435145796162188, 0.0037393580502266027, 0.02500651728249454]"
NSGA_II,261407,38,35.25954724268196,1.5714527573180348,17.597853101223087,"[3.042853800792307, 6.5806665777052125, 6.731590605641905, 9.114981021560814, 0.42017102466721923, 1.0985498366976647, 6.281991721902989, 0.012076020154035336, 0.4199360629358025, 0.3857516416157446, 0.0, 1.1659729196716617, 0.0030705011073305197, 0.0019355082292748973]"
NSGA_II,261407,39,18.127370611123204,82.3934023348585,0.0,"[3.1080336229749395, 3.45894224292582, 5.604827065663795, 2.812120474082551, 1.4431986366727911, 0.30516198770693537, 0.4534542256771488, 0.14791934755841618, 0.13248798467999387, 0.3285823573346369, 0.11251919299233479, 0.2003389694440137, 0.0035383081363501395, 0.01624619527348106]"
NSGA_II,261407,40,34.79936641594348,2.3212671681130495,30.89638605431667,"[3.1218551665687495, 8.233211526815557, 9.473831603337173, 8.123872595402162, 0.7580335505574793, 0.8128613739320318, 2.317337919925649, 0.1082391330996853, 1.2471957443936992, 0.07457380803979424, 0.11994397395236625, 0.40515307303204784, 0.003256946887082475, 0.0]"
NSGA_II,261407,41,19.230832208513363,74.4370308272945,0.0,"[3.235404775190814, 3.755767737048523, 4.450898083314633, 5.6220380303229724, 0.5322012196103727, 0.39502964689364733, 0.28940468395761443, 0.1849022786256287, 0.06558668213714525, 0.10422904859141197, 0.12754452456289342, 0.4228827287254748, 0.0170095982159304, 0.027933171316296905]"
NSGA_II,261407,42,35.40602898852041,1.4249710114795988,33.399702535736104,"[3.3658551994440846, 7.12754598011902, 8.734896189027578, 8.569150793643717, 3.3554644717606044, 0.7105854739197084, 2.233281927983961, 0.07398619120396656, 0.5526955493249024, 0.13703210078171493, 0.13406190752282582, 0.38080590112644686, 0.0031314386043047255, 0.027535864057568193]"
NSGA_II,261407,43,34.02544465376945,3.89365717175615,13.071991738667247,"[3.3947837593113728, 6.251039819992073, 6.840357345847421, 8.612217394945034, 1.5932326236800711, 0.6462674239895494, 2.2871657392643403, 0.07530649116713115, 1.8945815643604043, 1.1327099440666077, 0.05000685095193525, 1.2202802266726585, 0.0029489902258063435, 0.024546479295040242]"
NSGA_II,261407,44,21.567362421582903,68.1108391712923,0.0,"[3.575175290087775, 5.464319132960008, 5.959923407246243, 1.2043148475728507, 1.0568520772815142, 0.3923698187626517, 0.9006272651175966, 0.0755763581149701, 0.2829561452529842, 0.21878642049224759, 0.0, 0.282140919834295, 2.1446409763606784, 0.009679762499094533]"
NSGA_II,261407,45,11.607875854797777,140.56740176625263,0.0,"[3.8294414417972362, 2.405657212518144, 1.7904167884063646, 1.8068507887111367, 0.2395780318891236, 0.0, 0.023893709759313823, 0.7386310619581695, 0.016010991106787865, 0.26523407213748507, 0.01418493097973239, 0.4625346612277754, 0.0, 0.015442164306507942]"
NSGA_II,261407,46,34.05149597509383,3.832388792313118,26.53133095230116,"[4.417638724328052, 4.9582740040054745, 5.605240679932431, 12.0, 2.6660757494941354, 0.5949695077001739, 3.2406761949471807, 0.0, 0.13511672235947708, 0.0, 0.0, 0.4151839795114932, 0.00293967031465235, 0.015380742500757898]"
NSGA_II,261408,0,18.86579438262574,76.7481709702662,0.0,"[2.6627811832954613, 6.396238974472055, 6.170369685023199, 0.409408194468372, 0.8947526775361844, 0.46325245691002637, 0.2137794326914444, 1.148751038788504, 0.0, 0.21622056718522795, 0.04533480796615766, 0.22278174548023688, 0.0, 0.022123618808871426]"
NSGA_II,261408,1,36.839916187948965,0.0,0.0,"[2.9488716397993007, 7.297876844503674, 2.7823503872140325, 2.04615799711327, 2.6448850080298367, 0.13329825955898064, 5.040215333041732, 2.995439545533814, 2.201395433491298, 2.4993659701463966, 0.2010563740089159, 1.6252411500276531, 3.7144489083003247, 0.7093133371797327]"
NSGA_II,261408,2,16.127265023994326,97.62849358316099,0.0,"[3.2268266558680474, 6.045258590352104, 0.0, 3.517414493790549, 1.977787149648019, 0.6079456721606324, 0.0, 0.4089592300772159, 0.05561481436950963, 0.07468280527084975, 0.0346779729343112, 0.14588988551984114, 0.0010065350530219577, 0.031201218950224825]"
NSGA_II,261408,3,12.422569619887765,130.1512674088801,0.0,"[3.2668185099028166, 6.035732444507732, 0.0970926865068556, 0.42727028226795294, 1.296183272876629, 0.5438214496480255, 0.05698530663757667, 0.2891692382506138, 0.040467834548859, 0.12010561749963505, 0.03717717442674415, 0.18833468457371935, 0.001736499743848315, 0.021674618496754974]"
NSGA_II,261408,4,13.232818220009612,125.49150932406096,0.0,"[3.281562047849429, 6.381836190898486, 0.23121193358460868, 0.43910265731939546, 0.6564355643570005, 0.4547630878109964, 0.2986445490786085, 1.1486022602462067, 0.0, 0.11964318511356814, 0.014462265592814848, 0.1864110069520791, 0.0019280457455545122, 0.01821542546086297]"
NSGA_II,261408,5,14.575415644489018,112.69265110826771,0.0,"[3.3179233556360894, 6.129214981598037, 1.7891795817258247, 0.41550065155950466, 1.025711739555709, 0.4686466099992552, 0.15513762364671924, 0.837365247899004, 0.022469891938167796, 0.16663090943376097, 0.03653263025091859, 0.18867495871600687, 0.0003364029242329833, 0.02209105960578659]"
NSGA_II,261408,6,13.435276216416659,122.44927610270193,0.0,"[3.3408866127958725, 6.288355378224445, 0.507295850406904, 0.9744648215902773, 0.9039323517789559, 0.06652038230336904, 0.7072320108379033, 0.0, 0.004581073006894559, 0.2197445520519834, 0.17124475777595427, 0.204885357623305, 0.0, 0.04613306802079745]"
NSGA_II,261408,7,12.636578522318318,128.63817402929288,0.0,"[3.401545028469528, 6.035858624293735, 0.11143839616214038, 0.8382931596085141, 1.011969437783635, 0.4672566720590473, 0.0, 0.2877584673971611, 0.0, 0.12250870786615853, 0.1073745843910195, 0.17854594406873972, 0.04987419827370605, 0.024155301944934204]"
NSGA_II,261408,8,13.974017455590237,116.74180387848351,0.0,"[3.482688427913266, 6.210276582344131, 1.1774725918948201, 0.9766713031703929, 0.7967047698391385, 0.328758093517379, 0.4621451475286203, 0.0, 0.0050576363347944395, 0.17638147722340342, 0.17405751783192083, 0.1000017121656404, 0.031749979203030375, 0.05205221662370183]"
NSGA_II,261408,9,16.529462471010802,93.70786917924086,0.0,"[3.6574773082112717, 6.194916261612282, 1.0249523631662834, 2.120590272034817, 2.9414158551003107, 0.1202259638790838, 0.009963176120124755, 0.1621711292119187, 0.030873010996438605, 0.02396608853432894, 0.04506565118821015, 0.16569344018557358, 0.013039930552345865, 0.019112020217814142]"
NSGA_II,261408,10,15.026295803236701,109.49549436843296,0.0,"[3.7147566579379125, 8.28749530554654, 0.0, 0.5999061173366645, 0.125150838199655, 0.15537560726934727, 1.2674029074713433, 0.4641126562377004, 0.0, 0.11711628874542916, 0.11264389639409583, 0.00849184023768339, 0.14156175175030494, 0.03228193611002544]"
NSGA_II,261408,11,20.36928849682628,66.68121202433164,0.0,"[3.807189491872605, 6.206632075549731, 4.400605728430987, 2.0540995078144766, 1.3026167730288418, 0.4657872167346029, 0.3201415116600956, 0.3088322695455272, 0.8365438448313035, 0.36152696060666983, 0.03697714607945062, 0.22427558146995502, 0.01776236325942487, 0.026298025942604778]"
NSGA_II,261408,12,21.80914982748472,55.74956889998003,2.980088744968704,"[4.04023973548897, 6.117000343564041, 8.824472138245453, 1.7276643103717737, 0.0, 0.3502300511781599, 0.0, 0.0, 0.29729607561653937, 0.1203947914328751, 0.0, 0.25677383986870833, 0.05403457589326347, 0.021043965824938515]"
NSGA_II,261408,13,26.81742892809926,26.755197685605584,11.905769340658793,"[4.086668677150261, 6.666556549427979, 11.371261004357033, 1.8740130241638016, 1.3372845995253808, 0.0, 0.0, 0.24377915627862135, 0.1836646616831747, 0.36309137906144606, 0.01942938396657516, 0.27645827553568886, 0.37566480414698933, 0.019557412802308848]"
NSGA_II,261408,14,15.405685620421103,104.17135422864335,0.0,"[4.154419973462123, 6.348999328855505, 2.806130860011095, 0.5148252265023525, 0.5682679217602941, 0.3063240786319692, 0.2588284374313781, 0.0, 0.0, 0.16207027285238496, 0.03548930506704204, 0.21611254330396187, 0.017447881910522364, 0.01676979063247436]"
NSGA_II,261408,15,15.73919211718978,100.70732858237346,0.0,"[4.346693066848272, 3.8392566803737953, 2.1710781939110255, 1.557631774884883, 1.853521356784237, 1.3237119298978248, 0.0, 0.3581073346223688, 0.08976093833556575, 0.0, 0.03002658682150894, 0.15790340947993767, 0.0, 0.011500845230362766]"
NSGA_II,261408,16,17.606009510044398,86.09402751533823,0.0,"[4.82885274234183, 6.318060334043355, 2.894242910562568, 0.9741051471198033, 0.7500685025030805, 0.27358682353871233, 1.0055544088728765, 0.0, 0.0, 0.1932794858942208, 0.0, 0.3098437531305827, 0.022861441903791517, 0.03555396013357738]"
NSGA_II,261408,17,17.86458627414212,82.89935223266468,0.0,"[5.120029170539466, 6.410330031199459, 3.1600715443649854, 0.690362783361298, 1.0129552639849995, 0.31327060934098827, 0.7193018367471868, 0.07330003632185142, 1.0373224170756763e-05, 0.2550796806140878, 0.07288066997204455, 0.0, 0.0, 0.03699427447158181]"
NSGA_II,261408,18,18.330545738982156,81.05863546539162,0.0,"[5.406078567091198, 6.383917554481286, 0.0, 1.8100174988361604, 3.3753414735205456, 0.0, 0.33790119255834516, 0.25455666642886754, 0.07301295414575222, 0.2948485366417828, 0.037431915706956205, 0.32847432779777785, 0.003981471627973271, 0.024983580145509728]"
NSGA_II,261408,19,23.79665923970785,42.973484518071956,5.167309053742528,"[5.45608394202698, 6.343773868571624, 9.118554921105373, 0.0, 1.9650708586306251, 0.02521037387722158, 0.20233698281255502, 0.09979328438780333, 0.1099677369044845, 0.26756517537252966, 0.0025960084088346904, 0.18775050869675852, 0.0003466565267721121, 0.017608922386290853]"
NSGA_II,261408,20,28.865050517011166,17.20734126526012,16.15316877558716,"[5.46851026609151, 6.4929424008454815, 11.713470786351255, 1.4734881523750007, 1.0329802964601504, 0.2780499123888768, 1.0650543726484776, 0.41792772390935895, 0.24298224407124167, 0.18327812933029397, 0.01746381657392566, 0.2728932689873898, 0.19837737661716898, 0.007631770361032299]"
NSGA_II,261408,21,34.40138093322011,3.1499525353485573,48.48789217826555,"[5.495169452920153, 12.0, 11.54991306958993, 0.7511476038509173, 2.0083945217872277, 0.4664987349534425, 0.9277300556364922, 0.5279551677481603, 0.08423975575828162, 0.29973947289325487, 0.14986319940189807, 0.10424567566367517, 0.0037698212279158047, 0.03271440178875969]"
NSGA_II,261408,22,29.251564379898582,15.804193628523613,18.31671436085723,"[5.498838692525577, 7.065975070748617, 11.714692690652662, 1.3337803190367672, 1.0795651130010686, 0.2839212510183702, 1.0635229740359222, 0.5026961280085506, 0.18007531452304573, 0.16627704231608675, 0.03413202971207641, 0.04959586291502085, 0.049620389011516636, 0.22887150239330473]"
NSGA_II,261408,23,26.37462388892039,28.793519990851436,5.666662302294746,"[5.510295761202561, 6.0933076850477494, 8.831900617751824, 1.2183657130722265, 1.476418684143903, 0.45411914184495655, 0.9803451953300044, 0.36441999636439343, 0.6537741649723612, 0.12961977814293915, 0.0756672393240358, 0.4348815407951316, 0.12987740944418213, 0.02163096148412169]"
NSGA_II,261408,24,29.309749581722,14.870318053268132,18.85342225721141,"[5.519058763254434, 7.12473389136258, 11.513754379589637, 1.3036810228850675, 1.4804866859085928, 0.3161414272733106, 1.0632200823655173, 0.49051432108205395, 0.15840639808036547, 0.16683300049785518, 0.06707923837035334, 0.0858096425220812, 0.011585447956399257, 0.00844528057374832]"
NSGA_II,261408,25,30.061384777608023,13.608370277970938,20.65236750471662,"[5.519058763254434, 7.12473389136258, 12.0, 1.3036810228850675, 1.4804866859085928, 0.0, 1.0632200823655173, 0.49051432108205395, 0.15840639808036547, 0.16683300049785518, 0.06707923837035334, 0.0858096425220812, 0.011585447956399257, 0.5899762833227156]"
NSGA_II,261408,26,32.089329697246576,7.7741377452845555,37.21070148497789,"[5.520380912921243, 11.620449613045801, 10.481532391038439, 0.6384647110922312, 1.980966326264745, 0.3040973473386694, 0.07910385614288373, 0.8919495181917041, 0.1419424482909418, 0.3235860793447886, 0.022410592083739106, 0.03754031997584212, 0.014108441737813341, 0.03279713977773936]"
NSGA_II,261408,27,25.944398936920393,30.243605688645985,7.569463303209943,"[5.528986493274325, 6.624301009269839, 9.178176211660654, 0.6497168958885483, 1.8286383688184005, 0.40522461737462, 0.1861327364584081, 1.0126375099930365, 0.0, 0.2680784453715237, 0.007536740312019287, 0.23800107916113256, 0.0, 0.016968829337881207]"
NSGA_II,261408,28,35.082177166198115,1.765338427310521,50.7459760283441,"[5.537562213704038, 12.0, 11.352311788091326, 0.9035996315878124, 2.595526286035968, 0.43993905094974795, 0.9466365835572268, 0.6059761818211981, 0.0, 0.2805258786559528, 0.18220845680495307, 0.2081991325054478, 0.019999202777668153, 0.009692759706772391]"
NSGA_II,261408,29,27.71999839262341,21.419733674155033,10.686568857695399,"[5.703634585840572, 6.648297931981349, 10.264081082158876, 0.13969467197913985, 2.112138713794724, 0.5927561230356528, 1.2257960294452326, 0.021528932127103495, 0.2172762036001555, 0.4649574065222858, 0.04356049090167759, 0.2554904505489092, 0.023120517963383557, 0.007665252724347881]"
NSGA_II,261408,30,28.743395188515553,17.499349661148095,15.369903888410711,"[5.707776856664291, 6.646008374862713, 10.728830960852326, 1.8674251083610887, 1.0769190523347123, 0.5943256891407096, 1.2163601746459765, 0.026782850238857736, 0.21573197444945644, 0.26357044032956506, 0.04443860023843131, 0.2705898120387905, 0.026565279904383378, 0.05807001445425056]"
NSGA_II,261408,31,31.388368354499942,9.275912206432988,28.038107621605462,"[6.855168338881385, 6.66299402080387, 12.0, 2.1970316509034564, 0.9333472049319037, 0.4706350553116154, 1.2038574941464297, 0.12398190400842113, 0.14067569685753611, 0.28212944811913115, 0.060355633718376184, 0.28000293261278586, 0.04554005877213809, 0.1326489154328946]"
NSGA_II,261408,32,22.45322453324592,50.274615245755164,0.04966142201387669,"[7.020994474907852, 6.968666947106023, 1.9356825380142, 2.2710867234916505, 3.2537479665697404, 0.27477472916107615, 0.6361731923937791, 0.0, 0.015716966925180605, 0.0426858004360427, 0.015066442135746795, 0.0, 0.0, 0.01862875210462893]"
NSGA_II,261408,33,28.063747120999288,20.69777812701249,13.318336197134052,"[7.099802474375956, 6.678388202939384, 9.248812735774393, 1.3315000724729753, 1.1273258129189072, 0.1989263482433381, 0.4878517852310572, 0.5950973776576413, 0.18996036154006163, 0.3711370836624667, 0.06416006226486674, 0.384114785655409, 0.2663582294342334, 0.02031178882859606]"
NSGA_II,261408,34,19.439795436518455,71.99560252934792,0.0,"[7.283914698086187, 6.136831179398558, 0.0, 2.15705716692255, 2.871309061645199, 0.32557365373697117, 0.04122321120263209, 0.12175763629421799, 0.11442905616860406, 0.030136301312272185, 0.04395199331720763, 0.2732439521067273, 0.019568020158553794, 0.020799506168774674]"
NSGA_II,261408,35,30.672079098624167,10.719371514859706,24.166398140179805,"[7.315574289687408, 6.897045716831695, 12.0, 0.3154567665903099, 0.9537576268813659, 0.46568940565822514, 1.0621993427433847, 0.6649441478276445, 0.10304528196583371, 0.3280781015774575, 0.0805172574303166, 0.30309228151768436, 0.039149167804790504, 0.1435297121080527]"
NSGA_II,261408,36,26.173887973569375,31.077845050743463,7.396053855088695,"[7.332974202759965, 7.116862077465085, 5.436281233962813, 1.8808616962529008, 3.019141639794273, 0.0, 0.41310664657674634, 0.0, 0.027942776383518737, 0.05469394896674562, 0.024546934330392157, 0.32128152423623657, 0.505435962379987, 0.040759330460709856]"
NSGA_II,261408,37,34.840697838174485,2.238604323651021,41.57055895893313,"[7.43650918751785, 6.962470082971853, 12.0, 2.349519656331951, 2.7309644487395413, 0.0, 2.2420520314463417, 0.4721439259946316, 0.363149489318911, 0.0, 0.009858417445402633, 0.2440129408295095, 0.030017657578497798, 0.0]"
NSGA_II,261408,38,36.308768216266266,0.5222317837337371,46.23526465511232,"[7.486759961533321, 7.075488185953252, 11.40233846431188, 3.266685737692963, 2.945289799104226, 0.5900303946422767, 2.300881239742814, 0.24905528854086206, 0.0513256461005743, 0.48791545489026433, 0.07543034108766897, 0.2844917838023745, 0.04636424086599224, 0.046711677997806345]"
NSGA_II,261408,39,33.884423959031494,4.195945865912922,39.68257163544386,"[7.490455412294321, 7.156369954180973, 11.732494462279766, 2.0558811405174957, 2.8780440570660444, 0.5968902104664591, 1.0137873670935882, 0.0, 0.01231299483282172, 0.4925815825614804, 0.07804734673181771, 0.2877269466970195, 0.04503870033376904, 0.04479378397594695]"
NSGA_II,261408,40,28.0194061528856,20.26814275639991,15.053875804691089,"[7.706560900763531, 6.195790231621957, 8.665544935445341, 2.4079927174984643, 1.3048999792800409, 0.25951342231228647, 0.5819834943510578, 0.08090438122532094, 0.0028265192241544966, 0.4839348822410958, 0.03844977797202398, 0.23692492732198334, 0.02839751026469563, 0.02568247336365171]"
NSGA_II,261408,41,33.097050947934505,5.755590781354513,37.00914508496838,"[7.769909811085751, 7.147110851981404, 10.996087137375257, 2.031598119760713, 2.75637878442355, 0.7974465562566987, 0.7397270121123094, 0.40817818975424414, 0.0, 0.042629227943263404, 0.008074459663730861, 0.3094440098238752, 0.06077411053017111, 0.02969267722353179]"
NSGA_II,261408,42,34.565387391254006,2.8317504456905134,44.50058012009631,"[8.255794956263573, 7.030147674827556, 12.0, 2.175887743647902, 2.568564213857832, 0.7072020696221102, 0.20019712531084444, 0.673285669299532, 0.02858656203262956, 0.4485771908547616, 0.06402418243506026, 0.36141452593919454, 0.009180248964476941, 0.04252522819852686]"
NSGA_II,261408,43,20.006030560900363,69.0863403461356,1.0557524567146501,"[8.30851963468743, 6.687232822027225, 0.0, 0.6291837134604256, 1.1602073762269804, 0.7139274131817155, 0.7002893663083705, 0.8717979208021578, 0.10779816372663648, 0.378722478541349, 0.042592809247146646, 0.37539461703675125, 0.00023121818472551046, 0.030133027469449142]"
NSGA_II,261408,44,36.55696806639449,0.2740319336055066,62.774718056409824,"[8.375116244436862, 10.460144851923722, 11.560758143899784, 2.507864047841796, 1.2823450578643438, 0.5042209842839427, 0.25434475213499713, 0.7232885906988802, 0.024352607676030223, 0.4072078682151502, 0.10003668847744115, 0.3135282377150741, 0.0020649926315766116, 0.04169499859489239]"
NSGA_II,261408,45,35.452065659266154,1.3789343407338457,55.70172461248199,"[8.400124778925656, 10.272626273685587, 12.0, 0.5812760371119874, 1.2647711631038174, 0.5120366907000711, 0.802779613922137, 0.7353331062835897, 0.07810259258697529, 0.3240554216524048, 0.13693302002645816, 0.3160297897681176, 0.0, 0.02799717149935868]"
NSGA_II,261408,46,30.17172165459144,11.737206552873648,25.786096084728154,"[8.650411129634186, 6.815948117848038, 8.35063428630842, 2.4755086074379338, 2.464292693771013, 0.5829283286139657, 0.0, 0.0, 0.005282893653187271, 0.4076590378222352, 0.05985250117602462, 0.31327914539926754, 0.0019607129413353346, 0.04396419998583306]"
NSGA_II,261409,0,23.85033671392133,43.7536357337753,0.0,"[0.0, 7.171920786036591, 2.177923791684026, 6.056085094161596, 2.0931422426495216, 3.1962694679180235, 1.3900038850047371, 0.7347208187308323, 0.5485540350761172, 0.025586667058678576, 0.0, 0.28608697760630863, 0.0974063225488173, 0.0726366254460808]"
NSGA_II,261409,1,8.800520947605632,175.19154092997877,0.0,"[0.654107961241738, 1.9349178538234768, 0.4902158276712968, 0.4943301712125459, 0.671365736962761, 3.3562559915761208, 0.6073168820056998, 0.0, 0.2773854992674307, 0.06515506075559707, 0.07889224492772859, 0.08637019390982327, 0.03781889287470139, 0.04638863137670885]"
NSGA_II,261409,2,17.636723469325513,87.80656199668228,0.0,"[0.776579009518866, 6.048295197797967, 0.2818523567989577, 4.2711487696375565, 1.721059262592135, 2.188733176392083, 1.1752291939330033, 0.490259493470513, 0.0, 0.3148322335924227, 0.0, 0.22086812166696174, 0.06941929191811415, 0.07844736200693606]"
NSGA_II,261409,3,16.839672291726664,98.55591358748057,0.0,"[0.9710730441878423, 4.5396312917728165, 0.3751826801239703, 3.444909481122945, 1.9719261762822524, 2.993646693137787, 1.344540947318223, 0.35823959085921725, 0.14800271529654344, 0.0, 0.2340141853910431, 0.28758456363845547, 0.09840006188171994, 0.07252086071385247]"
NSGA_II,261409,4,13.308220335331994,133.8397122447098,0.0,"[1.025371856178217, 2.9244149305555607, 0.6365959891723558, 1.678872058928321, 1.9862597270473485, 3.0016610653670845, 1.2841760580449035, 0.16013055168781165, 0.14863025046215406, 0.0, 0.18352722855924503, 0.15840129091802632, 0.04405931615651668, 0.07612001225444838]"
NSGA_II,261409,5,9.441857938247482,168.77817102356033,0.0,"[1.2954449518835887, 1.9349178538234768, 0.4902158276712968, 0.4943301712125459, 0.671365736962761, 3.3562559915761208, 0.6073168820056998, 0.0, 0.2773854992674307, 0.06515506075559707, 0.07889224492772859, 0.08637019390982327, 0.03781889287470139, 0.04638863137670885]"
NSGA_II,261409,6,10.336489583333194,165.834814208366,0.0,"[1.4188937977169074, 1.580118273816261, 0.602715971240271, 0.0, 1.8836472259220056, 3.1145809451032345, 0.5234055161205834, 0.0, 0.5714217659748637, 0.21265492818283938, 0.13851276484003952, 0.15933371970957727, 0.04808491013983451, 0.08311976456677582]"
NSGA_II,261409,7,10.68577042210123,157.78095577404102,0.0,"[2.230275559348131, 1.388296405015907, 0.9715438376300062, 1.6838158094915228, 0.4410077830337386, 1.5555979308031673, 1.4226944003593793, 0.09059330351094975, 0.18494982394725334, 0.3189650023762426, 0.10364951146813338, 0.13782750867247992, 0.09217441032326137, 0.06437913612106005]"
NSGA_II,261409,8,11.582097448530828,150.58140104757655,0.0,"[2.481617047623442, 1.4857022539549878, 0.2895951383326463, 1.6726040984958837, 1.673367121428556, 1.597661056675254, 1.1521828132857006, 0.0, 0.49184752798033493, 0.34930065684841705, 0.12946946490788988, 0.10502795816704805, 0.05265605074064223, 0.10106626009002535]"
NSGA_II,261409,9,12.33333722350213,146.0358012499381,0.0,"[3.007752245698809, 1.9041769016289165, 0.1284841901042769, 0.5827237505586504, 1.4188251850921114, 3.3077004219385517, 0.10478176003032402, 0.018893039702054693, 0.46162957327754295, 1.0672168949114305, 0.09876462705324324, 0.15785597226206646, 0.053922612922119015, 0.020610048322036587]"
NSGA_II,261409,10,15.61529859961234,106.57330414856638,0.0,"[3.111754924368203, 2.920979688594066, 0.6254109313855871, 3.059410064592233, 0.7485532478491825, 4.30866881206239, 0.0, 0.3146235710987444, 0.0, 0.18759808620324586, 0.0, 0.21901517580820523, 0.0447573768490053, 0.07452672080147506]"
NSGA_II,261409,11,17.475319251228974,95.69760902520443,0.0,"[3.482036961190844, 1.89970656794753, 0.27509991624966434, 4.000784395902545, 1.9770811343374068, 3.3195429206666587, 0.0, 0.03542607061930622, 1.02350153036208, 1.132768676247947, 0.1202965251853186, 0.13003783681653402, 0.05140010248634874, 0.027636613216793688]"
NSGA_II,261409,12,28.908999153149036,16.70250730928322,0.0,"[4.487521548619927, 8.799491396264871, 0.716653427324939, 4.007868075120747, 2.1485959208688845, 3.3320069273946147, 1.781364122733146, 0.0, 2.119454944627597, 1.1867054405909236, 0.11295456471497786, 0.1177180573463273, 0.05020831809316775, 0.04845640944890861]"
NSGA_II,261409,13,15.256867297073127,110.47052068500679,0.0,"[4.642125944958748, 2.2603164207733357, 0.9238931672513576, 1.1602415449909202, 1.6349641181002155, 3.187744840138635, 0.42044884830856, 0.0, 0.0, 0.6787398137820471, 0.04426634608579995, 0.23462730037791274, 0.06305062186415446, 0.006448330441439624]"
NSGA_II,261409,14,13.830792522674045,129.91317897915943,0.0,"[4.81977011613987, 1.5786171069380037, 0.0010802951555429676, 1.4734296242889435, 0.5715446943394904, 2.488077808432076, 1.0386396831829914, 0.15328317705821737, 0.43927376632806303, 0.8387237261321521, 0.0980541338318539, 0.19295598772999506, 0.11855894662868763, 0.018783456488158923]"
NSGA_II,261409,15,14.03316368773853,121.90217140368661,0.0,"[5.072349769137013, 3.005948876317828, 0.2950773537819737, 0.81945454272184, 1.800258612089667, 0.27097926974589215, 1.0319033463377907, 0.6759094163242496, 0.2351700138945464, 0.43301186786218937, 0.12955142497808858, 0.09131111919813437, 0.07030882669825676, 0.10192924865105865]"
NSGA_II,261409,16,14.601798043583678,116.91055359126621,0.0,"[5.182607441728834, 2.2295268484822404, 0.7487973121974754, 0.11976984707408676, 2.3840685983038283, 1.2160522152480686, 1.8250036189007792, 0.13730669509643528, 0.294155059032647, 0.13164671098992395, 0.02092782133169438, 0.17044982598872, 0.07223410719653162, 0.06925194201241096]"
NSGA_II,261409,17,16.150920008210623,100.75926868901641,0.0,"[5.546487792231017, 1.9454629733168265, 0.4831759891428336, 2.0837575404695006, 0.8770820647312803, 3.981818289383098, 0.496385776681031, 0.0, 0.28565745857969965, 0.036483733748304346, 0.07837815395839295, 0.250259146784726, 0.05399232858147492, 0.03197876060243886]"
NSGA_II,261409,18,19.053970782036224,75.74850445491202,0.0,"[5.751573408559792, 3.5076635721567193, 0.5008288869780189, 3.13942541332896, 1.1266203597928044, 2.825997413542737, 1.039851640102484, 0.192707090649089, 0.1586567718377081, 0.39194962901918223, 0.1570621201187363, 0.14744739317514266, 0.09739383595480701, 0.016793246820038223]"
NSGA_II,261409,19,21.375074283198266,59.62830825899021,0.0,"[6.804745629911041, 3.6122668768637274, 0.18221991768600454, 3.144250676276455, 2.0599984123226696, 2.753632171640085, 1.0356266751503078, 0.6345896768137496, 0.29051739237393603, 0.4477617217126584, 0.14834978060679085, 0.15466512636257693, 0.08662379456141588, 0.019826430916855455]"
NSGA_II,261409,20,20.645590160738255,64.82036242331378,0.0,"[6.963645563714533, 4.568510876103802, 0.47350788641322306, 0.8196244068736871, 2.215150594153203, 2.896904325401234, 1.3512339552601544, 0.3658808904571901, 0.1933968867068986, 0.2439981329485188, 0.182621994001688, 0.27449900567368174, 0.01945546700478095, 0.0771601760256535]"
NSGA_II,261409,21,18.502728533070893,81.6537304153804,0.0,"[7.166341143162741, 2.38614015619901, 0.15375326807705858, 0.8895948670400959, 2.0237243385154065, 3.944045701320163, 0.34185821901378727, 0.024469236787911474, 0.5852894414173485, 0.5630459455508631, 0.13548349218591216, 0.17962826623597355, 0.06363000620924682, 0.045724451355376866]"
NSGA_II,261409,22,30.887312002301282,10.186529582957775,2.737135619997094,"[7.219735329901506, 7.932735516414208, 1.018728525385237, 2.5601485372943773, 4.2874214458704785, 3.6392107260053654, 1.7649352570732046, 0.17163313947882444, 0.8579481541517942, 0.8058336974519351, 0.1934624590666334, 0.09897567615043808, 0.295389950496923, 0.041153587560353866]"
NSGA_II,261409,23,30.140495909034623,11.87757683328546,5.263272072713814,"[7.448542370410575, 4.029161820255095, 1.1421916347713328, 8.790450803269465, 2.121439231904879, 3.451108856712625, 2.0363501487480384, 0.15164813901311014, 0.23370440604765896, 0.5558828663060708, 0.0676961241999209, 0.0, 0.08057445440235489, 0.031745052993501076]"
NSGA_II,261409,24,31.709353417993015,8.505921198664094,13.790477455061513,"[7.765905565741945, 6.505241803458697, 2.314347149624706, 6.977015690728703, 2.321964060057775, 3.1918464731880563, 1.5407041210952042, 0.10530489564289955, 0.08044740224243219, 0.4696402197747994, 0.17669310673148514, 0.04083550617464876, 0.214779388881514, 0.004628034650153609]"
NSGA_II,261409,25,29.946331962389383,12.392761557378737,4.8576209864927655,"[7.789837757550071, 6.1932215028548026, 0.33094911751327033, 7.612409697881509, 1.5696874844401378, 3.327704553014653, 1.4254178635395511, 0.49609694512176206, 0.1292266560686329, 0.6656886946553051, 0.2232965598829949, 0.1726479913318809, 0.0, 0.010147138534813738]"
NSGA_II,261409,26,27.671127961790436,21.521425122202302,4.287638803591555,"[7.7960561180172245, 6.821295909252055, 0.8874028766829603, 6.772795559603881, 0.5711982088700505, 3.34123896791384, 0.4251593286719142, 0.1813604356869236, 0.17439093724962018, 0.3429132036732983, 0.21736279928062013, 0.09446194065006017, 0.0, 0.045491676237986965]"
NSGA_II,261409,27,26.551502576111755,27.562721680554787,0.0,"[7.9110395893858785, 5.70822460785627, 0.0, 2.8218900986807256, 2.2725732548911193, 4.278796305051674, 0.35074592080828915, 1.8203056101427952, 0.20737632375915172, 0.6368171150643375, 0.28606987617895613, 0.20345339157947628, 0.04663231850074967, 0.007578164212328917]"
NSGA_II,261409,28,36.83889722099507,0.0,0.0,"[7.963554753285724, 3.3077848164221018, 1.0185280630831939, 3.073399557204874, 2.8800634106279386, 3.210724072339622, 4.179449820943693, 0.4851987062141181, 1.859653634255511, 5.474316552968471, 1.893710907692088, 0.9058674076964554, 0.5765941462145493, 0.010051372046735008]"
NSGA_II,261409,29,34.823873731625994,2.2756263544427036,23.895541761905143,"[8.084745906764013, 8.28941419691976, 2.204378386928613, 6.516327447723551, 2.4551758421688232, 3.174334263743443, 1.4116363415426332, 0.1515346329384105, 1.129767713573086, 0.45572504513843304, 0.425523018770217, 0.027775990193683188, 0.4941611275266352, 0.003373817694695545]"
NSGA_II,261409,30,27.389340884231785,22.76034433996913,1.3671630391173437,"[8.211281836286954, 5.015274290865291, 1.4817087972507426, 5.764898114714361, 0.8443674707125186, 3.669845262068315, 1.1943613101230288, 0.22258121358309346, 0.21651619836806854, 0.5080045198488289, 0.12449024798987893, 0.0, 0.06532699036583492, 0.07068463205486746]"
NSGA_II,261409,31,36.702176754040465,0.12882324595953065,39.73717331157244,"[8.259396802458195, 9.788852727398808, 2.7909662498903565, 6.294228421347847, 2.4098408303086383, 3.6104468078935743, 1.6667161650208564, 0.22835092153501496, 1.125581766068718, 0.07206348704037466, 0.17616962034444425, 0.11753155694303294, 0.07297417078870116, 0.0890572270018934]"
NSGA_II,261409,32,35.873242628430226,0.9577573715697696,20.71866446526608,"[8.262340741851501, 7.910256408665431, 1.7879123647641872, 6.4993089742316865, 2.5089764268966808, 3.383648609984598, 1.3741628541231437, 0.20128810611719078, 1.0574197109906602, 0.5842075928788145, 1.9276894594669114, 0.020768852159055565, 0.3552625263003634, 0.0]"
NSGA_II,261409,33,35.13871156308399,1.6922884369160016,14.155215803997024,"[8.313379654190838, 6.735150775843882, 1.496468086351863, 6.499636417043189, 2.713399540364586, 3.55501641669538, 1.2989141857587012, 0.37141530107554044, 1.0482807157728542, 0.8284262953648763, 1.9800036838093298, 0.0, 0.2709369827456539, 0.027683508067293396]"
NSGA_II,261409,34,23.59756283657739,48.837117421495634,0.0,"[8.434927936120975, 2.251323904486778, 0.1305059952005072, 3.604997975431227, 2.172226719767579, 3.2505952356203367, 1.3159269320962466, 0.11018094812770174, 0.6074569735037525, 0.3918586560938078, 0.19804792678413632, 0.099416028661571, 0.9955105312492485, 0.03458707343352204]"
NSGA_II,261409,35,34.052022417034244,3.817372920706564,18.009133859941514,"[8.528216178121962, 6.804124656066482, 2.427279919658419, 6.342627021794654, 2.4854106112215435, 3.2741914742450606, 1.6592013652457838, 0.17331379558568138, 1.307482974597878, 0.3106564887304197, 0.20633709457345614, 0.10069410910145751, 0.4310689733163824, 0.00141775477505518]"
NSGA_II,261409,36,36.45555670300977,0.3754432969902446,36.034727757389625,"[8.561526592974069, 8.603233464524088, 2.2720105933992607, 7.220394522563225, 2.3867481643979884, 3.9580268077426872, 1.7068900217648586, 0.16251805734115266, 1.2900253210455692, 0.06410193989173396, 0.09110882715501542, 0.0, 0.07220658150877711, 0.0667658087013377]"
NSGA_II,261409,37,30.815975803509126,10.431595612683097,12.711724004662859,"[8.79247039422555, 7.3949430771209865, 0.6835794139001604, 6.937907704927901, 1.31385849453811, 3.2342002268545937, 0.4997322352943831, 0.33449611940796026, 0.3489530482071679, 0.43651509634917807, 0.11516537586619797, 0.0, 0.7237862104233592, 0.0003684063935774362]"
NSGA_II,261409,38,32.38403367190375,7.157303582351066,8.606723695921513,"[8.827537048070573, 6.6825636184774435, 0.8134259197214704, 6.276316218385376, 1.9038968036523232, 3.10489409977428, 0.3967732002485428, 2.4523202982940626, 0.47604407410188404, 0.3927686096218855, 0.38347555639393216, 0.1292180731631847, 0.5394292258402271, 0.005370926158560682]"
NSGA_II,261409,39,36.082134874143854,0.7488651258561383,33.84411208533286,"[8.866844109488953, 8.176627525190879, 2.1421257949922508, 7.5676582582421945, 1.9254522261309412, 3.2784973892563443, 2.0178640982849845, 1.125735312546787, 0.30162047149949006, 0.4865698757300732, 0.0, 0.06051927249989328, 0.11763405551610179, 0.01498648476496287]"
NSGA_II,261409,40,34.423589848869966,3.0870721013224127,29.767034799949442,"[8.919106723802523, 8.422545471054768, 1.6857085695031786, 7.077405773354345, 2.0320947819152733, 3.1002042431276484, 2.0899944440962184, 0.11520840692118009, 0.0, 0.43162169125643285, 0.2042917019941164, 0.250874000726766, 0.0802822420551746, 0.014251799062345924]"
NSGA_II,261409,41,35.31340174560325,1.517598254396738,27.438702568196064,"[8.994737881566572, 8.083700695298994, 2.202121825180729, 6.043000040122341, 2.480552715685616, 3.3366760650264276, 1.6424017066375598, 0.09485890734414215, 1.1871564879225862, 0.45904557682333813, 0.0, 0.32472216435961976, 0.4594796000428144, 0.004948079592517587]"
NSGA_II,261409,42,35.39858213219665,1.432417867803352,30.973142226890637,"[9.0332337225941, 8.662424915964188, 1.7185698649833385, 6.633523245888236, 2.5556486441332114, 3.0793855645319206, 1.3730468785446313, 0.26765131042361034, 1.1348012049645244, 0.44025648258041183, 0.20509969967495925, 0.22248826760559032, 0.05845408381894518, 0.013998246488990352]"
NSGA_II,261409,43,32.78979751626729,6.355199093219856,15.497218484374656,"[9.167853905993473, 6.77621910244478, 0.693335507427133, 7.111585562695813, 2.1057518021606936, 3.1925177225193773, 1.4758783101707327, 0.5808854128143318, 0.6344145505621854, 0.5274226030934477, 0.027968524877866684, 0.2525005906641609, 0.22866979508881768, 0.01479412575448509]"
NSGA_II,261409,44,25.73855483852907,32.2998039152612,0.0,"[9.381203579788831, 1.3073329240589624, 1.1976928602841412, 6.827988968041534, 0.3470887972663448, 3.1651446982445153, 1.8485491166693784, 0.15452962875724469, 0.643639606321654, 0.5071037289557248, 0.007602781799971068, 0.039245869821269264, 0.29407534818137293, 0.017356930338131474]"
NSGA_II,261409,45,26.886082428655047,25.178741036220835,1.6884784939444621,"[10.925201462407584, 4.169075569129293, 0.9294335045276199, 2.6221931866563435, 2.2325837189783106, 3.200543298356786, 1.8093578276824416, 0.13501719284643843, 0.0, 0.5785244277426663, 0.041579214086553885, 0.08193035948216906, 0.15338184833281776, 0.007260818426025969]"
NSGA_II,261409,46,32.81321986298251,6.3185515202663325,18.93719074506674,"[12.0, 4.331297176440147, 1.8133055387119994, 5.3676025455465375, 2.531306938323647, 3.269952934530038, 1.895643126648681, 0.21503614021505674, 0.6548397695557227, 0.4740790358078241, 0.03277491865241504, 0.04890993178764713, 0.15348056053144019, 0.02499124623134894]"
NSGA_II,261410,0,5.837878244824855,190.319454042685,0.0,"[0.0, 2.2748577814110655, 1.5766083667782835, 0.7800620885807042, 0.0, 0.02765210292854317, 0.14308802891256278, 0.0, 0.0, 0.39257023242873423, 0.05218841195179147, 0.4124209264998098, 0.17843030533336016, 0.0]"
NSGA_II,261410,1,6.42112681047207,188.68277092482245,0.0,"[0.0, 2.2748577814110655, 1.5766083667782835, 0.7800620885807042, 0.0, 0.02765210292854317, 0.6698053050202385, 0.0, 0.0, 0.39257023242873423, 0.05218841195179147, 0.4124209264998098, 0.17843030533336016, 0.056531289539539134]"
NSGA_II,261410,2,13.55768122201039,123.31222217330593,0.0,"[0.0, 4.00877033899173, 6.515956657779197, 0.7254536171384796, 0.3673162119487018, 0.7270035651456297, 0.039385919862457305, 0.3316650975869315, 0.06353694177574423, 0.29481668675060413, 0.11238652922752569, 0.17208514888020396, 0.13920262633692454, 0.060101880586258885]"
NSGA_II,261410,3,12.99599705598704,129.01556109075852,0.0,"[0.0, 5.004679169532174, 4.599358418190872, 0.938738945982132, 0.6851465257338801, 0.26046090468199257, 0.38648506969625385, 0.04083010657627494, 0.10928031907678214, 0.4608966380181349, 0.012869941491225188, 0.30221902056524097, 0.17452399052040993, 0.020508005921668657]"
NSGA_II,261410,4,14.852728725681567,112.49296494415802,0.0,"[0.0, 7.511699553590305, 4.076857118855356, 0.9997420089940026, 0.3258462178503041, 0.25322997925726504, 0.0, 0.3690599649288901, 0.8282346003222494, 0.27048131813211546, 0.0, 0.0, 0.18263323756459832, 0.03494472618648331]"
NSGA_II,261410,5,18.561931367744375,82.39649022602069,0.0,"[0.0, 10.84335659677278, 0.8659240751945481, 0.03643945230927703, 2.19368465494279, 1.3513792641262388, 1.0016805592729088, 0.7449859152298564, 0.8167395183853449, 0.2868207613850417, 0.0, 0.20149741798356546, 0.17565117974634906, 0.04377197239567716]"
NSGA_II,261410,6,26.354998756091415,28.908843856834665,0.3331185427506398,"[0.23477167825918066, 10.14480800005309, 7.558538864438376, 0.6652704101974853, 3.0488057185538935, 1.135628101760184, 2.1235919024797423, 0.27495288405442275, 0.16186223399040972, 0.5764263752903666, 0.0, 0.2910427296882585, 0.09144577934288986, 0.047854077983116985]"
NSGA_II,261410,7,21.702765320502433,57.50834003297872,0.0,"[0.29984398864378653, 6.640708631227151, 6.606838777993712, 2.149840589965559, 3.2358033925572984, 0.643321446678188, 0.9419906091959915, 0.29426395593927984, 0.06080219441765124, 0.35016903685596623, 0.0, 0.3263221365416797, 0.09905091207379785, 0.053809648412375864]"
NSGA_II,261410,8,9.353235666202401,159.09051729699047,0.0,"[0.4083988120849845, 5.377999453732315, 1.538430773251705, 0.7306919603914969, 0.0, 0.1577502879889586, 0.3063498183685205, 0.0, 0.05550812015683497, 0.31160404778205725, 0.0007042932428319854, 0.27419444176429925, 0.135871275543489, 0.05573238189490917]"
NSGA_II,261410,9,7.1064100697661,182.2542614972549,0.0,"[0.4093859221028738, 4.062848863679224, 0.0, 0.18716508812631916, 0.48536603849795346, 0.4787861692879497, 0.2276914452128755, 0.4986656751940747, 0.061031961402242506, 0.31034072317222644, 0.00018754551025716303, 0.2014788728733587, 0.1660355941944474, 0.017426170512299548]"
NSGA_II,261410,10,11.477190586678319,147.80269594766096,0.0,"[0.596840614759225, 4.0054718836350105, 1.5023612024642716, 0.6752266695361976, 0.8182650337246496, 2.71895317544307, 0.11054128597084412, 0.06423018102211231, 0.0579354119624729, 0.3030707705268378, 0.11659098442139582, 0.3080093841424105, 0.13916312357923555, 0.060530865490586686]"
NSGA_II,261410,11,16.344884746406205,99.58422501628182,0.0,"[0.756506315811531, 4.143018204582393, 8.893682200477695, 0.7720075193981581, 0.11381945240897079, 0.0, 0.17756224316024372, 0.2755577870269817, 0.1440360164635462, 0.5707912584862405, 0.049928666327716434, 0.327378542946801, 0.11945007045886777, 0.0011464688570600394]"
NSGA_II,261410,12,19.046469614153466,74.66072959850118,0.0,"[0.8693084543703011, 6.6539140550950995, 6.1952107187775995, 1.4526469667491144, 0.5270928595018276, 0.376944449889272, 1.0350649597680912, 1.6916897452217017, 0.12550247189859468, 0.0, 0.03759549888057802, 0.0, 0.05808621082122345, 0.02341322318006087]"
NSGA_II,261410,13,9.970898640594612,152.87770933589408,0.0,"[1.2651798487089112, 2.645452531515362, 3.3722790629311046, 1.6527616170977188, 0.07669173705484132, 0.029355282544090453, 0.09710812676834801, 0.16383399507267882, 0.11239581454418732, 0.2304838219306573, 0.11924223380785992, 0.0, 0.1561437709159625, 0.04997079770288919]"
NSGA_II,261410,14,17.385839391522317,89.54555966859958,0.0,"[1.3926212345936935, 7.544900260410396, 4.952960516368588, 1.8433308711345961, 0.29049531662156136, 0.018901791455967883, 0.0, 0.18776708847914597, 0.1349331388949284, 0.7223254851987825, 0.04727872120620523, 0.14333113795954244, 0.0740624001020466, 0.03293142909686144]"
NSGA_II,261410,15,16.53849724469918,95.30861905468149,0.0,"[1.433423564586088, 4.160983536400742, 5.246354820701272, 1.2847543980821434, 2.052192779067363, 0.7142225511442359, 0.9028971634437929, 0.29274027311833917, 0.033852750532066794, 0.18650627732472325, 0.0, 0.03610868247958321, 0.13820249102957596, 0.05625795678925271]"
NSGA_II,261410,16,9.012513796735538,164.66548729653303,0.0,"[1.7099004993747555, 1.9991398841642471, 2.233147595059359, 1.2037742588270002, 0.0, 0.09435447248709089, 0.9144620229755162, 0.13666605247762326, 0.20833479759075021, 0.22674667566466317, 0.1215592197553137, 0.0, 0.1142878880138226, 0.05014043034539827]"
NSGA_II,261410,17,13.96920049677573,120.67770955934235,0.0,"[1.7765918737714013, 6.635514258900506, 2.0868564738434823, 0.8369903475054248, 0.09041372166586092, 0.25428135162037746, 1.3464824337525525, 0.04564824363267455, 0.13804470333080135, 0.28578460462072813, 0.05248620412164414, 0.27854622093856296, 0.09886553033541567, 0.0426945287362976]"
NSGA_II,261410,18,28.374800434262635,18.890615511719602,5.737765034275768,"[1.776816131027834, 9.753780423742203, 9.07181642203058, 1.2439390806745332, 0.5674706679094699, 0.30725919841836896, 0.2097515664096241, 4.241101103869286, 0.4785512321250457, 0.5134266845535977, 0.01838838531981002, 0.005438423654423541, 0.15180451846783508, 0.035256596060023765]"
NSGA_II,261410,19,11.666576699253909,145.11685679932697,0.0,"[2.104534332099289, 4.191652244123168, 1.4059263509840025, 0.7401274351435805, 0.1079989991806749, 0.05325298037227297, 1.3109863477474033, 0.41527455144593084, 0.46070957264703516, 0.2912146552586587, 0.0, 0.3848672841392556, 0.13928256795065694, 0.06074937816198104]"
NSGA_II,261410,20,29.062652082335493,16.495344831595567,11.457678979638139,"[2.3363859539224645, 8.699399985698149, 10.917631651890865, 1.5637142985042063, 1.896079243672642, 0.4717072307343187, 0.9712070391337966, 0.8072836156887796, 0.44036152441010096, 0.37232982134803405, 0.0, 0.43572764059676167, 0.11724670986530741, 0.033577366870065524]"
NSGA_II,261410,21,27.658800753715415,22.102321360539037,8.220143117870705,"[2.743182582612862, 8.235266131801552, 10.517340119070493, 1.6428883087080068, 0.0, 0.11232350891799037, 3.120939051334532, 0.11962499613328788, 0.35481220744453973, 0.15760278771857772, 0.04762752956904379, 0.4733625331847007, 0.11233114944349407, 0.021499847776336654]"
NSGA_II,261410,22,12.119245387682833,136.33868075328158,0.0,"[2.845747806455463, 4.287127769654477, 0.6260653181166076, 1.9872763002556815, 0.0, 0.31877100315347556, 0.8901020137393759, 0.24890251044419437, 0.47129365543742424, 0.2034968586016596, 0.08225216464000021, 0.03364511961148081, 0.07544292376769268, 0.04912194380529919]"
NSGA_II,261410,23,15.592028429867275,105.77140905818602,0.0,"[3.088378649652771, 6.431419940443832, 0.8652980493566531, 2.2943233431471417, 0.0, 0.7427918169341516, 0.89284750374603, 0.2805561306843492, 0.4835223722510796, 0.16209096214767552, 0.05218976534283675, 0.19360643783892645, 0.06342094118910704, 0.041582517132721444]"
NSGA_II,261410,24,7.750431541843377,175.69818441142942,0.0,"[3.0917346068796117, 1.2645935654387195, 0.46295372317200556, 1.4168684017375228, 0.0, 0.34987144454006114, 0.0, 0.06230737462350713, 0.1761769594245429, 0.3844168052218569, 0.09676664040191792, 0.3312925674507295, 0.09919836770738218, 0.014251085245518984]"
NSGA_II,261410,25,36.84230750743772,0.0,0.0,"[3.4784633315908433, 7.335285724638366, 3.461774292145707, 2.1185992407328618, 2.628150435177185, 5.555012762594917, 2.4285831963662963, 2.7804716801016425, 0.9784583229715011, 2.1301593096321705, 2.5431231311083042, 0.745396455329103, 0.607649646886315, 0.051179978162508806]"
NSGA_II,261410,26,20.748743858790586,63.724189565248494,0.0,"[3.6460324715726347, 4.885044587256309, 8.005991528223891, 0.8277570097765077, 1.801511161447158, 0.15527163368121377, 0.6652637597513353, 0.0, 0.001292032757118873, 0.32934619843705487, 0.05475951150578974, 0.2104862513586393, 0.148737670938172, 0.017250042084766614]"
NSGA_II,261410,27,33.24139238945079,5.447130663057255,36.31356026400516,"[3.837324106549907, 11.239548329294632, 10.430414908640772, 2.164595397659139, 3.810267557733437, 0.03845075042456658, 0.0, 0.863564290745608, 0.40454308244323434, 0.22937286533749462, 0.061300268481809875, 0.0, 0.15209539018135002, 0.009915441958837576]"
NSGA_II,261410,28,35.017891817030076,1.8941318078986846,38.880012299155595,"[3.837324106549907, 11.239548329294632, 10.430414908640772, 2.164595397659139, 3.810267557733437, 0.03845075042456658, 1.2832260175752155, 0.863564290745608, 0.40454308244323434, 0.22937286533749462, 0.061300268481809875, 0.4932734100040685, 0.15209539018135002, 0.009915441958837576]"
NSGA_II,261410,29,25.015884106226945,35.43696590222021,0.0,"[3.970773950632285, 4.210411664440383, 8.485309758843464, 1.4645011141255806, 2.067963048366033, 0.5757753133120265, 1.1718641592183765, 2.5427775337964773, 0.17493875046868662, 0.1796422452061251, 0.10830023913526295, 0.005051913652994584, 0.0, 0.05857441502924755]"
NSGA_II,261410,30,34.15328354785862,3.6226074250254428,30.74990274724628,"[3.9995647314024416, 10.173479672434492, 10.527822331458136, 1.6062777454309043, 3.3777469226524937, 0.05398700404016977, 2.2912911027600353, 0.9347382962338945, 0.36376776784446174, 0.1635697126516692, 0.04712094302665169, 0.4968800911716153, 0.10786270600898548, 0.00917452074266359]"
NSGA_II,261410,31,32.285928966319766,7.3552612149956005,23.64360850008384,"[4.243862562983994, 9.593414045402827, 10.087680122613916, 1.9256801022890635, 2.766279407201689, 0.03274305871477384, 1.237780096889304, 0.791536161959912, 0.3596307878655156, 0.6023032871830868, 0.05464254923702348, 0.5089182961094766, 0.07433934023404987, 0.007119147635135064]"
NSGA_II,261410,32,24.374488574379036,40.19688146116738,5.238880610907664,"[4.281549906154363, 6.6906319119037825, 9.000637023758737, 2.004242927273897, 0.09563696219060014, 0.3115423474897717, 0.989978166226265, 0.04502081023740362, 0.1450436409342263, 0.4915672333877444, 0.007021231168214522, 0.15244136624876653, 0.14299612405514173, 0.01617892335012112]"
NSGA_II,261410,33,28.796743123088095,17.12250113735537,16.472823751989985,"[4.293976132740594, 9.529013408184408, 10.08683340037785, 1.8424624652224735, 0.3085722955555761, 0.0, 1.0139036209385988, 0.5706144448596929, 0.13527301116113455, 0.7210717573295421, 0.048333248376541973, 0.16227922017109875, 0.08103594497505165, 0.0033741731955303413]"
NSGA_II,261410,34,27.506211695403916,22.78521283304233,13.303648120570884,"[4.361168270491261, 10.169904229113707, 8.771162020146129, 0.915395168041216, 0.5280817256301944, 0.032995973909989165, 0.641075117565134, 0.8288966408035913, 0.3185670494911006, 0.2329107351158349, 0.06192379387389628, 0.45911347945813175, 0.17910634009129575, 0.00591115167243957]"
NSGA_II,261410,35,30.331105605266497,11.894094512011375,19.2729001860873,"[4.551453267281801, 9.763665176078192, 10.206211974016737, 1.780365070787331, 0.3911824304292024, 0.0, 1.0262686748194223, 0.5676808496890868, 0.16345852078329115, 0.7274016261637046, 0.04694050466793097, 0.9908553459722209, 0.0942049066275682, 0.021417257950012494]"
NSGA_II,261410,36,24.892429175115268,37.467207509769295,3.9951388802208854,"[5.247046665219107, 5.816379075342661, 8.830356226907986, 0.9185749452813714, 1.6461353118756474, 0.30165981199888425, 0.9694257594897575, 0.0689556831044016, 0.144382711839916, 0.5151764808147783, 0.0001695690222687587, 0.2771358239918535, 0.1382960815071135, 0.018735028719519903]"
NSGA_II,261410,37,26.43421423341819,28.115009813909,6.305110651605574,"[5.299703045642634, 5.417915337295767, 9.636536347373937, 1.4010285337261825, 1.9935893932162105, 0.08034876200739043, 1.24320851469013, 0.3677284863937824, 0.19239434780821282, 0.25774572903837645, 0.03749014082964161, 0.48652938662956485, 0.0, 0.019996208766353284]"
NSGA_II,261410,38,36.126188324039774,0.7048116759602259,45.52474698413911,"[6.0539724789736935, 11.061202103468165, 10.264120486462781, 1.772906488285452, 1.5063666361893675, 0.3680935839795622, 3.4163443021387683, 0.15683364586843082, 0.35139455938575836, 0.5295580548245016, 0.007985195136580804, 0.45543984180991065, 0.13881328478329416, 0.04315766273349886]"
NSGA_II,261410,39,35.62515025656908,1.205849743430914,30.010866823281823,"[6.195207849976949, 9.640548373664673, 9.654715242405631, 1.5107700369807677, 1.1480422540848114, 0.3804474481694031, 1.4628514783122937, 3.869217300980762, 0.4787618138061046, 0.6070725753294577, 0.018513169275594626, 0.4682508265068833, 0.15501796634217727, 0.03573392073356817]"
NSGA_II,261410,40,33.84203219191501,4.278928502868098,35.37487675700874,"[6.203850527783446, 11.098186788827698, 9.676657595761096, 0.7793910424348938, 1.6635195868017505, 0.3656790958264974, 0.9458586675125281, 1.510881784278164, 0.4237900580449484, 0.5265125574284749, 0.02847323792245953, 0.4396228703184373, 0.13661549227652012, 0.042992886698084244]"
NSGA_II,261410,41,36.503032484011854,0.3279675159881563,47.720152594250436,"[6.3233768523433085, 11.277505164601552, 10.294862834720101, 1.7854135710908077, 1.7766243696788164, 0.36499219056984233, 1.451378482079356, 1.5635025972782801, 0.4314547266266636, 0.5317779443769814, 0.024023298629785445, 0.49387238438668835, 0.14127324885668888, 0.04297481877297442]"
NSGA_II,261410,42,36.798246580661676,0.03275341933830944,52.41930075692716,"[6.49807224882223, 10.839048966204713, 11.722304380634348, 1.124261875372352, 1.9422675421879534, 0.2492602679949405, 2.3746546691582795, 0.6881562800174812, 0.6517431854719336, 0.30682521245785915, 0.0, 0.20940451268734334, 0.14922472643007276, 0.0430227132221707]"
NSGA_II,261410,43,36.65925213757801,0.17174786242197015,55.212702049563475,"[6.5851699461251725, 11.825882133699263, 11.26761681186644, 1.272858742232613, 1.742889412694607, 0.3418784146801502, 1.192117388768041, 0.833915236075717, 0.4287722110216448, 0.5119575385500598, 0.01931222202536373, 0.47692447560227724, 0.14094836659082535, 0.019009237645841146]"
NSGA_II,261410,44,33.99619669699529,3.972896140252743,43.44113806901191,"[7.492524496072649, 9.819625446224812, 10.712154947726884, 1.7909277614693486, 1.110753025129413, 0.37011455400624577, 0.9209538524740779, 0.4832565117371257, 0.30460943667989304, 0.5991823367547457, 0.013362621320373316, 0.1992452080651015, 0.1341969650912986, 0.04528953424333315]"
NSGA_II,261411,0,7.75703752814747,175.33832702684867,0.0,"[0.8111252217589325, 3.3332803430203697, 0.6108396609736939, 0.6384384394912735, 0.2564676557897653, 1.3385646657084844, 0.0, 0.13586608696516916, 0.07448192401822774, 0.1994131903279743, 0.12072205762065809, 0.07469557305243955, 0.05241938211508592, 0.11072332730539547]"
NSGA_II,261411,1,9.470791907254274,164.91958705332502,0.0,"[0.8420584763920592, 2.2052171142986268, 2.705530584642842, 0.6431700283480863, 0.06832423192153225, 1.3296657130767713, 0.7297767105772784, 0.0, 0.05398095328772699, 0.48636314182754303, 0.1237314593040777, 0.07816953114905816, 0.08776183968102211, 0.11704212274764858]"
NSGA_II,261411,2,16.567901145595947,95.0589841844712,0.0,"[0.9769108565339137, 3.9773116201830687, 3.3334220626552935, 0.2422623903414438, 5.385470273887769, 1.3997590236746458, 0.6264396886751525, 0.0, 0.0, 0.4873852381805351, 0.04800508572597299, 0.050178720742711846, 0.03412644989842527, 0.0066297350970148765]"
NSGA_II,261411,3,33.188105103024036,5.5437897939519125,12.830751823161386,"[1.2012389552194798, 7.756556356767404, 3.458136636528643, 4.862016680951056, 11.174380875726973, 2.024381653790358, 0.0, 1.0719403073917673, 0.8884606511571337, 0.6899532476299297, 0.0, 0.04444132910861721, 0.016598408752678668, 0.0]"
NSGA_II,261411,4,11.971067356140606,137.60403270699766,0.0,"[1.2089396051836114, 3.1644244934938355, 3.6108159759827165, 0.6283654868236459, 0.42730300949290356, 1.451086762758398, 0.6907978357143124, 0.2238338296578888, 0.07732460206032038, 0.19963253149450616, 0.06674542429901759, 0.07431545435721516, 0.04643762629959908, 0.10104471852263255]"
NSGA_II,261411,5,6.477727881707849,187.91977534284047,0.0,"[1.4271423190879888, 0.841822219764043, 1.0444134238848268, 0.6739798350866936, 0.04743405475899602, 1.3682627448139864, 0.7349204156335191, 0.0, 0.0, 0.08953628419315862, 0.09471986484485256, 0.08263102522811651, 0.07286569441166726, 0.0]"
NSGA_II,261411,6,8.695967880548238,168.99079584592883,0.0,"[1.8628048568105275, 2.041138957564378, 1.1497359141215728, 0.5150040659988369, 0.4258572640967662, 1.4057495319229012, 0.7369432030483922, 0.0, 0.031877476373433966, 0.3134071600488266, 0.0, 0.05839857254528146, 0.055476889266660945, 0.09957398875065908]"
NSGA_II,261411,7,10.25017728153077,151.6312125135853,0.0,"[1.8726681546331314, 3.642635017224879, 1.5744704126644706, 1.5764297782913443, 0.022421534697141334, 0.2976134588072754, 0.6553448123938769, 0.02532539142092627, 0.07537946873557923, 0.23121079125981026, 0.1039926057477166, 0.0773819894275642, 0.014457066243944635, 0.08084679998310886]"
NSGA_II,261411,8,33.31603290558648,5.357272133736156,17.05092029436581,"[1.915655709226867, 8.100397354354147, 2.4489714117203496, 5.217826495895633, 12.0, 1.4304296711543794, 0.7811291594343813, 0.664969077245908, 0.03736049801719621, 0.5676308713317271, 0.0, 0.04472762454480155, 0.03759708775195328, 0.06933794490914501]"
NSGA_II,261411,9,35.39592706793506,1.435072932064923,21.250737716248302,"[1.9260281403960544, 6.491237589117155, 5.380733569770251, 4.862857437377979, 12.0, 1.7200490365531413, 0.5441923318204016, 0.5577789963023031, 0.8794031920984294, 0.6443845378842084, 0.055142671195308045, 0.04247853487710863, 0.030781998476440395, 0.26085903206629085]"
NSGA_II,261411,10,10.869807438154838,150.43014888229249,0.0,"[2.061386823355014, 2.6024684167951575, 1.3084603833959276, 1.6978151788796685, 0.0, 1.5812611861045633, 0.8927687744527074, 0.0, 0.09372003093687736, 0.4255850732939336, 0.10063592609159266, 0.06720268891389866, 0.019286390724725072, 0.019216565210772186]"
NSGA_II,261411,11,12.888189383678478,129.67515891394922,0.0,"[2.1014389346620113, 3.630348463931437, 2.068273230333796, 1.8047893529837218, 0.033918222339722526, 1.447090432516028, 0.6700043671209037, 0.5796118180274883, 0.05006449043337597, 0.24332697179663795, 0.10617983394691105, 0.07418920287450591, 0.0, 0.07895406271193839]"
NSGA_II,261411,12,20.80506585944517,62.394138269223944,0.0,"[2.102796310160681, 4.25860110824365, 3.3612065326915306, 2.255271775533563, 4.69982676893066, 1.9676851510501208, 0.687921294718458, 0.8888422296207082, 0.05113620690264621, 0.28358386700408256, 0.12706515214882125, 0.07433844332932836, 0.0, 0.04679101911091896]"
NSGA_II,261411,13,30.16716572994967,11.714194752663659,4.262290276026587,"[2.124599399000372, 4.359679060243087, 3.4385444010345076, 3.659679166586816, 12.0, 1.6144671155280381, 0.8608499643761433, 1.0330095871653149, 0.2899112316161323, 0.4612338395950827, 0.19705962316440423, 0.06744039912708677, 0.06069194251268954, 0.0]"
NSGA_II,261411,14,19.91983171630496,72.0842308987267,0.0,"[2.125325927200764, 1.3333284425630878, 2.559640568486973, 3.6946258062230477, 6.438637751917477, 1.4033303752844377, 0.8952081370344648, 0.0, 0.4661564862122985, 0.70123209891146, 0.19134147110156566, 0.0486702539413777, 0.008330276797368391, 0.0540041206306345]"
NSGA_II,261411,15,7.7098863133446,175.94498405981375,0.0,"[2.178449000784745, 1.5494122242843749, 1.0388713177632285, 0.39604514434090793, 0.022860391775003187, 1.3750512629398688, 0.733342177579383, 0.03541595904024835, 0.023558116595610742, 0.1459405627485827, 0.08247905931186887, 0.056577993690615766, 0.07188310249016289, 0.0]"
NSGA_II,261411,16,18.156342106766104,82.37864880629897,0.0,"[2.1968130268501618, 5.2039241133855345, 1.9807661822516682, 5.184349066778564, 0.007454521537811676, 1.385627635719447, 0.9702996656755727, 0.0, 0.9284756090119606, 0.10456831637848389, 0.05316471638310324, 0.08361207091025176, 0.0, 0.05728718188354546]"
NSGA_II,261411,17,33.86955193815643,4.1808961236871305,14.940290638183875,"[2.212228894888636, 7.756556356767404, 3.458136636528643, 4.862016680951056, 11.6030525150619, 0.23337286143553237, 0.8996337048474758, 1.0719403073917673, 0.8884606511571337, 0.6899532476299297, 0.13316034363566054, 0.04444132910861721, 0.016598408752678668, 0.0]"
NSGA_II,261411,18,25.98443230507596,30.77214475078776,0.0,"[2.250622607642989, 5.626710894510023, 3.278664719121653, 3.8834205076715405, 6.225873221665141, 1.72661501734779, 0.7932224206049695, 0.4598941858059489, 0.6686055339692688, 0.4270587665864496, 0.5430953910096152, 0.06510712392442979, 0.035541915216137865, 0.0]"
NSGA_II,261411,19,36.2802974731488,0.550702526851186,28.433685515046022,"[2.379168764900835, 10.317519072752209, 3.624642001823109, 3.877747460653258, 12.0, 1.6158331534746733, 0.9478997769874481, 0.0, 0.5343837631903495, 0.7017951186843383, 0.19708932965095957, 0.07728526970471555, 0.006933761326904549, 0.0]"
NSGA_II,261411,20,36.19957500655558,0.631424993444412,18.536098117734127,"[2.39021629306805, 7.809029491972625, 3.694970622570655, 4.603882988896278, 10.817771723090422, 1.5695361572879627, 1.9272392229611235, 0.9085267215558495, 0.7932238499912784, 1.5581866178465391, 0.1147398307377473, 0.0, 0.0013615773928352059, 0.010889909184213759]"
NSGA_II,261411,21,34.83214147471111,2.3774046603256878,22.22886316081788,"[2.4064800961744086, 8.39879930624273, 3.6903198301505435, 4.157531137685814, 12.0, 1.788439812981067, 0.9458217835831814, 0.5583786736943205, 0.5368291900619019, 0.0, 0.19038894295025635, 0.029758463485125237, 0.007706627953848471, 0.12168760974790549]"
NSGA_II,261411,22,17.34987237817271,88.77544318923309,0.0,"[2.439258929127413, 5.079618135374866, 0.5830970875205818, 6.051564770071011, 7.880504900033478e-05, 1.3999614163509722, 0.7868218488449357, 0.013463050696926257, 0.6327477197548159, 0.12920763779194633, 0.07080501571896385, 0.0747679207243075, 0.0, 0.08848004114696717]"
NSGA_II,261411,23,35.99902951679915,0.8319704832008483,23.65616734191154,"[2.4396765889358867, 6.615288801108831, 5.166454162984174, 4.856378561790314, 12.0, 1.732755584500926, 0.8946980142846324, 0.5563121005626587, 0.876958579503851, 0.43359217625190316, 0.05900759700249676, 0.019867841302966555, 0.028561500443324898, 0.31947800812717686]"
NSGA_II,261411,24,29.053800535498855,16.138635439690333,2.4708961346898484,"[2.460659713288592, 5.517795315983561, 3.1936605980822192, 3.640315920878375, 9.433098651155962, 2.2803824419115255, 1.7485406527006755, 0.25283558982593324, 0.006372449389170965, 0.3089115036853718, 0.06550266487010616, 0.005108927909631418, 0.048119663677045635, 0.09249644214068192]"
NSGA_II,261411,25,6.921798374269554,183.71229595580076,0.0,"[2.492241333309129, 0.8731561676078097, 0.6030849764865938, 0.3675677000100407, 0.0, 1.434859358703582, 0.638470170584066, 0.08274428597290238, 0.04989313838809146, 0.137477839165172, 0.07951468810132756, 0.07419545143325666, 0.0, 0.08859326450758297]"
NSGA_II,261411,26,9.730022382045343,157.86367738673556,0.0,"[2.492241333309129, 3.6813801753835995, 0.6030849764865938, 0.3675677000100407, 0.0, 1.434859358703582, 0.638470170584066, 0.08274428597290238, 0.04989313838809146, 0.137477839165172, 0.07951468810132756, 0.07419545143325666, 0.0, 0.08859326450758297]"
NSGA_II,261411,27,36.85304649642467,0.0,0.0,"[2.532620737947668, 3.965313652598251, 2.251828605411898, 1.9869240186538368, 2.9233362198030717, 2.6539209172186786, 1.7808078175539295, 7.5208083491772095, 1.80620853837472, 1.037460136818627, 5.939435811017031, 0.5662573467624047, 1.8569786984817667, 0.0311456466055699]"
NSGA_II,261411,28,31.987376938754366,7.945611764222914,9.799759499352724,"[2.669644410626069, 6.6620268994576435, 3.2072332484605552, 4.808740626882357, 9.595227730128318, 2.455982234772068, 0.6341762831437724, 0.5706161000249368, 0.7016602528030162, 0.572485452999603, 0.04562393317879372, 0.03555494311160647, 0.028039181433984636, 0.00036564173164038705]"
NSGA_II,261411,29,34.06019477985443,3.7996104402911364,20.075677124395533,"[2.690665109456034, 10.062249438405972, 3.8136588539112326, 3.975739189782356, 9.45088737242271, 1.6170219966963337, 1.0072493434188547, 0.0, 0.5446670501546585, 0.6992099998698509, 0.19690542609880599, 0.001940999637620705, 0.0, 0.0]"
NSGA_II,261411,30,19.996227621435867,70.61569742342581,0.0,"[2.770249557233077, 2.8012645818839594, 3.4798231968075912, 2.738162815887334, 4.427611898545328, 1.5230145951141263, 0.867022516083096, 0.19566193828611628, 0.10906564567036091, 0.47639338385880636, 0.12504733991065534, 0.07450805752789966, 0.0481484575197467, 0.36025363710777236]"
NSGA_II,261411,31,30.90986026785124,10.100279464297504,11.156258356167463,"[2.8174539324710777, 8.393708240811169, 3.93285233196137, 4.051413529029911, 8.688765100437077, 1.5746135256986602, 0.8400238663647841, 0.2426231555483982, 0.17073537924399634, 0.03776511539419692, 0.09215091154978404, 0.0, 0.0677551793408144, 0.0]"
NSGA_II,261411,32,26.785830339056897,25.05742721799229,0.7226016262827883,"[2.823386002978464, 5.957256415733861, 3.978996167724435, 4.024586906378567, 6.780376133467456, 1.6917506335007766, 0.7960588874658974, 0.2562045841441783, 0.16140941583991142, 0.08940251021885853, 0.07760041585824129, 0.07185595727258741, 0.07694630847366267, 0.0]"
NSGA_II,261411,33,22.34944488224382,54.44770766839881,0.0,"[3.1744975304227268, 5.855798874185837, 3.0782420248682327, 2.376330557054847, 2.7020586731493994, 1.2854881019119933, 1.053893152845771, 1.1751236074272002, 0.47200813336264197, 0.4998547979564526, 0.01017521318407455, 0.43228758901453607, 0.19169164194108734, 0.041994984919023474]"
NSGA_II,261411,34,11.123644153173087,144.2325758886445,0.0,"[3.49731673837917, 3.654884570702822, 0.9711882044726291, 0.3857827559026793, 0.0, 1.440203214956281, 0.6421631007772245, 0.04689850154213405, 0.07138134799004954, 0.14692813931028914, 0.07953835470214998, 0.05094939670334678, 0.07095001762204993, 0.06545981011226387]"
NSGA_II,261411,35,33.24696319172898,5.449646618198912,14.241999139893409,"[3.5097988848145945, 6.79934872366767, 3.197082311072929, 4.370007503406624, 11.817073464066807, 0.3904674565670656, 0.7183509004797868, 1.0596514211181636, 1.18373410075185, 0.0, 0.13882462448430535, 0.0006353612690260019, 0.038415438373310073, 0.023573001656845165]"
NSGA_II,261411,36,32.44188437264222,7.06763676330786,9.01381633661401,"[3.638711705884116, 4.804961452371802, 3.4309736712230374, 4.366191416608625, 12.0, 0.0, 0.8663015983512496, 1.0345390442847757, 1.5365323453586688, 0.479856052386583, 0.19559183910473085, 0.0002808124990152927, 0.05653892597730099, 0.03140550859232335]"
NSGA_II,261411,37,14.872897418148238,109.1199820495378,0.0,"[3.673817542899808, 3.6464986187308663, 2.224402430893574, 0.4138273077063731, 2.7281257656818996, 1.0620596172173484, 0.6686272990736135, 0.0006611046004142973, 0.08592828357994789, 0.1485698700311558, 0.07960845086680794, 0.053620920901775004, 0.0684823922551852, 0.018667813709466276]"
NSGA_II,261411,38,36.317987524666805,0.5130124753331948,33.276337732342455,"[3.696672420190675, 11.376103785571818, 3.6578407596938676, 4.127527403674172, 9.182624980078575, 1.5999831476126865, 0.9266511161529921, 0.648471120012589, 0.2540509289896035, 0.5337377044722836, 0.19716715275799243, 0.06850125858026564, 0.04865574687928548, 0.0]"
NSGA_II,261411,39,35.66449090952714,1.1665090904728572,30.182211571354514,"[3.721806951022238, 10.30292941115445, 3.652811893685574, 4.890436697953679, 9.488011495266548, 1.560873926846319, 0.9276672113153626, 0.0, 0.24770752903817383, 0.5577978940288717, 0.1960281281355115, 0.07672108720984362, 0.041698683870569506, 0.0]"
NSGA_II,261411,40,23.114310027539876,47.51667896784146,0.0,"[3.825184028499756, 2.4197988893737787, 1.3231699682400573, 5.299124246238813, 6.714130904285068, 1.346395546733122, 0.9237036089988105, 0.4311531619824991, 0.0, 0.5126430328924204, 0.18711806254320817, 0.07674144979388738, 0.05514712795845717, 0.0]"
NSGA_II,261411,41,13.44107785787834,122.51861510023053,0.0,"[3.972771460584855, 3.2180389906240956, 2.1154855249870175, 0.7049841868472198, 0.9012775737728571, 1.3514239160915336, 0.7006665693159112, 0.03561383809183307, 0.0, 0.20879886564278022, 0.0785794445117551, 0.052253642415515236, 0.049408210882289055, 0.05177563411067923]"
NSGA_II,261411,42,18.76922939222799,77.2871241478096,0.0,"[4.081961433638978, 2.051756815695195, 2.3054683376346707, 2.04192411862174, 5.260443537636626, 1.1932936582077527, 0.7870617861952356, 0.021517558236519043, 0.5546450476169822, 0.2533910761616664, 0.0764950904824503, 0.06197088175185449, 0.04795671944925821, 0.03134333089906129]"
NSGA_II,261411,43,24.80301069124271,36.83069979110542,0.0,"[4.117341109104195, 8.715973841875067, 3.198055639478867, 0.9780886624157517, 3.7935968228509376, 2.2314126134548125, 1.2535710139330887, 0.0, 0.11048385862027513, 0.26103009206223515, 0.025336160819772836, 0.04077142913933294, 0.0, 0.07734944748837695]"
NSGA_II,261411,44,14.136862065273155,117.65476595802846,0.0,"[4.930365627741578, 3.1295376130036847, 1.3482352440056187, 0.0, 2.127797768615511, 1.3605312206942117, 0.20157155341890887, 0.06832598290460044, 0.254499445993005, 0.5270269149338361, 0.08442755593144427, 0.01617052923493563, 0.01606101062828661, 0.07231159816753358]"
NSGA_II,261411,45,29.638238068243044,13.506342394137771,7.340155953960885,"[5.338097059708679, 5.386385403399507, 2.375141904081174, 1.942170631996879, 12.0, 1.3230743609014182, 0.14362223459931042, 0.27961094454939506, 0.1650339258556644, 0.5080310354892459, 0.12159670557472088, 0.03296828839598745, 0.01619034235920078, 0.006315231331858406]"
NSGA_II,261411,46,31.740390115567813,8.439219768864387,11.812408666340279,"[7.168722713791564, 6.803476413982748, 3.278664719121653, 3.8834205076715405, 6.225873221665141, 1.72661501734779, 0.7932224206049695, 0.4598941858059489, 0.6686055339692688, 0.08815095145700108, 0.5430953910096152, 0.06510712392442979, 0.035541915216137865, 0.0]"
NSGA_II,261412,0,4.011005611913245,210.50915223536506,0.0,"[0.8348280189605303, 0.0, 0.0, 0.7807315167250496, 0.0, 0.0, 0.1632488291293268, 0.16613008616671845, 0.21895079806450296, 1.0517606919474212, 0.3592997078968156, 0.0022539908304824684, 0.049062786298702796, 0.3847391858936954]"
NSGA_II,261412,1,6.987272471068312,185.65317678308742,0.0,"[1.1821445158437107, 1.7292814309488933, 1.524943476092268, 0.3021419655073718, 0.15071926556143056, 0.0, 0.1673633917312675, 0.02200728718420311, 0.4348485755804804, 1.1715873013131377, 0.16158978988229664, 0.001364401224630479, 0.10912852991943052, 0.030152540279192064]"
NSGA_II,261412,2,5.024940244956929,201.68521195351897,0.0,"[1.235200316067965, 0.050282096872579896, 0.8138666232033271, 0.4247057946887841, 0.1626380542648929, 0.18584031186069674, 0.3698818563314305, 0.0, 0.30547788346589844, 1.1489053329718975, 0.24632377580094034, 0.0012890448577091958, 0.08052915457080768, 0.0]"
NSGA_II,261412,3,5.952784488333319,192.3826646237428,0.0,"[1.4177840265199286, 1.3712959197234427, 0.301892651672671, 0.820508131388905, 0.22319573273706653, 0.0, 0.0, 0.002411079496401967, 0.21248226326125244, 1.1439006867950143, 0.33124107345041587, 0.0020247378693596255, 0.12604818541886054, 0.0]"
NSGA_II,261412,4,24.65605743881782,38.38700471719961,1.2625487407160492,"[1.7794160875082228, 2.3017924628344386, 5.336263689146563, 10.95107650122683, 0.5738606427206356, 0.3978881398786793, 0.13455813323431642, 1.0784712930614588, 1.3395867717617196, 0.2879955502747657, 0.34786999278533537, 0.040512003019342914, 0.043753051624526564, 0.04301311974098661]"
NSGA_II,261412,5,15.826359405120389,102.64949850695913,0.0,"[2.371928195845132, 2.106111987150154, 4.8122601030494785, 3.449782636053491, 0.486079701126439, 1.2775151801282456, 0.212619601793341, 0.28395435065591584, 0.023804075158233615, 0.24074803172616951, 0.4105408751177095, 0.08701060827956138, 0.0, 0.06400405903651742]"
NSGA_II,261412,6,9.53399195858422,160.888004203406,0.0,"[2.4179785306989734, 1.487411783115187, 1.9214349846379553, 2.1932088569242505, 0.07276661624443494, 0.1397017747001169, 0.0, 0.0, 0.23197898324386085, 0.6404826006539381, 0.2410451300370713, 0.0032938432662404046, 0.10834684351162774, 0.07634201155056466]"
NSGA_II,261412,7,17.953526261267807,86.16342853554661,0.0,"[2.4427788256078107, 5.909271503891901, 4.384873188828104, 1.9586363312694135, 0.12686475477204606, 1.2854844708659312, 0.22284583601695873, 0.0, 0.4125639570129267, 0.6130781251596977, 0.40882365664938847, 0.06485195757527325, 0.12345365361835459, 0.0]"
NSGA_II,261412,8,11.33365334652541,143.2335696991326,0.0,"[2.504670116071662, 3.788111952947725, 1.9278851820751137, 1.3765943331943526, 0.052298595930018885, 0.13903455592496772, 0.22321671344625288, 0.0, 0.4161142790102723, 0.7324320747991976, 0.0, 0.0, 0.13743971571579316, 0.03585582741005266]"
NSGA_II,261412,9,7.935400926269618,176.81575715636515,0.0,"[2.6146547628642685, 1.5310221872970897, 1.7286201759544848, 0.0, 0.0, 0.0, 0.20471546462615572, 0.0, 0.44301554585517944, 1.143571958223511, 0.15179806307173985, 0.0013216811377013988, 0.11668108723948634, 0.0]"
NSGA_II,261412,10,9.123168143220287,172.96135446857122,0.0,"[2.6146547628642685, 1.5310221872970897, 1.7286201759544848, 0.0, 0.0, 0.0, 0.35026598309711043, 0.0, 1.4852322443348944, 1.143571958223511, 0.15179806307173985, 0.0013216811377013988, 0.11668108723948634, 0.0]"
NSGA_II,261412,11,29.54780227866577,14.500327455739782,7.018069094589251,"[2.6505583542839055, 2.262858329975476, 6.600938570180326, 12.0, 0.6344899869379804, 2.912023357394167, 0.0, 1.1484146076307922, 0.2965231185738335, 0.44344142542510356, 0.34929408626240555, 0.015622377801228757, 0.0, 0.23363806420055475]"
NSGA_II,261412,12,15.192950564462903,112.00825749196743,0.0,"[2.7265028748765334, 2.327460707565641, 4.873409353794194, 2.001561227891362, 0.34295491286708446, 1.1718852507368929, 0.07389971802432685, 0.06567438226495184, 0.36770470124863724, 0.15077683433901945, 0.8317815224852815, 0.0, 0.14055134710805758, 0.11878773126091996]"
NSGA_II,261412,13,11.180566573157368,149.70002596521385,0.0,"[2.7440250867135974, 1.694838426290071, 1.297723264818663, 1.6626749147512483, 0.38787569177522435, 1.6909211467263314, 0.2739175391332943, 0.46639817979309905, 0.0234451574564068, 0.6350146714260878, 0.2383370858020586, 0.04801693988481116, 0.011292867871572096, 0.006085600714901343]"
NSGA_II,261412,14,30.472853130775363,11.14031944534694,6.977965965479328,"[2.9454363874845395, 1.570637287729943, 6.5347879918485035, 12.0, 0.6632277730599792, 4.204925418170417, 0.013937934305423706, 1.0681918269309623, 0.5890479267688871, 0.6499227137294759, 0.0, 0.010707696497104893, 0.056004467352442716, 0.1660257068976794]"
NSGA_II,261412,15,13.642985280859094,122.76986252221761,0.0,"[2.991956501631714, 1.283961864818204, 4.245920734441415, 1.4987036862163547, 0.4840029682090127, 1.7268606126497026, 0.6223354613284747, 0.1396714411659773, 0.0, 0.0, 0.4069964955293401, 0.15439890098240422, 0.006658932737966106, 0.08151768114852696]"
NSGA_II,261412,16,20.367913923101405,67.86080925155463,0.0,"[3.027630375490423, 1.9004304661322842, 6.7644049673205835, 1.7876863411622086, 0.6208602467704691, 4.076049425631823, 0.006586293897869387, 0.8929410964140234, 0.2784276273069925, 0.3779073100907093, 0.2625125461579735, 0.012294884115018188, 0.04784676482405789, 0.31233557778696586]"
NSGA_II,261412,17,36.832802741759615,0.0,0.0,"[3.2322998909606886, 2.6585841172542946, 6.471041262620799, 4.310855377750203, 1.0610909906228225, 4.90921748971228, 1.711360469945526, 3.554323600539835, 3.1995012613156315, 2.7245943204588805, 0.5608021244536946, 0.0, 0.7612169606107806, 1.6779148755141784]"
NSGA_II,261412,18,32.76504300274465,6.508310179048308,10.76826527574875,"[3.243347979422496, 2.4519428530299034, 6.724908090454716, 11.821027128165275, 0.6390662692079851, 3.783581131917627, 0.0, 1.3573396875761086, 1.8033933369613067, 0.38359939612546523, 0.4198700564152853, 0.017672213049524696, 0.0008986758813480021, 0.11839618453760682]"
NSGA_II,261412,19,30.08019098071868,11.966818575327679,3.9763543283383243,"[3.3886787365299216, 1.5716951893663949, 6.321980850440447, 10.85773919996074, 0.7539137365389943, 3.754244926367823, 0.036777370523471575, 0.8511973052912924, 0.9462838259073562, 1.3472728456502447, 0.19442554374828822, 0.0035899329099443565, 0.05239151748376329, 0.0]"
NSGA_II,261412,20,10.367920602402926,158.8295730756366,0.0,"[3.8234876997307725, 1.735756604808965, 1.8925447328329996, 0.0, 0.0, 0.0005729212981312407, 0.10860464274406104, 0.9592144439814896, 0.3923804901071355, 1.1954325553490848, 0.14156592583821218, 0.042953944622105104, 0.050731565173870785, 0.024675075916100436]"
NSGA_II,261412,21,20.571383778593326,64.55803268866816,0.0,"[3.9556147686428487, 2.291039250798342, 4.014614953336699, 3.213220580747633, 0.6864341372709994, 4.71923868449086, 0.562644861783244, 0.0, 0.7442904613923762, 0.061008109773181385, 0.17238742186185485, 0.03220255017921237, 0.11868799831607513, 0.0]"
NSGA_II,261412,22,26.85209968906451,30.012213898067685,0.0,"[4.140288436164839, 2.4337685585729267, 5.234460281677995, 3.30144313429896, 1.1051442965016263, 4.729825652148718, 0.0, 0.0, 2.6064503304285056, 2.4256796620077603, 0.3531282946266172, 0.031519065001458804, 0.06071094262107328, 0.42968103501402777]"
NSGA_II,261412,23,25.14085335559072,36.099774924107756,0.6591334609706365,"[4.25437176194932, 2.7827084736618444, 6.962958400483665, 5.765094824875808, 0.5285138781839627, 1.5660331784496488, 0.2855748591718258, 0.8806359016559467, 1.1290779129627402, 0.41576106329755963, 0.3414525270643993, 0.0, 0.12512392894429875, 0.10354664488970741]"
NSGA_II,261412,24,19.33273715596841,74.13439361559668,0.0,"[4.6735162209494385, 1.7018967111352947, 5.778551044071541, 2.685553222982495, 0.5809043409770339, 1.9392585124356885, 0.15368519575704398, 0.0, 1.4313161994808954, 0.10395543325115897, 0.2382776591744368, 0.033254166589344415, 0.012568449164034753, 0.0]"
NSGA_II,261412,25,21.870605226991422,62.177523323221344,0.0,"[4.681005730334421, 1.9459780046030684, 3.6166731665937526, 6.825638470664318, 0.3314452193468359, 2.223919539662906, 0.043857324013370225, 0.07753146699123142, 0.26835554283384183, 0.1322389647479918, 0.16622564834265902, 0.00043124948172538693, 1.557304899375298, 0.0]"
NSGA_II,261412,26,18.21248476085835,80.29981618615972,0.0,"[4.75832507467925, 1.9420949777365915, 5.091351549860849, 2.6873466726638746, 0.67564029896139, 2.498308338926666, 0.04444125874572742, 0.0, 0.2601714673979826, 0.0, 0.23823969654276697, 0.0, 0.016565425343250707, 0.0]"
NSGA_II,261412,27,31.302505939729375,9.31498812054124,8.47628261625346,"[4.7847797198972595, 1.1345918197040823, 7.5913946311227605, 9.912237733501712, 0.6721386791923671, 4.204166711550149, 0.04051753867282017, 1.056338919917835, 0.6089386978635012, 1.0555997749542934, 0.0, 0.00037968101164436927, 0.24142203234095244, 0.0]"
NSGA_II,261412,28,19.21895753802819,77.33593279278887,0.0,"[4.868736789161423, 1.5280475283447512, 1.7361455586803518, 7.864602153453671, 0.06988911412323184, 0.0, 0.30021842842382584, 0.294386793045774, 1.509139840259985, 0.8786121176945612, 0.15667207653532136, 0.0010740019567254244, 0.0, 0.011433136348567184]"
NSGA_II,261412,29,14.240456328933364,115.90665162809245,0.0,"[4.9428409099680835, 3.1227791694392515, 2.3626882263390594, 1.4867317509492, 0.13875722380108158, 1.0688229747191096, 0.19585793356895312, 0.0, 0.20740734925818485, 0.5136415717507203, 0.16652563113421626, 0.0, 0.0, 0.03440358800550128]"
NSGA_II,261412,30,12.574638219508508,128.38220893041358,0.0,"[4.956149483015305, 1.2108119281241265, 3.7626870326581487, 0.5228467518588342, 0.4288999318226587, 1.0850760614787147, 0.20019617873459625, 0.0, 0.14897184806244737, 0.023040144229024295, 0.23231564302514457, 0.003643216499507212, 0.0, 0.0]"
NSGA_II,261412,31,29.678896683111525,13.43723700080604,9.763640620286644,"[5.248055961493494, 2.280703625850288, 6.321497863189373, 10.678913740043988, 0.5841563284969998, 2.7138143915612214, 0.08880254471479533, 0.9887426192012301, 0.0, 0.328518956428163, 0.35881810419912313, 0.041396955273202286, 0.0, 0.04547559265964456]"
NSGA_II,261412,32,25.859934528662176,31.389006628955244,0.0,"[5.387627698971866, 1.819799508772047, 3.850721797310122, 7.5423081814935165, 0.11494345348840243, 3.7235515486952084, 0.043940551668097606, 0.5915540821282912, 1.8628105615980044, 0.5801913587949739, 0.17529910289505446, 0.02206067676617159, 0.001987824357416762, 0.143138181723006]"
NSGA_II,261412,33,27.477134833207778,22.738686140835192,2.872820192677814,"[5.391161082074599, 2.514851344398453, 5.728607552778799, 8.344200213425964, 0.35116299983035476, 1.1328124601099911, 0.4474255182730568, 0.8624444016077106, 1.196399742552514, 1.0877021394597768, 0.27486488052748653, 0.030718806611077325, 0.0947790925672697, 0.02000459899072208]"
NSGA_II,261412,34,29.38274264731832,14.601383898537001,5.384131331877896,"[5.450467500726777, 2.296878960738621, 6.547195046719804, 9.114504581464528, 0.5140391525784236, 1.5289784989889805, 0.1418661987478779, 1.057079161574386, 1.203773713015631, 1.134857074491024, 0.2985040176335666, 0.03184299346705425, 0.06275574717164126, 0.0]"
NSGA_II,261412,35,23.49434286696691,45.49182027020475,1.4550465495476956,"[5.696922463451403, 2.066254679628142, 6.224593246320802, 6.5732761601473495, 0.4744863631015309, 0.0, 0.005290332895717786, 1.0241777960443212, 0.49141311355994244, 0.5091700751469505, 0.29174928418235985, 0.010828581459043446, 0.1261807710293476, 0.0]"
NSGA_II,261412,36,32.66218133699769,6.941562458907459,13.782089237994736,"[5.892637905525847, 2.480966267009594, 6.966405169599126, 10.59273139587889, 0.6428354940675166, 1.9018099018691692, 0.0, 1.3293403391859555, 1.6754487206297113, 0.49332140206089603, 0.3407596082681177, 0.0, 0.0, 0.34592513290287163]"
NSGA_II,261412,37,36.74627317629714,0.08472682370285156,21.69048344827729,"[5.99117654139322, 1.9418761349182119, 7.278955058705664, 10.944148915547459, 0.6573980189117393, 4.69076237750842, 0.04390527171469348, 1.4250104438529234, 1.6854337862079942, 1.6538692536366035, 0.3909220215109876, 0.0, 0.003185765901370296, 0.03962958648785436]"
NSGA_II,261412,38,35.61288920383785,1.2181107961621649,23.10586268289022,"[5.995746219173798, 2.7371143780654337, 7.166381347002118, 11.143121143067859, 0.6575471125215456, 3.715246011971444, 0.004336059622988809, 1.414448641097717, 1.9064140801610274, 0.3570244761342547, 0.45770691785226064, 0.019264400985339925, 0.0032564157927693627, 0.03528200038928817]"
NSGA_II,261412,39,31.644424439948285,8.635327935901618,12.000603020767404,"[6.093933512345289, 2.559690275157556, 6.580809863442594, 9.679473830424827, 0.5869685078426411, 3.1178100401049433, 0.029447491548554736, 1.2191477241701159, 1.2422406907420327, 0.4709106637161885, 0.0, 0.018903807044473604, 0.040911217610888825, 0.004176815798174346]"
NSGA_II,261412,40,33.293771992505356,5.334204817358376,15.428425747738881,"[6.633105427528116, 1.6023493211130713, 6.85926592896327, 10.905659081562932, 0.6178359296110142, 2.624486687448488, 0.005425547339342007, 1.352898209764567, 1.925644793753661, 0.3395563192866141, 0.409152684519331, 0.016643259245893462, 0.0, 0.0017488023690468424]"
NSGA_II,261412,41,36.07222735108051,0.7587726489194964,14.123772925161578,"[6.6406986448222725, 2.4624652494554313, 6.654248793846577, 9.651904546800948, 0.6255456155167406, 3.1331160248950978, 0.024635089120249823, 1.251767524347683, 4.398671561028471, 0.6164695296875039, 0.39962519631474724, 0.026387415798941955, 0.12995367212780448, 0.05673848731803374]"
NSGA_II,261412,42,32.39068181398769,7.139922782137763,19.379897134741604,"[7.195778335203859, 2.259578326160601, 6.722526715343808, 10.841932831316642, 0.5897961229813007, 2.588039460382709, 0.03616501293265425, 1.346853312033779, 0.0, 0.37597537284130217, 0.3834871334109882, 0.018156111976965764, 0.031106669289925573, 0.0012864101131509784]"
NSGA_II,261412,43,34.696413714641274,2.5271725707174646,22.216265199331993,"[7.247535053984394, 2.559952798043103, 6.710169206473541, 10.913714596173541, 0.6024573886199837, 2.8610469457602, 0.013690081374602429, 1.3440563714493834, 1.8942504629363495, 0.3622880845186297, 0.09787727781369839, 0.01730339201325436, 0.07207205548059262, 0.0]"
NSGA_II,261412,44,34.53209214173315,3.149470758533475,20.644099270657634,"[7.475552230444892, 2.590776372877129, 6.694409146187523, 10.74865026414478, 0.5862187435190442, 2.227112470413089, 0.01627330542023885, 1.3434002062300923, 1.635394571890457, 0.4943891719688945, 0.35743117586704304, 0.01699471113315937, 0.05183472963702176, 0.29365504199978704]"
NSGA_II,261412,45,34.9726235378218,1.9747529243563982,24.481523704511524,"[7.5740982239928645, 2.6489093541341187, 6.717121826656901, 10.808987229980964, 0.5866907497698488, 3.0942730198105375, 0.034180174163983716, 1.3429981238483344, 1.6072788322119853, 0.40598244479417733, 0.0, 0.01790488867935345, 0.13419866977874084, 0.0]"
NSGA_II,261412,46,34.14646478045029,3.6880828745410597,18.270027487892186,"[7.592965493446659, 2.449701529375625, 6.647063269523898, 9.685395427757499, 0.6491793064012247, 3.1279647374662662, 0.2247557824982424, 1.2692758843736276, 1.6699530937212583, 0.6105924724260228, 0.0, 0.03172760913540215, 0.1268777388829307, 0.06101243544162942]"
NSGA_II,261413,0,10.523903455273176,154.18167370440844,0.0,"[0.0, 2.4962823036399393, 2.9909023853976215, 2.5369893904300316, 0.0, 0.4957576652898105, 1.4662737598052098, 0.22768698603056836, 0.014561332082055007, 0.14161656506323855, 0.04775195961819636, 0.08840904366538008, 0.016286213424762462, 0.0013858508263622866]"
NSGA_II,261413,1,10.741887973212487,151.71667956041156,0.0,"[0.0, 2.4982393323414644, 2.9946584152030544, 2.537657740086576, 0.27388361176147846, 0.5163981385645812, 1.4347956422565982, 0.29598402841798677, 0.014593051985051834, 0.050132514417817964, 0.04385797776888728, 0.06426043140527911, 0.016087201454269614, 0.0013398875494423784]"
NSGA_II,261413,2,28.53251716038585,18.535672917774995,3.5924822048487073,"[0.0, 11.631733139645318, 3.418758245100826, 6.708790143773211, 2.0219191478100176, 1.3608906765640276, 1.9064874600500819, 0.6827458092074378, 0.3003964941043609, 0.1301003810189197, 0.12546304137288086, 0.20895386299314295, 0.0180485799116286, 0.01823017883399715]"
NSGA_II,261413,3,13.367383501669767,127.67170828382297,0.0,"[0.059369432439289105, 2.6804385698405944, 3.0038640126077185, 2.494442257966537, 2.217681454422967, 1.159752968061749, 1.4286398245926935, 0.0, 0.04613790102876637, 0.12023476601954078, 0.139106523833703, 0.0, 0.016205273345279887, 0.0015105175109277403]"
NSGA_II,261413,4,13.365512247467434,137.47834809274707,0.0,"[0.26048946635562187, 2.564727048648731, 3.253302275043013, 2.77700480046607, 0.6293984582434047, 0.21111380389682471, 1.6195805450972687, 0.37072155329458983, 0.0, 0.3425301689893012, 0.008587007994405586, 0.1433627205190069, 0.017167339587578184, 1.1675270593316192]"
NSGA_II,261413,5,13.518571010395481,127.5202898509982,0.0,"[0.4864011689392203, 3.0023033875442153, 3.0393908979013324, 2.60024407217761, 0.4346796197679065, 0.5685782186798213, 2.0940421148778254, 0.820923707932375, 0.0, 0.3685126674274688, 0.07116542541801607, 0.026398344289857385, 0.0, 0.005931385439833434]"
NSGA_II,261413,6,12.133230411339413,138.61903432322964,0.0,"[1.0272780539063087, 2.698966147884804, 3.0447799534169033, 2.5742908431348175, 0.0, 0.3010350490318588, 1.3343413775475688, 0.052231435221110956, 0.24307648144100147, 0.6182869324466302, 0.04704828902670955, 0.1752328359178858, 0.015483128674613638, 0.0011798836892013584]"
NSGA_II,261413,7,15.621572515894297,103.74703555948571,0.0,"[1.6363148828106149, 3.1376126749787328, 3.011769886135208, 2.856255106275471, 2.1448804594329185, 0.6742182825178323, 1.3975214142077195, 0.0, 0.5763051636314428, 0.06936384387351892, 0.03544109015548641, 0.053304502333652026, 0.02858520954169761, 0.0]"
NSGA_II,261413,8,20.750343378861665,63.110093294476656,0.0,"[2.172048568467991, 2.479244557460219, 4.177133160366191, 5.5163032960655904, 2.313455747917083, 1.159221669235282, 2.0691278713010863, 0.23494740632215036, 0.0, 0.2327147633399079, 0.19578273178038302, 0.1626654891940434, 0.019131436759261582, 0.018566680652471492]"
NSGA_II,261413,9,14.690354773680486,110.43480059632472,0.0,"[2.1831919457218754, 2.440414852691027, 3.1854349251193934, 2.5421155106298676, 2.1379731661626615, 0.4806004970803922, 1.3752852452223565, 0.18089570496008817, 0.015538342657843117, 0.06294423337267432, 0.06421094047473758, 0.0, 0.012282794232702753, 0.009466615354866316]"
NSGA_II,261413,10,15.618970588317069,108.17029262112743,0.0,"[2.3265535939819295, 2.73192001909287, 3.113257622876282, 2.7185223033925565, 0.7308395942987234, 0.0, 2.5272402032045624, 0.3656412346060548, 0.4993671022874789, 0.4921033481678593, 0.08320090627908364, 0.024259067379906775, 0.0, 0.006065592749761744]"
NSGA_II,261413,11,18.018618369759277,81.11996143871013,0.0,"[2.3969179503948093, 3.0929224163228852, 3.245549714603164, 3.843811160090739, 2.163701873803914, 0.9143750498612139, 2.1682903093901746, 0.0, 0.03802365078760228, 0.06970266407769135, 0.0, 0.059154183889200115, 0.02292542715836324, 0.003243969379523658]"
NSGA_II,261413,12,17.427031762148978,87.43693674442841,0.0,"[2.458366783840133, 3.3895292183992054, 3.0155592570683325, 4.315044774957501, 2.171486630952825, 0.0, 1.22352616846623, 0.0, 0.7511721114499754, 0.0, 0.022902503637110754, 0.053594517239812255, 0.024697889774245793, 0.0011519063636101987]"
NSGA_II,261413,13,16.141876681022293,99.00818649345017,0.0,"[2.460573275705702, 3.4671320221212034, 3.0131806596366753, 2.928965188507129, 2.157323243083883, 0.0, 1.266701752987528, 0.0, 0.7539574506573979, 0.0, 0.022891860577668757, 0.042080810176808384, 0.028004986804482237, 0.001065430763813767]"
NSGA_II,261413,14,14.17408201378993,117.02294387488178,0.0,"[2.467812672203165, 2.1382601193984563, 3.0135210713752234, 2.55536073977339, 2.1422373668437613, 0.0, 0.8183045208992463, 0.0, 0.7552693424582116, 0.0, 0.02315024811304863, 0.2262333631218749, 0.03294628850375982, 0.0009862810997935054]"
NSGA_II,261413,15,18.892446473524778,77.27443640449616,0.0,"[2.6822878112918263, 2.3742144834413694, 5.450194763357395, 3.4523418175780765, 2.1468506014105855, 0.36311788484236773, 1.016841357087723, 0.0420909837007862, 0.634199043229841, 0.4811115825633879, 0.01789242825175305, 0.2287556777754579, 0.0, 0.0025480389942130134]"
NSGA_II,261413,16,16.72105622152696,94.9008207115667,0.0,"[2.8233995841990014, 2.5491656451801488, 3.017363744835386, 2.55468920992753, 2.1395748065028224, 1.0193569436351124, 1.6709015605119828, 0.2681459928031129, 0.2516713056514803, 0.155840874811533, 0.021835553013941685, 0.23463667342743982, 0.013036678863481317, 0.001437648163986643]"
NSGA_II,261413,17,25.696486213388035,31.907047898154747,0.5655189559770548,"[2.9021073254695686, 2.7296574381246512, 6.203586899436642, 7.83616729294619, 2.1141452155156024, 0.5697443535892615, 1.3375897093518323, 1.0746292502263612, 0.16105266255977158, 0.46175576920909733, 0.12679393653034288, 0.1768301329651633, 0.0, 0.0024262274635500304]"
NSGA_II,261413,18,36.84208363106475,0.0,0.0,"[3.1633260176916456, 3.0297343849784646, 2.277218877734358, 1.8945611586156619, 3.796422683949584, 4.286698284263337, 3.2281571601128385, 3.2929871238523187, 4.001001905015307, 3.0719850445046015, 2.0602331415492934, 1.536180680417713, 1.2035771683796255, 0.0]"
NSGA_II,261413,19,21.672755547636942,56.479814783638375,0.0,"[3.3118782943178267, 2.5104616739277956, 3.587799905758167, 6.209265073696481, 0.9313902273827137, 0.0, 2.6793862075309374, 1.526111640016807, 0.4591506521961488, 0.30116104916526587, 0.02389133445581358, 0.09439879468885432, 0.0008024825533057046, 0.03705821194682427]"
NSGA_II,261413,20,24.844211094833245,36.78516161020569,1.1464688161891843,"[4.358821500728944, 2.137604083650648, 3.054965128834739, 10.701078102974858, 2.199573775533079, 0.18203226419685659, 0.9852361991548295, 0.31802752858856126, 0.4570859219973587, 0.1644820172178961, 0.024019090034382296, 0.23605133356449076, 0.024416760557971942, 0.000817387798631311]"
NSGA_II,261413,21,23.292016402226658,54.634749566038316,0.0,"[4.404008365925558, 4.353280336956606, 3.2991574879946697, 4.904954525870516, 1.5368340623189263, 0.0793559128412793, 1.945399273252187, 0.35958290566364126, 0.09032613452379745, 0.3334637274203825, 0.01821891503067841, 0.1497369562035744, 1.0901805669950502, 0.7275172312297904]"
NSGA_II,261413,22,24.33882267909808,40.96760010971585,0.0,"[4.475373297516915, 5.117086548171946, 3.308826348449074, 5.437958154655021, 2.051080500435969, 0.2527772732445066, 1.2279454919292834, 0.6897278216311802, 1.2397959642292649, 0.0, 0.10635416778013895, 0.0858869282032315, 0.027883850123380714, 0.3181263327281687]"
NSGA_II,261413,23,29.797754410492963,13.437623195327241,12.632537945250728,"[4.524427719135864, 5.123016105254184, 3.3544318370671276, 10.379511983872993, 3.9812947587691236, 1.317210684281641, 0.2096817190594118, 0.03818878642255741, 0.06509781131000025, 0.20303851701219322, 0.17969453516752518, 0.19496951475586727, 0.222899992610185, 0.004290445774289685]"
NSGA_II,261413,24,28.83345922332777,16.980472065789208,7.3952380295654265,"[4.533421622661839, 2.9494183530861564, 4.903707918454094, 9.500343981063876, 3.8576322505008376, 1.725297902765855, 0.481112347634836, 0.0, 0.2922639077988811, 0.1926597064995313, 0.141217190520987, 0.1892382093136801, 0.051366749294983596, 0.015779083732212918]"
NSGA_II,261413,25,33.03438002829955,5.851239943400923,9.180936432542016,"[4.612067142210687, 5.232160904244965, 3.704931697580985, 8.445260840691786, 3.9958350543543677, 1.2949489616346537, 2.3068510072959407, 1.2230114126526528, 1.2759839235790327, 0.2666014423845147, 0.18074931814571957, 0.19678635496985236, 0.2991919685543944, 0.0]"
NSGA_II,261413,26,26.904582396857325,24.52166534722868,0.7580069844232895,"[4.731441133861385, 2.3836538760507056, 2.7986474050788095, 9.95026456943239, 2.2365741453300254, 1.3762043602444927, 2.5374061299281547, 0.30363903655451546, 0.0, 0.48648712820634094, 0.019331637534506008, 0.04422852399821797, 0.03251628477308415, 0.00418816586469477]"
NSGA_II,261413,27,34.390766875881056,3.168443592950286,24.23354313678913,"[4.785559055272198, 10.306159881886158, 4.34497674063614, 6.327353515877997, 2.4743066312837882, 1.2951736398154434, 2.337037967442189, 1.2780591740079272, 0.6103117799088714, 0.0, 0.21146220635803042, 0.20898790025193278, 0.18140103842796151, 0.029977344712419595]"
NSGA_II,261413,28,17.077093032614655,93.59374368949167,0.0,"[4.808339663098894, 2.6686868636107657, 3.0708407156388775, 2.5680016729471187, 0.35714997942247895, 0.08859777862164156, 2.2576412248334297, 0.235217189198429, 0.19773535651937993, 0.5606073594019966, 0.06000715096206078, 0.19545667442122935, 0.0043971602173045275, 0.004414243721046816]"
NSGA_II,261413,29,34.013058952295054,3.929243514917818,21.307559244466752,"[4.907010413554005, 8.482646141997401, 4.331286656229289, 8.21344363455003, 2.3513051645040663, 1.1681102019964031, 2.3002059079250476, 1.3147187211768279, 0.24255738625377737, 0.2794088623135451, 0.19903637486143222, 0.1879680674252849, 0.0, 0.03536141950793738]"
NSGA_II,261413,30,35.629886671079106,1.2011133289208829,27.695242187013655,"[5.021214666524238, 8.232750969518749, 4.075567041673114, 9.187147191994159, 2.8720735283173706, 1.4877585639944328, 2.573448831084262, 1.3183753710410306, 0.0, 0.16221503710125837, 0.0466170901619474, 0.20926448520994229, 0.41118202860441566, 0.03227186585419034]"
NSGA_II,261413,31,26.639901691275384,25.58914777866094,0.9190347736567333,"[5.135590562553025, 4.754331532421225, 4.024099919737185, 6.111012758945299, 2.386102716254051, 1.476172262084613, 2.0356018152253412, 0.25670452665349625, 0.19863838373377868, 0.13757643349997914, 0.02080139861271505, 0.0618621697590128, 0.012329261383508967, 0.029077950412147092]"
NSGA_II,261413,32,32.1463256930484,7.651713472929856,1.990568652685905,"[5.194339645932481, 8.04549433196897, 3.0050901000183874, 4.367735138199717, 2.458420249220095, 1.4202719873079612, 3.738478518579085, 1.3345705313574951, 2.0568112443103734, 0.2693064418827327, 0.04542781311574378, 0.18117853082510293, 0.004836301303588992, 0.02436485902665863]"
NSGA_II,261413,33,31.85964624375692,8.289592890581169,11.31987590677156,"[5.284447736518876, 5.265833790083162, 3.4283854752946876, 8.477063166054666, 4.325016305425695, 1.4191579154849343, 1.3645904877190302, 0.9174749228887946, 0.688352279851651, 0.11237252232860406, 0.0, 0.2037663900062805, 0.2842998740055246, 0.08888537809501863]"
NSGA_II,261413,34,36.294691911532865,0.5363080884671341,25.816100219108314,"[5.346080462078448, 8.101776561833002, 4.333933026722589, 8.600543525987373, 2.35573813905885, 1.6867866163106207, 2.5217078908678117, 1.5059140984643156, 1.2974959036659424, 0.22504975351638776, 0.12686423858503437, 0.15976340334298683, 0.0, 0.03303829109950561]"
NSGA_II,261413,35,35.29798741763486,1.5330125823651457,20.71247516490684,"[5.403761786076541, 7.813741599852449, 3.151818006081804, 8.462968086661235, 3.8837375892905475, 0.615256748496469, 2.5371475743495067, 1.4010120201960992, 1.2380817072318178, 0.4612918067304589, 0.1269116888303773, 0.16901012505249782, 0.0011169558930289644, 0.032131722892025476]"
NSGA_II,261413,36,31.67280317243457,8.605271190981853,5.3553617467611225,"[5.438559298890872, 7.839209348682332, 3.092402675326901, 4.713234954454104, 3.6082203150432335, 1.3127437667584898, 3.2525881586976126, 1.3815547570122066, 0.4578247209106139, 0.325077829408183, 0.12975135888292588, 0.08882167239746426, 0.0019367801186323753, 0.030877535850993065]"
NSGA_II,261413,37,31.47896816975042,8.965152214515108,16.847394681533174,"[5.465475849016109, 4.562833260355207, 2.810632011646091, 10.459051358704386, 5.648486920290373, 0.4394732206662184, 1.5120175604424455, 0.0, 0.10664676864282063, 0.15582169216082709, 0.13081974045175, 0.18462123335823652, 0.0, 0.0030885540159549204]"
NSGA_II,261413,38,33.77388003590451,4.395208415126518,16.135730694871746,"[5.480991924157434, 3.5275187110954986, 6.048964918475303, 8.648368346441744, 3.2374213831067866, 1.6749018273421263, 2.961838241628988, 1.0134436963103337, 0.16074087690960182, 0.5017329676107105, 0.15398875642604148, 0.19388398000050927, 0.1471159194638665, 0.022968486935572668]"
NSGA_II,261413,39,32.995730425097584,5.960237834353499,14.278329828963457,"[5.543084833039395, 8.54328361529011, 3.6097313556892288, 5.460694712629916, 3.7097907568283577, 1.8833863445308188, 1.940218549602517, 1.1921298332610604, 0.540308010960491, 0.31103539451509704, 0.10576549248985181, 0.12460284171205384, 0.0, 0.031698684548690015]"
NSGA_II,261413,40,23.69129925924809,43.85329123541636,0.0,"[5.648337192081411, 3.7213080974385204, 3.270619857610217, 2.7210854036210557, 1.7740092394811342, 1.1046182360641073, 2.5335501836773626, 1.8626387329880818, 0.49707816114808184, 0.21460301711750338, 0.08782702362369788, 0.24761997461948965, 5.0896205579952565e-05, 0.00795324357184853]"
NSGA_II,261413,41,36.0445895776837,0.786410422316294,30.813444047901115,"[5.751131441171866, 9.042450532209571, 4.368461051643797, 8.674300795380926, 2.021534714520172, 1.69420295269747, 1.1631953637600296, 1.030961503770519, 1.3840155519878374, 0.0, 0.12597208719268263, 0.208190188412197, 0.0009905448331965464, 0.5791828501034414]"
NSGA_II,261413,42,36.10588229492483,0.7251177050751672,36.515168788416126,"[5.761002014177244, 8.739830828812263, 4.636767227322741, 8.65610556733199, 4.240546133925937, 1.6671902055794323, 0.0, 0.794452534451128, 1.2821616871835695, 0.0, 0.1088970454124466, 0.06958471319986112, 0.0002633177698137149, 0.14908101975840385]"
NSGA_II,261413,43,36.64833625085191,0.1826637491480767,38.37437999614879,"[5.771697866046583, 8.53210112795064, 5.1424252902168, 8.642577343162298, 3.953110569699919, 0.8574592680631217, 2.1485570076293485, 0.3484144828081807, 0.7107273785195811, 0.30127233949421345, 0.1076086490546925, 0.12733831828550687, 0.0, 0.005046609921030505]"
NSGA_II,261413,44,30.092211249305272,11.925335951339353,8.182228088933162,"[5.898766109071039, 2.5480295396267305, 4.9232692410135686, 9.455271787112823, 2.648559884681627, 1.7164992103909558, 1.1832033068097387, 1.0137322533380713, 0.1525604306631103, 0.16535775948500864, 0.13832478483848462, 0.2016672430189425, 0.046969699255172546, 0.0]"
NSGA_II,261413,45,32.803806932193204,6.333355130891533,11.561186583756292,"[6.347571010739938, 3.5858590491282785, 4.400227588952236, 8.729300719519538, 4.163243189045778, 0.04356737625978391, 2.413488790739439, 1.8350200717323086, 0.9662650124045885, 0.2414671385368559, 0.007444487292544724, 0.048557898025745505, 0.0008256045382468116, 0.020968995277915122]"
NSGA_II,261413,46,34.74889555596491,2.440061626035142,18.84014671637241,"[6.520377267837593, 3.825266227944546, 4.273742911927768, 8.995207392078811, 4.126523112576759, 1.8586617192102333, 2.2951305648319202, 1.3998389798272304, 0.8522203783346235, 0.22752090530107463, 0.12645406878765, 0.22809361408914777, 0.0020056752525969505, 0.017852737964949895]"
NSGA_II,261414,0,5.865356055917808,192.67941794384407,0.0,"[0.07881257373670314, 2.6849622350947353, 0.46733268514397275, 0.6353808535831942, 0.0, 0.0005104061009673713, 0.9792488333261831, 0.15003319762281273, 0.4906234317321264, 0.14202730332346677, 0.13078984255703335, 0.0018124231437425563, 0.06429129949091596, 0.039530971061954426]"
NSGA_II,261414,1,12.625015709248189,133.83874393746174,0.0,"[0.5494437435604138, 3.0145786830260275, 4.276348617013485, 1.4048438559620409, 0.5936510102221029, 0.1882911502942498, 1.1357675209920364, 0.14641545002789663, 0.8795798619213747, 0.1347034581664391, 0.13179489764141328, 0.08855060281191851, 0.04521718106695819, 0.0358296765418286]"
NSGA_II,261414,2,30.42805326525644,12.125802244137798,1.8719367939747507,"[0.8698698124202, 6.400992736793898, 5.72998097530114, 4.883438035058993, 5.519318399299235, 3.569771807225205, 1.0965933029039465, 0.8395640841203008, 0.5831103609051499, 0.0, 0.16449558792197916, 0.2243975478880633, 0.0009440889794912893, 0.545576526438838]"
NSGA_II,261414,3,31.512544879336712,8.92891070284811,5.952572533759739,"[0.9784060872721689, 6.226931802391023, 5.637555936535891, 5.1331720591319545, 6.752298680011089, 3.6105345854578896, 1.1214096668175693, 0.8926958118737827, 0.6659515798251137, 0.0, 0.19473249964622194, 0.25897508468703034, 0.005880624165436073, 0.03400046152154404]"
NSGA_II,261414,4,7.91312552699735,168.2232670011629,0.0,"[1.4928817192219934, 3.532802625512129, 1.5369220337990968, 0.8250203131451432, 0.00651751315042895, 0.0, 0.0, 0.0, 0.0, 0.1425091726553495, 0.17261587038010756, 0.0, 0.16173933451188854, 0.042116944621213265]"
NSGA_II,261414,5,9.710229863884305,157.4406409798412,0.0,"[1.4928817192219934, 3.532802625512129, 1.5369220337990968, 0.8250203131451432, 0.00651751315042895, 1.7971043368869535, 0.0, 0.0, 0.0, 0.1425091726553495, 0.17261587038010756, 0.0, 0.16173933451188854, 0.042116944621213265]"
NSGA_II,261414,6,8.048651343694932,167.27458628427982,0.0,"[1.4928817192219934, 3.532802625512129, 1.5369220337990968, 0.8250203131451432, 0.14204332984801155, 0.0, 0.0, 0.0, 0.0, 0.1425091726553495, 0.17261587038010756, 0.0, 0.16173933451188854, 0.042116944621213265]"
NSGA_II,261414,7,6.3494566999483375,180.08041742521266,0.0,"[1.4981320763627366, 3.538449288308265, 0.0, 1.0117675812470146, 0.004631493124034583, 0.0, 0.0071369040408963465, 0.0, 0.0, 0.09904475914902999, 0.0, 0.0, 0.16490711765224025, 0.025387480064119103]"
NSGA_II,261414,8,8.739285015583174,160.17257697712554,0.0,"[1.4981320763627366, 3.538449288308265, 2.2689665858921773, 1.0117675812470146, 0.004631493124034583, 0.0, 0.0071369040408963465, 0.0, 0.0, 0.09904475914902999, 0.12086172974266252, 0.0, 0.16490711765224025, 0.025387480064119103]"
NSGA_II,261414,9,10.99697322693206,145.64312114261185,0.0,"[1.5404033629932143, 4.2359122422804685, 2.2681461213179346, 0.6382250384705378, 0.3870379822956027, 0.11353651332385922, 0.8159716159730226, 0.5786343030476043, 4.597810173708437e-05, 0.16857143242673947, 0.016531469335810872, 0.04070293382991315, 0.1545268804676148, 0.03872735306800136]"
NSGA_II,261414,10,13.269071849543373,123.33653335861649,0.0,"[1.5817323007697923, 3.6027627218904037, 1.9106290187923205, 3.0156314069537604, 1.6955844373677749, 0.5013929061855842, 0.2900536141337738, 0.13848448109449224, 0.20336477922018278, 0.11156311609211864, 0.09847439126643145, 0.10395998293107046, 0.0, 0.01543869284566564]"
NSGA_II,261414,11,15.524270682951032,105.1280932345559,0.0,"[1.701344544658963, 4.635672235795036, 3.3686845791011333, 1.348599824516332, 2.1433197523001772, 0.4265499339900598, 0.8196875340396959, 0.5141696580287431, 0.014615496451209008, 0.2508029955196794, 0.1744715475696517, 0.03803949279297608, 0.04065534051947578, 0.047657747667901526]"
NSGA_II,261414,12,20.059017708887687,66.9852040959536,0.0,"[1.9029070321845647, 4.115742544677874, 2.671287384121309, 1.5779357023564682, 5.601207665198039, 2.7558315736088903, 0.9006816455296989, 0.1344298732748368, 0.12409393353071052, 0.1326648838829297, 0.03724850767929046, 0.08810911740268287, 0.008544708420069384, 0.008333137020321898]"
NSGA_II,261414,13,7.434492986837486,178.16401489195184,0.0,"[1.9359942213218058, 1.7587030279110007, 1.3590798330364906, 0.5270948311739281, 0.0, 0.017686010672452894, 0.9735577341856357, 0.01255749355835732, 0.4792719305403652, 0.1420370637453731, 0.051320247538692215, 0.0, 0.14528782428432016, 0.0319027688690638]"
NSGA_II,261414,14,14.13734375099774,112.99366584937701,0.0,"[1.988765240067644, 2.7192374112761644, 4.347617505099943, 1.5510444073268859, 2.325782268041939, 1.0331377785165743, 0.0, 0.0, 0.03176590213911923, 0.0, 0.009427644508547273, 0.05997922974761609, 0.04784880516821689, 0.022737559105089632]"
NSGA_II,261414,15,12.877753629855613,125.19175882573795,0.0,"[2.065627222348272, 2.8270174883989947, 3.074990849970847, 1.840330286578191, 2.2239716752399232, 0.0, 0.25367052323548267, 0.03685388029896902, 0.4138482849027195, 0.023714018060169595, 0.09007981470877735, 0.0, 0.0, 0.027649586113265]"
NSGA_II,261414,16,18.117800605557967,81.0466433648382,0.0,"[2.154380707702469, 2.7740980010279546, 7.1053339184424695, 0.8009480660135695, 3.767225543202062, 1.0336003525389847, 0.0, 0.2060256386310391, 0.0, 0.037851792211088496, 0.04040066129413241, 0.12841643146063308, 0.047854059676963726, 0.02166543335659865]"
NSGA_II,261414,17,15.996219961033384,99.74567720989248,0.0,"[2.2512594723512906, 1.8203748814959702, 4.594160475276981, 3.1284327650693844, 2.368994224188909, 0.35266364238688364, 0.7109620021790409, 0.08480547739749666, 0.45185827961916536, 0.05055689436534294, 0.0963201968730907, 0.02948876515546839, 0.020995166793113196, 0.03534771788124674]"
NSGA_II,261414,18,36.89506789308138,0.0,0.0,"[2.362947367165809, 2.8859587599784455, 4.107785122309062, 2.944819283590976, 4.815919876608507, 2.9505416227978154, 2.1326786779315774, 0.9630492242053836, 3.962578413728368, 5.338470970084497, 1.25204435995863, 1.336528373563809, 0.06355049296548328, 1.778195348193013]"
NSGA_II,261414,19,11.860775874101904,135.08983258275705,0.0,"[2.4265130265441592, 3.593664738401776, 1.8613495210815274, 2.8695704129357376, 0.3370944829107161, 0.0, 0.17999070077908824, 0.07052583630954742, 0.0223299665836968, 0.14318490545456136, 0.16520305961446224, 0.0, 0.16143730988747712, 0.029911913599153732]"
NSGA_II,261414,20,10.29473847376944,149.07780076690105,0.0,"[2.5049624150565117, 3.5254596565277843, 1.8688760094960093, 0.6879724895769483, 0.958358512664154, 0.0, 0.11564471931938947, 0.2532757610238018, 0.005939794540083455, 0.1582165260969864, 0.10420752891602988, 0.003144088890619712, 0.1086809716611221, 0.0]"
NSGA_II,261414,21,21.830291448668365,57.55822712869107,0.0,"[2.572321490987382, 4.113760950427172, 1.246092153154731, 3.6625482157120093, 6.54642052340678, 0.027110708606003873, 0.696464619176898, 0.07073832224863089, 2.3698039535055684, 0.20425027856823824, 0.20947313632467757, 0.06756128745926318, 0.021176654629549374, 0.022569154461465762]"
NSGA_II,261414,22,34.882740145996564,2.186858143637391,22.579271831252314,"[2.6602721499615014, 6.119365003289129, 9.16542429041279, 3.0357851865204064, 8.21480072145118, 2.454747488775237, 1.9002652717102566, 0.6160013411187797, 0.0, 0.13554434643036326, 0.19950942782503867, 0.25213821457213764, 0.0965482682992022, 0.032338435630543456]"
NSGA_II,261414,23,27.547184468937868,22.280543903623833,0.0,"[2.8472602185437728, 4.735864822057831, 2.978676122987707, 3.933020351590425, 7.098151771509861, 2.495396423944577, 1.2022655058511416, 1.152763959081911, 0.6233564395167821, 0.0, 0.08875884018809851, 0.31117646039716823, 0.058375340827627055, 0.022118212440960502]"
NSGA_II,261414,24,19.03899300320983,75.21100267392951,0.0,"[3.1463967531977732, 1.641393867920104, 7.663997534830594, 2.9546297384399494, 1.178429883600792, 0.39084385645416453, 0.9580377837419431, 0.2305718902250548, 0.4625670559878048, 0.14533926666174135, 0.0, 0.13570335285610835, 0.09186800191483553, 0.03921401737896319]"
NSGA_II,261414,25,36.23523927933381,0.5957607206661919,25.37411318205244,"[3.4132579583378524, 7.063376366843514, 8.184408297027943, 3.1383787295729384, 7.033801986223374, 2.9513027088147576, 2.4268362157862002, 0.7831752980217651, 0.5657061647345336, 0.13386401315579985, 0.23780486848995447, 0.2246471610415055, 0.045954254897996365, 0.03272525638567127]"
NSGA_II,261414,26,25.780852632992612,31.382456717511317,0.7097741939395164,"[3.6254961750915737, 4.4049868972356165, 5.161233835038397, 4.630492174056256, 5.729565112517678, 0.6813661316368245, 0.8031367814010745, 0.0632748087555896, 0.0014717793106291052, 0.32884731947563484, 0.20327887544049528, 0.09693026732319567, 0.04048573540744753, 0.010286740302198736]"
NSGA_II,261414,27,22.83868763623579,48.99668549693901,0.0,"[3.636384592465567, 2.631921760714663, 5.05038611957864, 3.1381119405566738, 4.678244097919076, 1.8345143965063402, 0.9516479215108069, 0.19239052908841303, 0.21207213870259972, 0.14316533487819671, 0.12244572853724713, 0.17742858597790548, 0.06940368453094203, 0.0005708052687199636]"
NSGA_II,261414,28,33.26140644879337,5.408010775405479,19.408522437981404,"[3.6988654207879246, 4.97130407269025, 6.759085318810785, 7.541233480409031, 6.775404912420628, 1.0129410609113974, 0.7894238388573928, 0.14179046435998172, 0.35928270987949545, 0.17728197309257135, 0.8965018564967392, 0.08823451762490393, 0.03923314946005204, 0.010823672992214059]"
NSGA_II,261414,29,34.69510841249008,4.139477887639778,4.326303593541155,"[3.8636814476833923, 2.8922862486058443, 7.946481847746606, 5.905306324462014, 4.1811973377428675, 1.8466413125618608, 1.2374717700950448, 0.7885002557826115, 2.264241358510775, 1.836410429617322, 0.0, 0.27417045390402284, 0.04902491315780098, 1.6096947126199166]"
NSGA_II,261414,30,21.04499486321636,60.51431185045726,0.0,"[3.8644840159334297, 3.160520730105291, 4.102134155289724, 3.433397809255013, 3.5946357936512157, 1.2315142439011586, 0.970058364158261, 0.14282661238610694, 0.253672465994568, 0.07316526381710883, 0.04282824901785191, 0.0707102566756938, 0.0643342925989429, 0.04071261043199641]"
NSGA_II,261414,31,24.13669971747253,41.21594338219477,0.0,"[3.929093535685724, 2.8313288634568474, 5.625934377283888, 4.838177659949698, 4.680568542843867, 1.0329616659038754, 0.611506724833061, 0.09642960080964513, 0.20047259854806826, 0.03258824345286669, 0.0, 0.03239229644977637, 0.04785148704837704, 0.17739412120683817]"
NSGA_II,261414,32,30.889605510892192,11.141335090385887,4.850408149760252,"[3.9575700926329, 4.674824381649389, 6.435362030930598, 3.0793356344706675, 7.566944610171308, 1.7234657856226576, 0.8363663289503611, 0.7059091366735354, 0.553139840941724, 0.09736377899883243, 0.16693229631271347, 0.21292175191919316, 0.12657414281947443, 0.7528956987988387]"
NSGA_II,261414,33,23.526982710986246,44.6715867979997,0.0,"[4.349428900764989, 5.329336105202567, 2.17506683769819, 2.0275127748045167, 5.6157877885282845, 2.5396070899464704, 0.8894980323374386, 0.10980255164017373, 0.013518019824360582, 0.21584789987954034, 0.06789831555296393, 0.12971469585565704, 0.055124049390722456, 0.008839649560369877]"
NSGA_II,261414,34,35.305903067254604,1.5250969327453987,26.0537911630797,"[4.372881578080951, 4.7591921438448335, 9.745932817065873, 3.0925534888303448, 8.018376123864247, 1.5714788713735774, 2.4061535298688055, 0.6327363156627418, 0.0008008262102361126, 0.2638896305111617, 0.2037741113032179, 0.10309323044937471, 0.1068385319852179, 0.028201868204024483]"
NSGA_II,261414,35,29.34047933711547,14.937490316727008,7.066200573451372,"[4.631114409020648, 3.4213342617358355, 7.220530261793723, 5.50612896507198, 5.86159050818068, 0.6213219935491668, 0.8033534713222503, 0.12735116780712596, 0.5960906867226554, 0.09382462073414666, 0.20489657910402884, 0.1919069313260025, 0.05060570837874636, 0.010429772368483359]"
NSGA_II,261414,36,28.431638393470394,18.567314110932227,5.200133964959633,"[5.096035053000784, 2.98818253795802, 5.496008311007428, 6.401969729917961, 6.319766665021601, 0.3200137392638576, 0.8089562750966226, 0.09149157644414405, 0.4798578222332748, 0.1330664196107191, 0.04480009873131045, 0.19259372834061164, 0.05041535405895253, 0.008481082785107924]"
NSGA_II,261414,37,31.599747568168418,8.724029898230352,12.9851290246568,"[5.512134809658491, 3.104553410621964, 7.370999849787446, 6.019574544785266, 3.8668442128771336, 4.048933567584343, 0.9386787914440619, 0.13194105133979206, 0.16889877675589277, 0.13549295558031701, 0.06510527648175012, 0.21323506330550068, 0.019830223379269974, 0.003525034567189167]"
NSGA_II,261414,38,33.63192667512681,4.657859606821734,23.673559014142263,"[6.448455911957556, 6.663153873563765, 7.229406099664405, 3.166885844131618, 5.027592595765389, 2.846877378165586, 0.9313244770259043, 0.18938301075970024, 0.5448034255875595, 0.16684753859349513, 0.14491567945507985, 0.1833455647273403, 0.08722231865405286, 0.0017129570753698642]"
NSGA_II,261414,39,34.1399891010827,3.666734971323553,21.158204064965282,"[6.598883970992414, 5.603093584209576, 7.6764811150756405, 3.1229761928520734, 5.02817366721652, 2.837445455704145, 1.0474794927191171, 0.46258105762237633, 0.5478013012157591, 0.1991601753819148, 0.1917432462487505, 0.71162914070603, 0.08582752764940332, 0.026713173488991493]"
NSGA_II,261414,40,24.107451059866804,40.80707961556078,0.09289987738220162,"[6.686436115232813, 4.119004540276549, 5.396840366669805, 2.9966188552030384, 2.285525152304781, 1.2037397065632267, 0.7143891864527225, 0.08606132321972522, 0.44536370358249766, 0.0, 0.026086844546129542, 0.03248723438795745, 0.10033957463233163, 0.014558456795227302]"
NSGA_II,261414,41,33.379612150642565,5.18339290467863,8.257569566189684,"[6.723883073282359, 4.543793239998741, 4.894886554119051, 3.6063353456984557, 5.98755368523998, 2.9281639877811276, 1.043987682513105, 0.6166049710602927, 0.6090446554195721, 1.4566263234860495, 0.21529317252708816, 0.6563966990954939, 0.0744255544575115, 0.02261720596372812]"
NSGA_II,261414,42,36.00505683169929,0.8259431683007072,27.321203697322517,"[6.735460600838987, 5.121076224957998, 8.350619855931734, 3.873036542385419, 5.019067502335405, 2.9277613213373717, 1.0692647119748848, 0.6249974977195931, 0.5996351610841522, 0.2070253298032667, 0.20786306436111693, 0.6440529849191472, 0.07037098524066022, 0.5548250488095636]"
NSGA_II,261414,43,34.054081659124265,3.8532334693400365,10.140846879786316,"[7.030583639212945, 3.6693788841684114, 5.11269769691534, 3.5146392133368334, 6.291408966462997, 2.8954733493797207, 3.1643632065361107, 0.628567384555265, 0.660021703708731, 0.5206569092567135, 0.21793265286864147, 0.21357664225771827, 0.09338462287624258, 0.04139678758859733]"
NSGA_II,261414,44,33.09846320370214,5.764470380184303,11.932756705349917,"[7.030583639212945, 4.812925758019539, 5.11269769691534, 3.5146392133368334, 6.291408966462997, 2.8954733493797207, 1.0651978772628534, 0.628567384555265, 0.660021703708731, 0.5206569092567135, 0.21793265286864147, 0.21357664225771827, 0.09338462287624258, 0.04139678758859733]"
NSGA_II,261414,45,31.816233507901735,8.287532984196513,17.81101595923593,"[8.239210674234341, 2.84645695004731, 7.474543198580414, 5.481561639457796, 4.150288766926856, 1.4901635751086928, 0.9385218360964753, 0.12225784094557887, 0.4971355153776018, 0.15215622691233394, 0.17541555057225905, 0.20524214470755808, 0.04327958893452086, 0.0]"
NSGA_II,261414,46,35.09476673411472,1.7370944240597943,34.35436249889624,"[8.385742809166114, 6.582189837791393, 7.703670182759641, 2.858831799374042, 4.277584035776593, 2.9039739240682696, 0.9505166546128708, 0.1893626522287186, 0.47097588925467143, 0.3232313214371684, 0.14098299970709102, 0.20942658962498875, 0.09165014602392763, 0.006627892289224069]"
NSGA_II,261415,0,6.753160191303718,184.9491317735167,0.0,"[1.4727582915290822, 2.1853652448351903, 0.27076437800166997, 0.6808919521215255, 0.17731092314194452, 0.3097003606893292, 0.5877519098375693, 0.3304947348174313, 0.04700296581617708, 0.32945392288373226, 0.1843602459249151, 0.055980992751382797, 0.08739669339592285, 0.033927575557844925]"
NSGA_II,261415,1,9.49721919237736,157.91455047667148,0.0,"[1.681460319478561, 2.3648429366535266, 1.4384097056669947, 2.555716300671806, 0.39701719798991464, 0.5471442207869657, 0.048241949920210636, 0.0, 0.05186022015033826, 0.0, 0.11569445821368687, 0.11731481030894958, 0.08788493063832108, 0.09163214189808293]"
NSGA_II,261415,2,5.307572852673351,197.442101765512,0.0,"[1.7547157096410508, 0.20561316813764696, 0.0, 0.8733517196002905, 0.40463785686738074, 0.3102901637889749, 0.921737813739816, 0.4493670930462154, 0.11987005370276957, 0.06813742183902491, 0.003084708464962671, 0.0, 0.12050413361420279, 0.07626301023101556]"
NSGA_II,261415,3,7.553759303498251,178.29456229264352,0.0,"[1.9326038856595305, 2.1516874684099734, 0.8302637811885182, 0.5975010972873787, 0.3800482036236271, 0.3678257959429956, 0.0, 0.27206960186851475, 0.04673308395360602, 0.21763646581292695, 0.2011600746380909, 0.40129245134161595, 0.11422508945311723, 0.04071230431835429]"
NSGA_II,261415,4,11.63012868450173,139.83626318001453,0.0,"[1.9926972429002763, 2.935481965038859, 1.7305451661580804, 3.151261952837572, 0.35828821040108655, 0.661070828283349, 0.034830146121433696, 0.012236898173204912, 0.0, 0.11294907800773246, 0.3637224000000912, 0.10773426309807846, 0.07996104328425455, 0.08934949019771207]"
NSGA_II,261415,5,8.35036739816931,175.7614164845974,0.0,"[2.193812761106857, 0.24404988362740593, 0.9709195733098751, 2.6801892178263063, 0.0, 0.46237279665605163, 0.8464226874332174, 0.0, 0.10421444880694779, 0.024320697137195046, 0.23142508295772563, 0.4374668755976054, 0.07692063092891738, 0.07825274278120445]"
NSGA_II,261415,6,13.972563682836082,119.37255233113947,0.0,"[2.3699626445163915, 3.5707025231465543, 3.8510450901798996, 0.0, 2.641055164767228, 0.0, 0.23695164643043226, 0.34787733263723863, 0.2527712683779744, 0.10846230870412948, 0.1280335596371352, 0.3771249444765372, 0.0712553065196192, 0.017321893442941206]"
NSGA_II,261415,7,22.464756302759564,51.26143399182355,0.0,"[2.439193231502125, 3.5079543176308214, 1.2940844832411493, 9.338783788120988, 1.864422496047436, 2.1560114799255437, 0.9300318332902842, 0.6265615504315268, 0.0, 0.08466562430768802, 0.042579978137765206, 0.06507439592300457, 0.08381054860336054, 0.031582575597871795]"
NSGA_II,261415,8,12.340885820081297,133.1612875256501,0.0,"[2.4760004615947535, 3.3297266892827913, 1.876042530110367, 2.936916887885867, 0.0, 0.6545710582035564, 0.03937492415452944, 0.24200861195599832, 0.0, 0.20525514277388043, 0.3730064286424315, 0.09626580553974118, 0.07414620929836385, 0.03757107063901563]"
NSGA_II,261415,9,16.419407242812053,98.32445493705876,0.0,"[2.4931561167521874, 2.8386891529651077, 1.2063455896466027, 4.89455096042547, 2.033838471755341, 1.0279284197669984, 0.8002639966083187, 0.5391825469615703, 0.05153136293051546, 0.18415811245243197, 0.1739198050171045, 0.05732270889196025, 0.08423991494644527, 0.03428008369200496]"
NSGA_II,261415,10,20.643727327431495,65.42295813271261,0.0,"[2.783703020265037, 3.0083323140180593, 1.9908108451061144, 10.009501072121042, 0.7948902143639418, 0.642902014029963, 0.18328935061762977, 0.23912185680495446, 0.0, 0.1805892447033811, 0.2569517785256285, 0.45313095825903915, 0.07053618498698802, 0.02996847362972247]"
NSGA_II,261415,11,24.303576498086876,41.67849803121812,0.0,"[2.801176378962507, 3.6872445443688227, 0.3221745528561124, 11.046572589081439, 2.294842884671042, 1.8949778627438345, 0.33024891144179014, 0.814005202212756, 0.37840349191323575, 0.10719868258206844, 0.2257268526285442, 0.29345737179987763, 0.09920787143619375, 0.008339301388654588]"
NSGA_II,261415,12,17.937242402301255,83.48031471113086,0.0,"[2.9202224674745505, 2.7490319529935685, 2.553851534169624, 6.336921119668117, 1.9298817754625186, 0.409774707619539, 0.0171674488004867, 0.5912599973063992, 0.0, 0.1754889658134234, 0.0, 0.12335150345944589, 0.09526698923803359, 0.03502394029555005]"
NSGA_II,261415,13,29.33724421915052,15.26420112764459,2.2063209025385717,"[2.9564418819662923, 4.14376815421376, 3.410229359727195, 9.909448809428715, 3.1077017811308365, 2.4372527242690194, 1.4723850048357305, 0.48078221303878443, 0.4957151389657912, 0.3122098864325924, 0.34587232927329153, 0.03926644737446627, 0.0795999086099235, 0.14657057988412373]"
NSGA_II,261415,14,13.047802544589143,124.68020695023225,0.0,"[2.977798120737205, 2.7924545009634736, 1.3650950861964621, 3.729876067904989, 1.104602900161202, 0.3742046293842197, 0.0, 0.3222344667574694, 0.01097709960521238, 0.1656045769900069, 0.03879218421013996, 0.07211815228685019, 0.09404475939191535, 0.0]"
NSGA_II,261415,15,9.12097459093555,169.08418482461852,0.0,"[3.4685178083385493, 1.442170192685944, 0.16829666597756354, 0.0, 1.055730499584195, 0.9321340403077133, 0.8604081144239761, 0.15637390378122618, 0.29470983533271894, 0.26173620968071853, 0.15468816468269228, 0.169335397078593, 0.07535839327707197, 0.08151536578458853]"
NSGA_II,261415,16,21.647600566515685,58.36377348116051,0.0,"[3.499081320973211, 1.9769114909935024, 5.624752022450675, 4.502565150807733, 1.9117259624200387, 0.904404716445822, 0.8935174679676346, 0.056990415756985824, 1.8307202856031894, 0.1281150653674287, 0.15456553629373665, 0.0, 0.09117636706338239, 0.07307476437234212]"
NSGA_II,261415,17,31.77776030453299,8.393308487388072,9.154334266853933,"[3.507594579902523, 2.5281724310853892, 4.7460568916139385, 12.0, 2.364321874058486, 2.4468231712488735, 1.7214266917733303, 1.1518023399647288, 0.7632911990944172, 0.1807736728479551, 0.21516531733371078, 0.033225787253698666, 0.09027725190188537, 0.028829096454052128]"
NSGA_II,261415,18,9.45697547460869,163.9330630663826,0.0,"[3.7336114928817725, 2.0262266646218667, 0.06946002453666102, 0.11997654649144511, 1.189457621628698, 0.9242226437514849, 0.3126081225917492, 0.0376913432045578, 0.18276474443540622, 0.2428452198651369, 0.30021456211285, 0.16729083556067645, 0.07555378159661119, 0.07505187132977525]"
NSGA_II,261415,19,15.943328950665379,100.00262232885439,0.0,"[4.153984410105247, 2.927880371145523, 1.5392143807204315, 4.370058358514421, 1.3350195567096268, 0.5104688517372774, 0.05582017855148591, 0.6701831117172665, 0.03613124936188184, 0.14702464198764922, 0.03521059873682783, 0.12990737894278617, 0.0, 0.032425862434954]"
NSGA_II,261415,20,25.593698257890047,32.69264062572876,0.0,"[4.184354464887801, 3.7571342215879846, 4.167851663463233, 5.33492843105372, 1.4095938440338318, 2.349159879357809, 2.526895383588981, 0.939082345898534, 0.2693807550434759, 0.39979246747419034, 0.0, 0.026931348737102286, 0.19672360443340756, 0.03186984832997468]"
NSGA_II,261415,21,19.404462391157434,72.59413873400237,0.0,"[4.201351554945778, 3.664253604544225, 2.8144368295514064, 6.338356509956094, 1.3019080009078479, 0.0, 0.00936786192772521, 0.17263411390131495, 0.40394663003926085, 0.27862181848215867, 0.0, 0.11943486076644551, 0.06645787477606484, 0.03369273135910924]"
NSGA_II,261415,22,35.834378284718646,0.9966217152813535,10.740213676426531,"[4.426074776646509, 5.851792845383723, 4.644225004689128, 7.379061500706054, 4.485198678889787, 1.5061769953766173, 0.7486471393022995, 1.9088811725449624, 2.525243583522487, 0.23961107500672846, 0.26823083040556056, 1.7899519642406723, 0.054108098627951726, 0.007174619376168173]"
NSGA_II,261415,23,18.665826602086486,78.77546022996124,0.0,"[4.663871221218216, 1.8066242585693106, 2.1963833467663263, 4.924464025197943, 2.339760299942993, 0.6155240464325089, 0.927334941843532, 0.3066466495588575, 0.1821691251954877, 0.31002529035496024, 0.11907431478732555, 0.10952323037065509, 0.1008820983027214, 0.06354375354564812]"
NSGA_II,261415,24,28.586902410100084,17.937770784030697,6.107011651384568,"[4.707348711749475, 5.9833446703085365, 3.8248890953435843, 8.978485677309164, 1.0668753419630468, 0.0383570932070688, 1.3847088021164318, 1.3643514492532731, 0.7646663885154446, 0.31920763122391, 0.03253446161015122, 0.0017719211482553829, 0.052474995772413414, 0.06788617057932887]"
NSGA_II,261415,25,34.512349982207034,2.9138054878083324,19.527519051813712,"[4.770362384616719, 5.441488577093084, 3.602013332822543, 10.44792069033724, 4.051925292460842, 1.4225298898421261, 1.3859229851317976, 2.276457317832425, 0.6646878868042992, 0.29996712710191686, 0.0, 0.009161518418732756, 0.12140752752290292, 0.018505452222401124]"
NSGA_II,261415,26,16.644805220522194,94.48743226546553,0.0,"[4.779790542516821, 5.301319599166312, 2.335478338887732, 1.7746119181227131, 0.8471828086330031, 0.4957607454424005, 0.0, 0.4697534399913763, 0.013584744001223226, 0.32041060477764155, 0.17211914223429467, 0.018236115756532997, 0.058694454579621386, 0.05786276641252052]"
NSGA_II,261415,27,10.4231510847187,153.388327186017,0.0,"[4.884934109552421, 0.022998034818364765, 0.9709195733098751, 2.6801892178263063, 0.3028669205997955, 0.46237279665605163, 0.14626995374628993, 0.0, 0.10421444880694779, 0.024320697137195046, 0.23142508295772563, 0.4374668755976054, 0.07692063092891738, 0.07825274278120445]"
NSGA_II,261415,28,14.905802586734206,109.7494756011944,0.0,"[4.891454261196127, 3.6454249965678893, 1.8499370125764432, 2.8644067528545474, 0.29472992630982164, 0.5695510868650495, 0.06555598026461046, 0.0, 0.09299634038004076, 0.023111039114514627, 0.31529707232951054, 0.16694505237184443, 0.0755977377895378, 0.050795328114269275]"
NSGA_II,261415,29,34.408486905455305,3.111562255554148,18.423691703345714,"[4.918622462084782, 6.533161307072962, 4.125648718943378, 10.880781802992615, 1.5536245567485856, 1.805480434362492, 0.0, 0.9665504043960446, 1.6186780501298534, 0.08729260447703324, 0.3110979575210091, 1.533749483343262, 0.06526305691852163, 0.008536066464759112]"
NSGA_II,261415,30,27.959435741528118,20.364430484453642,3.2562676251350027,"[5.138825775355754, 3.8696856392734555, 2.480746788459723, 9.278947233127347, 3.096846480579749, 2.46395835532669, 0.6599506133906956, 0.0, 0.22961689152025722, 0.28574595260155466, 0.3367281836055914, 0.032480187659762856, 0.06301765897625834, 0.022885981651283267]"
NSGA_II,261415,31,36.92942099700121,0.0,0.0,"[5.244989435413127, 3.4678120473286707, 1.9432220264605105, 3.4107114807927066, 1.5140916338596018, 4.723700591162869, 1.7084298169424141, 4.557530074677291, 1.9602751499722675, 3.7685676278081197, 0.6943278948841255, 1.8013908953274402, 0.9355842122653178, 1.198788110106744]"
NSGA_II,261415,32,23.209283278258738,46.42631086757625,0.0,"[5.430541866567253, 3.6929549016463885, 2.8121086444153502, 6.374623557899957, 2.7994241722772015, 0.271094731682209, 0.9007841764513234, 0.17545200526282184, 0.42006518333303655, 0.08469199910196874, 0.12113229757257596, 0.01924932230945976, 0.06649612274284453, 0.04066429699634905]"
NSGA_II,261415,33,27.05442350435739,24.41512103240725,1.7740154390760736,"[5.841082781544721, 3.516193049169837, 0.8990725748951429, 10.623667033466381, 1.5549996831843529, 1.547979885432709, 0.3040792404457695, 0.6875769707270066, 1.420334370843785, 0.0, 0.22003420674027954, 0.3291248135061111, 0.09916085716345906, 0.011118037237831108]"
NSGA_II,261415,34,28.950699943070322,16.307393561187332,4.568259988226814,"[6.005815896726915, 3.502369670477198, 3.35566252279753, 8.799735292879921, 3.0646551616251854, 1.1541995163317613, 1.1485821907965172, 1.2939286807029098, 0.0, 0.3095429045733894, 0.24043463331556128, 0.016353612218256687, 0.05941986062517626, 0.0]"
NSGA_II,261415,35,26.567223572643275,26.564864115135194,0.993396673289098,"[6.055734604207635, 0.262231652740343, 3.169190282206981, 10.612240134134145, 1.8882798917286623, 1.823850220456716, 1.0368569024242682, 1.167665133521859, 0.013983520869804505, 0.17578716780590076, 0.22637483460394614, 0.03676330485363659, 0.08995081602674203, 0.008315107062635493]"
NSGA_II,261415,36,34.62011792615809,2.710413878232643,25.70666195714727,"[6.072047596671583, 2.2576867898249766, 6.240488624400796, 11.803605904298657, 2.590672575473146, 2.037979594714044, 1.7385032633347528, 1.188881768462971, 0.18526486110823792, 0.11011233469183962, 0.23250951818632476, 0.03710304620527774, 0.09461231823664436, 0.03064973054883548]"
NSGA_II,261415,37,32.57305525614835,6.901357777736823,14.636672141851683,"[6.27064496345061, 3.1481787629836635, 4.064194314509118, 10.683976893798986, 2.770070164940293, 1.9331929969388473, 1.4730959141835873, 0.9710727717002022, 0.22976897625307835, 0.3797701351016888, 0.2998112145859493, 0.12671006948136793, 0.09509978818740712, 0.12746829003355492]"
NSGA_II,261415,38,36.64831598269203,0.18268401730795247,34.70340255707541,"[6.27064496345061, 7.223439489527347, 4.064194314509118, 10.683976893798986, 2.770070164940293, 1.9331929969388473, 1.4730959141835873, 0.9710727717002022, 0.22976897625307835, 0.3797701351016888, 0.2998112145859493, 0.12671006948136793, 0.09509978818740712, 0.12746829003355492]"
NSGA_II,261415,39,36.47911050531183,0.3518894946881481,32.00037577013959,"[6.276212863420437, 6.050840201193511, 3.6053156726508657, 11.906793938961734, 2.5027341280615594, 2.041338320470452, 1.470351137959511, 1.0339086394301982, 0.5717698891310548, 0.30076102391310033, 0.3090722970895931, 0.12164185215509515, 0.15811997330336636, 0.13025056757136075]"
NSGA_II,261415,40,33.388539876851006,5.2062441734173035,20.79420215148877,"[6.3332966990466835, 3.718801909800308, 3.3285480747379452, 12.0, 2.910261599772037, 2.187455247848604, 1.4814054993046877, 0.029745592320756783, 0.42758032926747164, 0.39648060280251124, 0.3278229939684254, 0.05483935546380825, 0.12897804539844368, 0.06332392711933069]"
NSGA_II,261415,41,31.654644957204837,8.655919612528159,13.049226739271372,"[6.348072828804112, 3.1453400522019335, 4.1031510253077075, 10.458918781601403, 2.5723777055835395, 1.7985831078143872, 1.1939966552313603, 0.4564810340224339, 1.000504649930836, 0.0, 0.3090656993791037, 0.13277732967465156, 0.09016656071553067, 0.04520952693783398]"
NSGA_II,261415,42,34.8445802689565,2.259583508901578,22.201098954367325,"[6.412846606986894, 3.3574473878979267, 3.6532296258514947, 12.0, 2.5413434689684147, 2.553413770306243, 1.7066893432302066, 1.1494869774329493, 0.7525174824467163, 0.18064494207195692, 0.3180909253393269, 0.04026666610090105, 0.1498590255088933, 0.028744046814577026]"
NSGA_II,261415,43,34.13028036766645,3.6668267448951113,23.673360618551804,"[6.428831675773224, 3.9279810242556645, 3.3960866747505833, 11.904925487282977, 3.1168039232217426, 2.399942097783443, 1.5110971610011195, 0.0, 0.6466757818097755, 0.2761058178061288, 0.35274441379481386, 0.009729993211160694, 0.1519688367477931, 0.007387480228022529]"
NSGA_II,261415,44,36.299964430763,0.5310355692370017,16.705032486892847,"[6.464647397090961, 3.9538729242923125, 4.455205144506171, 8.704559578702138, 3.9266283361806438, 2.356023122112178, 0.5707825609258284, 2.2024594310242085, 2.3924277570590795, 0.2970378017402339, 0.33082955421216387, 0.09263153534305152, 0.5361925948196893, 0.016666692754337166]"
NSGA_II,261415,45,31.540455320383966,8.87136975403423,11.412581821109708,"[6.516220013439344, 3.3159068154475793, 3.082222101477473, 10.586433636564106, 2.6143795322059793, 1.9997948345400094, 1.2477232876977415, 1.1868549822942063, 0.24937489071314084, 0.24473372623488715, 0.25482638761485044, 0.11527850207671646, 0.09442621527577212, 0.03228039480215575]"
NSGA_II,261415,46,36.25839515066955,0.5726048493304354,29.32825568505168,"[6.602586685219178, 5.347525532953649, 4.534503489611381, 10.460716896912446, 3.3673528552695156, 1.3819295581679976, 1.2416124233713894, 1.8081677192435763, 0.3993238398818002, 0.2975278918855396, 0.0, 0.702435112031191, 0.09899474734786945, 0.015718398774024762]"
NSGA_II,261416,0,10.17496440543693,155.68334056133224,0.0,"[1.7349572026436184, 3.850442899799922, 2.410210218518149, 0.0, 0.44057211032783067, 0.3046714154507594, 0.07931349757381517, 0.0005553644330763711, 0.19663242303141024, 0.2824481176209358, 0.1661552474136394, 0.11114562994396243, 0.34992472207969133, 0.24793555660012004]"
NSGA_II,261416,1,7.1676550909491015,183.6804520081138,0.0,"[1.8678852735889933, 0.31950190175851656, 2.85521802699943, 0.0, 0.4497712791162646, 0.0, 0.14919925226434827, 0.0032379093353992403, 0.0, 0.4201529811787221, 0.18095075733978347, 0.0, 0.3015032338747953, 0.6202344754928488]"
NSGA_II,261416,2,12.563558091008959,135.0383885317501,0.0,"[1.9858103055877074, 0.0, 3.1827014226101973, 4.196839006701407, 1.8725970979333826, 0.3064644508712245, 0.10221485127591878, 0.0, 0.28643006176994745, 0.28638740225819853, 0.013741422076200155, 0.03224311903290103, 0.20996536918708733, 0.08816358170479108]"
NSGA_II,261416,3,10.404245598621685,150.3125459806871,0.0,"[2.0595687477229343, 4.437284241921451, 1.3455204697865297, 1.252993832584344, 0.0, 0.09456236342383169, 0.16040256825807309, 0.0027981165169164235, 0.4213079595691514, 0.2758526185685868, 0.1330614808234823, 0.034370776278321864, 0.0, 0.18652242316806317]"
NSGA_II,261416,4,9.777031980102528,162.86451415928963,0.0,"[2.5552523867961594, 1.468820363291805, 2.2783219087600193, 0.2657785414812742, 1.2646224635799008, 0.0, 0.24910272502231642, 0.21908624736311644, 0.0, 0.43144237579699446, 0.18860322058615744, 0.10532029749552181, 0.13590884130670516, 0.6147726086225569]"
NSGA_II,261416,5,11.90099405012997,141.7121444694081,0.0,"[2.812189592272762, 0.0, 1.7710075773713578, 4.172769298481341, 1.419879155988851, 0.6085129514865916, 0.27898166394052815, 0.0, 0.14577855455311203, 0.22933609365394045, 0.051179905139552596, 0.11078030400240832, 0.22913406190033753, 0.07144489133918736]"
NSGA_II,261416,6,26.571363480655034,27.5435984899363,0.0,"[2.893273829878561, 7.827871355058348, 6.0310133726362825, 0.0, 4.274440741236271, 4.6061773716877115, 0.2359930041391907, 0.0, 0.03715677335169181, 0.08169765249485364, 0.08489743725400434, 0.23674259914526855, 0.1284376694364268, 0.13366167433642595]"
NSGA_II,261416,7,18.842730671729676,76.6263517508612,0.0,"[3.014443584672042, 8.31041270603212, 2.8555829496087806, 2.045256856261944, 1.3745071279995322, 0.30753253744030085, 0.2126933585387666, 0.16710662640713544, 0.04466269200683476, 0.11732080447512803, 0.0, 0.2355962309662657, 0.09391395577817585, 0.06370124154265025]"
NSGA_II,261416,8,11.412317956699454,145.71289704499762,0.0,"[3.0189066144653687, 3.59078330347022, 0.29768780828313485, 0.7766982925376062, 1.0773494844324354, 0.9571860964900696, 0.5650970348877435, 0.0, 0.4365089753121095, 0.20439529204766238, 0.10542308852269378, 0.1799743886239362, 0.0017486727557262955, 0.20055890487074868]"
NSGA_II,261416,9,36.8549519216888,0.0,0.0,"[3.1028076058778415, 5.5714785577227435, 2.79566136666826, 5.878327473301632, 1.715008778139388, 1.1080643630430902, 5.523335703533923, 0.00874212295398355, 2.2251156135470107, 1.2431226739347927, 1.6908305446393739, 4.100208896107627, 1.3283924520096992, 0.563855770209437]"
NSGA_II,261416,10,16.7256823891236,92.91406640677394,0.0,"[3.133691416139006, 7.111488195418399, 1.538038578747637, 0.9796635620865668, 1.4675282307612398, 1.3464258406075502, 0.5756139923836713, 0.10453628510590798, 0.042264630267049734, 0.13357113467049286, 0.007731873421171903, 0.2201169969024035, 0.06501165261250494, 0.0]"
NSGA_II,261416,11,7.630710949042335,174.89976437160308,0.0,"[3.172082508682719, 1.0390635991620947, 0.11721971189009839, 0.6957746917165726, 1.7168372222204522, 0.29119583975856767, 0.13320951059554942, 0.0, 0.0, 0.27633470496149676, 0.09338068039817532, 0.09011913296433312, 0.0023901186718052864, 0.0031032280204714028]"
NSGA_II,261416,12,14.815239962136578,113.07747390753359,0.0,"[3.220933860843952, 5.527812360687712, 2.2974014259184417, 1.10422878686269, 1.1604243324973473, 0.0, 0.2340549043772612, 0.4716718252659883, 0.0, 0.0, 0.08191771172670373, 0.10115678661195919, 0.0, 0.6156379673445226]"
NSGA_II,261416,13,8.77724184651729,169.09370276426756,0.0,"[3.239243362521452, 0.026163839997111304, 1.3095685038638296, 0.4776036296945553, 1.2587871715006391, 1.7276605838551247, 0.27758849184565015, 0.011928344143351031, 0.0, 0.11745217968343291, 0.17024475072314715, 0.10978756205704947, 0.05121342663194739, 0.0]"
NSGA_II,261416,14,9.480976141799708,164.02855415490257,0.0,"[3.301290621598588, 0.7404864157879989, 1.7478851137264348, 0.7594058494598602, 0.942154607444073, 0.0, 0.2517236049314129, 0.9041667876908637, 0.03950456035591455, 0.0, 0.09265801573498868, 0.0, 0.0, 0.7017005650695715]"
NSGA_II,261416,15,25.778217747842344,33.6671735666978,2.327542187769083,"[3.37782022138952, 3.873343783784633, 10.590010209243871, 3.356193758933048, 1.1799972876442568, 0.22120913606445336, 0.6134389073377154, 1.6577718004358282, 0.006640006554222878, 0.08655523614446384, 0.05467714051708565, 0.24511538119652698, 0.0, 0.5154448785967214]"
NSGA_II,261416,16,31.03996062253271,10.238452719957223,22.089244095554402,"[3.390403240215102, 8.557236696319615, 10.985487892245438, 3.5267987171518485, 1.73306532942078, 0.1846490300995698, 1.0339160345847542, 0.2314872905226508, 0.05432333227451815, 0.14262889508423618, 0.14431702473265348, 0.4787967263301805, 0.17847644852870165, 0.3983739650226603]"
NSGA_II,261416,17,13.04483049176019,126.18969527307938,0.0,"[4.070061531322051, 3.5924815877284524, 0.5175126310328733, 0.7425058071461189, 1.5919670240778605, 1.4897139046872696, 0.5461260098775041, 0.03358820376731094, 0.0, 0.1644271006162319, 0.11377114023702306, 0.17716603423685962, 0.0055095170306316, 0.0]"
NSGA_II,261416,18,18.576659692549853,84.08243083543769,0.0,"[4.158840712766939, 0.9393603198609344, 6.909133702074946, 1.8451854732205164, 1.0093395109976318, 0.0, 0.3121847966070527, 2.4842339287631217, 0.04530329592255457, 0.02414126273476306, 0.05486842137255483, 0.526323888573554, 0.0, 0.26774437965528836]"
NSGA_II,261416,19,20.346208263086744,66.25286005591796,0.0,"[4.218132419501869, 3.6132264316178224, 5.774288414612824, 2.3093366584511053, 0.1663981227095144, 1.7639965253372791, 1.9018670081705387, 0.010106351220944366, 0.006073249589325192, 0.16306905303703598, 0.07722858423418778, 0.19672130887034478, 0.0010492607258774517, 0.14471487500807856]"
NSGA_II,261416,20,30.07579417255651,13.088446822458518,16.482981447345036,"[4.255071438316367, 8.07647081181458, 11.334078622308192, 1.114712740098183, 1.210072929091712, 0.8925951198646283, 1.5666170977522265, 0.006237380924995655, 0.47435221598426575, 0.1466088997271673, 0.03023599665007202, 0.5271199995110479, 0.43535924836571205, 0.006261672147363144]"
NSGA_II,261416,21,19.777824518490302,72.18182260290982,0.0,"[4.399660817695006, 4.026379229029801, 6.632518636760915, 2.3930620208140843, 0.0, 0.16702796744109027, 0.9980011031616338, 0.020331296959167904, 0.06786412732681874, 0.3402486084189069, 0.12319265862049658, 0.11987464854401231, 0.36082410417050065, 0.12883929954786943]"
NSGA_II,261416,22,28.868253317203532,17.809928856259482,9.777939805181283,"[4.40586616198107, 6.703027322510486, 9.434017975758138, 3.2001452784751745, 1.3019148674818535, 0.5550530696672473, 1.2455328869597624, 0.0, 1.078724724576908, 0.2268265589693694, 0.03734748730786021, 0.11417040412038579, 0.5031080172325733, 0.06251856216270965]"
NSGA_II,261416,23,23.236104004716108,47.35977489278109,1.4441894223177414,"[4.6053628503490724, 8.054587524342969, 5.930319740425726, 0.9746491920822168, 0.05508755080528407, 0.9023023410012287, 1.6056176797636956, 0.01970012009743565, 0.40755858942851436, 0.2043978188901987, 0.05481567885277876, 0.14503219782705223, 0.18409045324887902, 0.09258226760105216]"
NSGA_II,261416,24,17.285973618870663,87.10947915441373,0.0,"[4.764093884198891, 7.825919992698925, 0.0, 1.0086737202945164, 1.5863462196379259, 1.3682639590861794, 0.5445753706367104, 0.0, 0.0, 0.0, 0.11399444380355038, 0.0, 0.004451869432889572, 0.06965415908107594]"
NSGA_II,261416,25,21.08502641301186,60.62217514132874,0.0,"[4.787444932140668, 2.5113156171842985, 4.2544481169237836, 3.7261826781046814, 1.1455302115372916, 0.6516148892791083, 1.8535437142126194, 1.618899352842162, 0.03367851485226064, 0.14294456106679093, 0.07799457639070148, 0.2383834123055794, 0.0, 0.043045836171913196]"
NSGA_II,261416,26,31.496862633785007,8.99361248396933,27.871810534717028,"[4.863063062102069, 8.061631144862513, 12.0, 3.616831213838311, 0.19418656658909672, 0.0, 1.4844549447735813, 0.019630933412513894, 0.10540721053552982, 0.17299520172739716, 0.011830897207657575, 0.3509671838620226, 0.5485265233349584, 0.06733775153936035]"
NSGA_II,261416,27,22.53175245801881,51.183295911849605,0.0,"[5.178362324394467, 8.043040045403922, 1.987395865379197, 2.8388797199822475, 0.0, 1.9178639498061218, 1.761909533089804, 0.05069076806284758, 0.18397411687820264, 0.20371208854482598, 0.0035325431076186262, 0.2128477777112072, 0.05122847622290727, 0.09831524943544073]"
NSGA_II,261416,28,28.184663562810865,20.16835950238395,11.970343518213262,"[5.227036497877621, 7.964206606201235, 9.287481983456543, 1.6323608530461784, 0.8224465495147141, 0.7028416199604176, 1.2745341820737837, 0.019969727261508852, 0.46806395514944393, 0.17176134187982145, 0.056794474438960955, 0.3069640771250225, 0.12555540797443815, 0.1246462868511814]"
NSGA_II,261416,29,29.6323660982909,15.171032191674943,10.578773429684833,"[5.2916902545313524, 6.722450543728524, 7.716902836298107, 4.466252655042635, 1.2774717569653682, 0.8218869582283377, 1.868355449371598, 0.038992764303150663, 0.08503118523925057, 0.3330650261324071, 0.07753325457450548, 0.19129497048128075, 0.690113715825874, 0.05132472756851119]"
NSGA_II,261416,30,24.316581029297353,40.00710548238951,0.0,"[5.514183034209912, 5.0119440020735375, 2.765807043775294, 4.092477885732548, 0.9640500463120347, 1.4179297890511344, 3.7983053429018234, 0.042854626333626356, 0.25346851667754383, 0.15070207454096693, 0.07765792297240154, 0.15220472254865933, 0.05902054079746868, 0.01597548137040001]"
NSGA_II,261416,31,27.0565018913421,25.422406620003564,5.105028771453391,"[5.765826371081523, 6.755819761754177, 4.47714364382927, 5.703920889547008, 1.6476074390294388, 0.8321093515475139, 0.8065090047797244, 0.037854117731009634, 0.01648033708829194, 0.12309858782615384, 0.10650072109061365, 0.6257502283711694, 0.06933993539570271, 0.08854150227050099]"
NSGA_II,261416,32,34.62134578563777,2.785305714180165,35.45092617977445,"[5.7678754958043665, 7.393307636658843, 11.96685993884504, 3.8263105865077627, 1.8892902389471817, 0.303229631987026, 0.9883375291303825, 0.017589909375577625, 0.1137183124639182, 0.4441933884278365, 0.16340381298558354, 0.97291812085854, 0.6663138981899978, 0.1079972854557181]"
NSGA_II,261416,33,34.10062799479899,3.7291899828742636,36.84911074880174,"[5.968088396000241, 8.050654294255994, 10.616703935707317, 4.495057407061062, 1.843738262951644, 0.17287439721051207, 1.7281709349561927, 0.042483154108358095, 0.0400130028168528, 0.316196429043724, 0.08441106792572355, 0.12331960424668403, 0.6084711360424125, 0.01044597247227451]"
NSGA_II,261416,34,15.829370836868705,101.29104837858942,0.0,"[5.999458045879461, 1.2451848836126498, 1.8560011116784672, 3.3642513840365065, 1.6399837099259764, 0.7819284090695005, 0.34040630889382906, 0.0006635468907813009, 0.047328530940602284, 0.14898498688942413, 0.11918637592334745, 0.11036858533804113, 0.17241608661307609, 0.0032088711770442225]"
NSGA_II,261416,35,30.533332762792007,11.411970780582777,20.506647110157527,"[6.674868507591773, 7.853091618353975, 8.792463541593742, 3.057943582692937, 0.3856939433750921, 0.7329818054218435, 1.7477488747736172, 0.03821336772891808, 0.039875125987111876, 0.3100047505257158, 0.08225766426020761, 0.21962951584723178, 0.44500907801592493, 0.15355138662391393]"
NSGA_II,261416,36,24.16698452540495,44.85709681265209,3.2478054923435167,"[6.681618450988825, 9.54517486359216, 2.0157022361259425, 1.1870210763486693, 1.5820614322346322, 0.8875287499100717, 0.5422254094699626, 0.32891333527061384, 0.03805701838061525, 0.1736103154094823, 0.08844460947921909, 0.4013153551299411, 0.0, 0.6953116730648103]"
NSGA_II,261416,37,33.57396546483788,4.782528161574792,40.47144835677881,"[6.84143480607592, 8.188056953888744, 10.839193542944152, 4.58957811142029, 1.0877650749290781, 0.0, 0.8904469612717345, 0.0, 0.04735989408044249, 0.04439578676661484, 0.03203974470444714, 0.4676809179173428, 0.5355545795885441, 0.010459091250573472]"
NSGA_II,261416,38,35.594496327725906,1.236503672274079,38.9680407533216,"[7.312799723618354, 8.379005828031929, 9.511033412494886, 2.6184789136877784, 1.3776529976972922, 4.038782604761174, 0.0, 0.18984704328867685, 0.03716765961947283, 0.0438705313301434, 0.08651572085596035, 0.4104429717885423, 1.3562690765101308, 0.23262984404156703]"
NSGA_II,261416,39,33.89390528197942,4.267464022234183,32.41684054605588,"[7.316702592718691, 7.077978218538042, 10.725790576923927, 3.5556489271571996, 0.9739362491958067, 0.4315979111025998, 0.5027742927065152, 2.174999454425148, 0.05087966508057863, 0.04832493655866031, 0.059536140187386836, 0.5005079973783798, 0.33995373381346006, 0.13527458619302643]"
NSGA_II,261416,40,31.990960011676513,8.066691165954001,29.687126875969547,"[7.352867235655747, 7.992070513344497, 8.509519021487433, 4.328988284782932, 1.2140109082497381, 0.12819330267026718, 1.0815328053094082, 0.003829046148313142, 0.07659264125073872, 0.09492257150970707, 0.05495679252770705, 0.5508533203693927, 0.47401237906358773, 0.1286111893070433]"
NSGA_II,261416,41,34.50409251224414,3.0495384578692395,44.85143420285453,"[7.385666824819414, 7.949147631894698, 11.430584779687056, 4.387675502872423, 0.8462925335212805, 0.10436024956846618, 1.0651904737088471, 0.00721498316309955, 0.055688776688341976, 0.05115977965890282, 0.05936268598465977, 0.5323317591387475, 0.49169304918068946, 0.1377234823575173]"
NSGA_II,261416,42,28.560163177106286,19.429484957786904,13.145701115056504,"[7.38682964593082, 7.74123908613584, 6.749688226902888, 2.839144022046157, 0.19907346198888273, 0.7557181434939314, 1.765865190000553, 0.01295585426600365, 0.036931714236723145, 0.14906516741044679, 0.07620227903524421, 0.21578852326922016, 0.41563644422587964, 0.21602541816369433]"
NSGA_II,261416,43,32.90836759569043,6.319290226782837,27.168628424495466,"[7.38682964593082, 7.74123908613584, 8.270973191212246, 2.839144022046157, 0.19907346198888273, 3.9865359867673233, 1.765865190000553, 0.01295585426600365, 0.036931714236723145, 0.1608032226377231, 0.07620227903524421, 0.21578852326922016, 0.0, 0.21602541816369433]"
NSGA_II,261416,44,35.74631732371496,1.0846826762850377,50.13520785046205,"[7.399966370370999, 8.409171974188174, 11.54037228904029, 4.209390740188257, 1.8417116299902636, 0.0884876312846402, 0.19384034924383076, 0.012061891062199515, 0.1174954326232051, 0.045566933902901854, 0.48142798912545104, 0.6856568803442488, 0.6073773935092669, 0.11378981884123426]"
NSGA_II,261416,45,36.09198149100462,0.7390185089953825,51.626606809636,"[7.399966370370999, 8.409171974188174, 11.54037228904029, 4.209390740188257, 1.8417116299902636, 0.0884876312846402, 0.9395398288308038, 0.012061891062199515, 0.1174954326232051, 0.045566933902901854, 0.08139267682812933, 0.6856568803442488, 0.6073773935092669, 0.11378981884123426]"
NSGA_II,261416,46,33.140202980305965,5.793718607078681,32.150484949636876,"[7.480965842308121, 7.899656147424397, 9.034438179547825, 2.524302954862507, 0.738312252617841, 4.513611214930636, 0.0, 0.013904514646482001, 0.037488552164961254, 0.06160136336721357, 0.07293689131284556, 0.3519029667904948, 0.2569575326420187, 0.15412456769061966]"
NSGA_II,261417,0,23.339744090220748,46.44407916985408,0.0,"[1.4172320974774395, 7.470827185988091, 4.5060881799812815, 3.148302371132359, 3.457133222626635, 0.0, 2.0724439844987597, 0.21929645504477216, 0.2562428766374757, 0.39718643721333424, 0.11864339506967589, 0.15238756131217263, 0.0568938163044421, 0.06706650693431346]"
NSGA_II,261417,1,18.039028090568863,83.8485906010563,0.0,"[1.5854245479044649, 3.5395631388913538, 3.5837612051587033, 1.7639372854521589, 3.2689946189197516, 1.012907399870643, 2.4345442097009604, 0.19930160110800907, 0.2778339292323606, 0.028571053451484307, 0.08914012961473892, 0.097873578330361, 0.056435258770836, 0.10074013416303876]"
NSGA_II,261417,2,16.719883137252502,95.42265074659707,0.0,"[1.6386956634876428, 2.33903871760055, 4.415325651258171, 2.2366997075170207, 2.773259325080288, 0.19755621391194672, 2.1623998854834925, 0.23755933853746117, 0.23144551615172876, 0.3223997057312087, 0.0399080643791099, 0.05108661637117695, 0.006984826133009719, 0.06752390560969536]"
NSGA_II,261417,3,11.819775378884065,140.3383726741061,0.0,"[1.7982499496504492, 1.606842012296675, 3.1889122758382324, 2.3608930464164857, 0.5502488893574833, 0.0, 1.1801486671311523, 0.2566495622667446, 0.6708495889918953, 0.05850460546248054, 0.07658626546797848, 0.05946455718932803, 0.01242595881515856, 0.0]"
NSGA_II,261417,4,14.727375927919487,112.18942381340871,0.0,"[1.8901387479506289, 2.4990772895665936, 4.136048200623212, 2.5873451438556687, 1.561779960324202, 0.5483386911912067, 0.2327792626005442, 0.24908246569950557, 0.5920190031832311, 0.1835077273462734, 0.06207292519001102, 0.10288173251839085, 0.010474862900500207, 0.0718299149695206]"
NSGA_II,261417,5,12.289561807471172,136.6317065308732,0.0,"[1.915975706581294, 1.1700279327549157, 3.2356001389829574, 1.7776673918770793, 2.256715134742282, 0.21717169876932246, 0.6058577691928491, 0.2581281205266262, 0.6885390619984763, 0.01700574538170549, 0.009650970811478143, 0.042498099358345524, 0.0, 0.09472403649383995]"
NSGA_II,261417,6,11.692634324281261,146.73526299953974,0.0,"[1.933708968124182, 0.8334866337654661, 2.72699425131912, 1.8914804346873653, 1.2419344337232463, 0.611843753221005, 0.9873436971343771, 0.25736779271625826, 0.9225415302289556, 0.08592631181365225, 0.0, 0.05145668493802555, 0.000930614595743312, 0.14761921801386324]"
NSGA_II,261417,7,12.435369239384853,132.55611284549568,0.0,"[1.9338931134228925, 1.120494994361094, 3.8896896227643865, 2.3489045696384343, 1.0042530735263326, 0.7038642135185925, 0.9722757238548803, 0.26081874857193804, 0.0, 0.0, 0.0, 0.05037150646283099, 0.0009619784867333486, 0.14984169477673845]"
NSGA_II,261417,8,13.721144313984135,123.81800919502791,0.0,"[1.9348593938192638, 1.1407039130377743, 4.168773461894047, 2.1084294492939333, 1.4140463304341018, 0.5863632726614285, 1.1910812745024708, 0.253270945648086, 0.6844649977516629, 0.05184678891497896, 0.007132191457361302, 0.06439600299534531, 0.00024110200996328764, 0.11553518956371853]"
NSGA_II,261417,9,8.997189103462944,168.3038849034778,0.0,"[1.9373083071015342, 1.1664542411405672, 1.9763217721327302, 1.5205684665349182, 0.0, 0.08967455708944067, 1.0076353183511995, 0.2535431722524428, 0.7586563233917107, 0.08765339368129285, 0.0, 0.07138328899502736, 0.0, 0.12799026279207823]"
NSGA_II,261417,10,20.510578407859246,65.02114301657798,0.0,"[2.0098483830759264, 11.708815496986293, 2.2272157779255966, 1.4115621044056734, 1.2347003242516303, 0.0, 0.5412343099670169, 0.24948968222418447, 0.8028050549005469, 0.09134425705590536, 0.0018187806802558717, 0.07241458047792498, 0.09339429682193205, 0.06593535908636342]"
NSGA_II,261417,11,19.834133564077668,69.69144255878595,0.0,"[2.1966634878925033, 9.967861490391495, 2.2666555044034826, 1.8507303991285036, 1.0971744513297783, 0.7272907635523687, 0.30772990624080676, 0.2970078635992587, 0.8000714046336954, 0.0930622265579461, 0.01062015187596979, 0.07617209947516124, 0.10293009392869376, 0.04016372106800081]"
NSGA_II,261417,12,10.267225847392538,156.37713318154204,0.0,"[2.328200934055608, 0.07054855155223186, 3.33726419825743, 1.71968371265363, 0.6991772948543001, 0.709326791229705, 0.6323907857793301, 0.2506851777391716, 0.11498366260464951, 0.12868355704348677, 0.01208407632852096, 0.07358321132080647, 0.0840720703155052, 0.1065418236581646]"
NSGA_II,261417,13,14.17552848286226,121.2659683062117,0.0,"[2.371821614795236, 0.7611124734998971, 3.9750944742649548, 2.6034774162774243, 1.5374207151339927, 0.5960479560840491, 1.139893270145154, 0.08284967379751104, 0.4462005382179107, 0.00448194704977406, 0.18749689872709416, 0.2099415343767942, 0.2388255456223213, 0.020864424870149806]"
NSGA_II,261417,14,24.922652144342546,36.89915774322017,0.0,"[2.54934560024805, 6.416256800654718, 1.7958440797115496, 3.4704143934211995, 3.526257110932255, 2.6378351849162307, 2.527132744219235, 0.31509196908458814, 0.8054313595215966, 0.5198510346745397, 0.11878651741314705, 0.14574398118775103, 0.06089224557700067, 0.03376912278068355]"
NSGA_II,261417,15,35.30691835956392,1.5240816404360622,23.329701887737073,"[2.628946241655742, 12.0, 5.979774119684604, 2.9012287956386413, 4.482023592914841, 0.6723098045520157, 4.517436362227538, 0.4123929900754797, 1.2230211079749893, 0.005836205349405566, 0.16477718352782456, 0.10411617448496494, 0.16498525812156883, 0.050070523356309946]"
NSGA_II,261417,16,33.80393452087764,4.312130958244733,10.020501164841384,"[2.649925651760727, 9.550236209945318, 6.300295101244064, 3.081557281872857, 4.250283969273129, 0.555137784460666, 4.616859745858755, 0.4325214580128008, 1.051702797453124, 1.0337011101465103, 0.1558832286020988, 0.10449439115171774, 0.02133579109587421, 0.0]"
NSGA_II,261417,17,25.161686381633377,35.49310177041176,0.0,"[3.059763620801436, 6.412993070199199, 1.9493082103742438, 3.4728444599416513, 3.5555449545263125, 1.5578253896960559, 2.9606776596832347, 0.2822144677644056, 0.7213482777152445, 0.914532059917037, 0.1365097864719486, 0.10482927081931849, 0.03329515372329603, 0.0]"
NSGA_II,261417,18,11.153854619686786,154.3414805228292,0.0,"[3.663812991349535, 0.27977984158367875, 0.9487379221475181, 0.8485705766084841, 0.3717709205705696, 0.9001850566139058, 3.585000745533543, 0.27175483446788956, 0.0, 0.06556456105781384, 0.07420020981796749, 0.10388660798833822, 0.000355125473124533, 0.040235226474420245]"
NSGA_II,261417,19,26.445256652382195,27.842288821560135,0.0,"[3.969039656572206, 6.613597416493617, 5.362073584514013, 3.156992619959787, 1.3799461624453946, 1.8776253685724393, 2.7520310338690104, 0.29232931466579515, 0.49135918088994085, 0.14993663314297184, 0.031899959773854854, 0.11809825963466544, 0.13383990498388137, 0.11648755686462438]"
NSGA_II,261417,20,27.382440001677526,27.636836751980525,0.9608441540743087,"[4.168014228685614, 8.219164959107578, 4.694782182982659, 2.9848827832984695, 0.693575973750026, 1.087881720539603, 1.818585522004835, 0.188527463063723, 0.15541126358149376, 0.3163686447385319, 2.725121906107423, 0.08371911265856562, 0.14631423867851123, 0.10009000248049156]"
NSGA_II,261417,21,29.517031865180112,14.174062876155418,7.123513372746906,"[4.216159373258374, 10.271640665922364, 4.142736799339982, 2.9869036692759803, 3.517061817526293, 1.3697313366027226, 1.3020212972837444, 0.0, 1.121977348386943, 0.2601291001287118, 0.14843473810555574, 0.09820098675842676, 0.0771148476555399, 0.0049198849354706]"
NSGA_II,261417,22,31.141000602616263,9.637998794767466,5.302783694251591,"[4.240982909166703, 6.412441026050646, 1.9573925364528892, 7.563346743157067, 5.301240137814522, 0.898036813651107, 2.5873367941965815, 0.30944081477828755, 0.6001378892325315, 1.056181919268413, 0.12761282072018815, 0.08685019812732776, 0.0, 0.0]"
NSGA_II,261417,23,17.06590881484508,93.73552578051633,0.0,"[4.3388948769338835, 2.77650573928708, 2.4021291764696784, 0.40799811024962923, 3.230640212163062, 0.972171820657365, 1.4777301540872192, 0.47636920371688357, 0.4968158013935773, 0.07461170301406311, 0.06902786636880799, 0.0669649175992124, 0.030980364312157053, 0.24506886859246152]"
NSGA_II,261417,24,32.99337223269997,5.960593943014082,20.814699751769275,"[4.343405069301472, 11.337739147087069, 5.046019548626225, 3.233064097351604, 4.02620604009991, 0.9535067574886815, 1.8058486856234004, 0.2313166784428032, 1.0096731844582363, 0.21360684137932298, 0.2621557999860916, 0.02589998346823374, 0.4775919909728864, 0.027338408414035155]"
NSGA_II,261417,25,34.26198691052613,3.4233645873617604,25.2422644870951,"[4.343405069301472, 11.337739147087069, 5.046019548626225, 3.233064097351604, 5.294820717926074, 0.9535067574886815, 1.8058486856234004, 0.2313166784428032, 1.0096731844582363, 0.21360684137932298, 0.2621557999860916, 0.02589998346823374, 0.4775919909728864, 0.027338408414035155]"
NSGA_II,261417,26,36.85225299977675,0.0,0.0,"[4.458737621937906, 4.625224902731413, 1.5801989490978803, 3.2097285108079734, 2.73476829630193, 1.5632264927336683, 5.758675546140868, 2.0345393949419943, 4.032489453782761, 1.1490843088052285, 2.912355097188314, 1.0888230853341232, 0.9584843343967021, 0.7459170055759985]"
NSGA_II,261417,27,22.449728087066006,57.317542802733634,0.0,"[4.494865238643082, 4.396625974512464, 3.1777724442114024, 2.9189953749400117, 1.8336989920573958, 0.7446234493131811, 0.8855285377465154, 1.6459209362501053, 0.3463188458359119, 0.37244538917989667, 0.49723284051217626, 0.25184940038424813, 0.8797703159512085, 0.004080347528402887]"
NSGA_II,261417,28,32.7733965296307,6.464168605346515,16.25157887427495,"[4.668675803038283, 11.799573114583591, 3.8849812050667802, 2.902614869007735, 3.543843237711841, 0.8517194490057429, 1.29775125603187, 0.2311044367845212, 2.449469804260222, 0.18051765074097753, 0.2296438645513433, 0.07636254992287292, 0.5661776243170036, 0.09096166460791377]"
NSGA_II,261417,29,18.74797508417118,79.77466304647922,0.0,"[4.733397794898479, 2.0357473089866502, 1.0880564474493002, 1.8593958071950558, 2.499160308866103, 1.500238000874286, 3.470504978174916, 1.1370373797783857, 0.1613131903328774, 0.08560849742502614, 0.041652125444014566, 0.06189399212596927, 0.04713542795183157, 0.026833824668286616]"
NSGA_II,261417,30,33.071390678483255,5.792970571608766,18.200775143924965,"[4.888568136796702, 10.097393599114133, 5.067906119753887, 3.4705340983341673, 3.9530873338588384, 1.0201062601191648, 2.3898632145389938, 0.13716697529161848, 1.063442398254718, 0.3439699388993657, 0.23976627770092376, 0.16994742537288923, 0.21388697187255967, 0.01575192857529802]"
NSGA_II,261417,31,36.651580569115325,0.17941943088467838,30.3920710241118,"[5.162986138054924, 10.545867489580175, 5.557678572712839, 3.603711120659461, 3.6657558909669055, 1.927613826497153, 3.558856819661987, 0.35188990840868034, 1.24572754837792, 0.52172972407308, 0.18207862452451312, 0.1480908804918184, 0.14606559547083506, 0.0335284296350195]"
NSGA_II,261417,32,34.94747336649054,2.108076786711486,31.651581690587122,"[5.196309220228268, 11.371684140959747, 5.0044126718200985, 3.331753284402031, 5.495694449904924, 0.7230512972163465, 1.7415174026021571, 0.20541921286718798, 1.2130914550487342, 0.37814731704605503, 0.0892440143304012, 0.022642929795344213, 0.09148245057667581, 0.08302351969255664]"
NSGA_II,261417,33,21.432767169402954,59.32530030757488,0.0,"[5.203779074640427, 4.635085845998317, 1.2011952814860491, 2.3184437212493325, 3.595227234378746, 1.4536183308431483, 1.2384621099636022, 0.0, 1.3340385575497695, 0.14692847699680903, 0.10101837247212689, 0.06637444432694303, 0.1253522298580247, 0.013243489639660266]"
NSGA_II,261417,34,27.830891672742496,20.73701532745695,4.031887652041462,"[5.2345111242963105, 6.948202428572426, 1.9648169675442708, 6.938621696179853, 3.8075832188557595, 0.7883284496601173, 0.45385337471179366, 0.8583760035673256, 0.4695886251616034, 0.1628033937234225, 0.11862437204266377, 0.08558201842695229, 0.0, 0.0]"
NSGA_II,261417,35,32.09365237415761,7.740506909433776,12.067988966095097,"[5.238911071959054, 9.229124567324046, 4.221132243221069, 2.7468637882870954, 5.581660342784229, 1.4953930418815449, 0.6568916490270085, 0.325429725160973, 2.0203441110437006, 0.2842979446836344, 0.20456169173344624, 0.08123053930281356, 0.0, 0.00781165774899123]"
NSGA_II,261417,36,34.657452580665904,2.646028243513946,24.04852212924459,"[5.282473473433377, 9.941702129572338, 4.540180741624643, 4.672903296313207, 3.9328906179623897, 1.5668052966043349, 2.56336205748409, 0.16498950025990922, 1.1262187475697238, 0.3381961858754054, 0.15891180250864562, 0.16497909699285085, 0.16290622961921808, 0.04093340484577561]"
NSGA_II,261417,37,30.88740692643931,10.145186147121382,13.570249660708644,"[5.309626675596985, 9.192505943678247, 4.391842492884429, 3.0382517225498056, 5.496021670567502, 1.4365295238459153, 0.31011053104157105, 0.34028222491651006, 0.7979729201253049, 0.28113726514323323, 0.0971106051831005, 0.08187061527068189, 0.11414473563602749, 0.0]"
NSGA_II,261417,38,28.62444369793937,17.873786694721648,1.8413025511197247,"[5.525343223281989, 7.405380133197484, 4.573596242062232, 2.572502081671521, 3.635659190693268, 1.5717619234505864, 1.8899622065336956, 0.16103463988503475, 0.46641595785659207, 0.2733994199109577, 0.3403867083768417, 0.08732593332229006, 0.05579255993376073, 0.06588347776311394]"
NSGA_II,261417,39,36.03344000068132,0.7975599993186755,27.49717633079596,"[5.816313800749723, 9.774607492213747, 4.979080232606719, 3.8978906135244724, 3.766913334562806, 1.8381560368523964, 3.4865271995831955, 0.2916169688141902, 0.7289800709783365, 0.9532755041791598, 0.1924366520663201, 0.17044242969030723, 0.10257873665823343, 0.034620928201715084]"
NSGA_II,261417,40,33.87026430741796,4.205334617058178,20.3090228761558,"[5.827847554798383, 9.136021465362846, 5.068447693801127, 3.5081465585885496, 3.833309557729551, 1.2401700795966553, 3.585641823120626, 0.2354886633282883, 0.5701855240314273, 0.34128027375368186, 0.20078772669479084, 0.167101334200632, 0.12997282051730766, 0.025863231894094358]"
NSGA_II,261417,41,16.144861432465976,105.32445164090505,0.0,"[5.8894682961600955, 0.0, 1.2502929183180127, 3.191974560736087, 0.0, 1.488601863390732, 3.2110763303236576, 0.21504364385521876, 0.3386575603564297, 0.22325072628327156, 0.20517800744596282, 0.0586846957855832, 0.04149853187605605, 0.031134297934869958]"
NSGA_II,261417,42,30.47473472315909,11.044096092133074,9.842152128023624,"[5.968598460462244, 8.980780170301163, 3.8392679030922947, 3.7845663279593262, 2.960205930088124, 1.3576015061197364, 1.4414547136405846, 0.20093276699960153, 1.1622503303741503, 0.2761121313899021, 0.15209532845856227, 0.16268674383161197, 0.1146168719905489, 0.07356553845124422]"
NSGA_II,261417,43,35.92955424309945,0.901445756900543,33.18681063318716,"[6.063705571413863, 10.436361882609646, 4.999080744993675, 3.6321525504787733, 4.0872470946422315, 1.2644156287215618, 4.010710593490957, 0.21743478095118673, 0.437676561194815, 0.28004962542559936, 0.1604620701779221, 0.10157840749642678, 0.21079666457897298, 0.02788206692383152]"
NSGA_II,261417,44,36.124351985735395,0.7066480142646085,34.07593908358424,"[6.063705571413863, 10.436361882609646, 4.999080744993675, 3.6321525504787733, 4.0872470946422315, 1.560791778853926, 4.010710593490957, 0.21743478095118673, 0.437676561194815, 0.28004962542559936, 0.1604620701779221, 0.0, 0.21079666457897298, 0.02788206692383152]"
NSGA_II,261417,45,30.169649314803014,11.94625865997412,3.4609800184307424,"[6.285262955214972, 9.291125816582838, 0.6204975662465784, 3.595537048120149, 3.4767531594689545, 1.5176357783021985, 3.899178990899209, 0.6188453869432463, 0.11329002199343742, 0.2691380401257841, 0.12895823901301862, 0.08376683892527007, 0.24288933864113127, 0.026770134326223455]"
NSGA_II,261417,46,34.45997749690724,3.1244426035687134,28.78421334660944,"[6.3161799733114075, 11.021154859227618, 4.22138253912104, 3.5391523562682052, 3.798823554624849, 0.8324664675178639, 2.682208085056482, 0.19170271160309948, 1.0303519564876882, 0.2600662709558969, 0.1679304778455295, 0.16601338833417223, 0.10814725917021202, 0.12439759738318766]"
NSGA_II,261418,0,20.645171947863425,65.134303688205,0.0,"[0.7956747326999007, 5.516825985729866, 3.1901580848856557, 6.389569395310785, 0.6768284698657843, 0.4921173165189678, 2.1878083214548942, 0.497516793615164, 0.20688398111596215, 0.06118450715324414, 0.14039511716354186, 0.12957953749715498, 0.2340274027677541, 0.1266023020847517]"
NSGA_II,261418,1,11.45440201742249,141.34158633187522,0.0,"[4.0578009700069195, 1.3643005331883438, 1.6356915924106452, 0.0, 3.1213340887458814, 0.6112203532287774, 0.10277487678990793, 0.033967813668197226, 0.1771911992329864, 0.041322977667814675, 0.17593146345619406, 0.05478052614642818, 0.006311961337809639, 0.07177366154258527]"
NSGA_II,261418,2,9.130874967230374,160.19072058931712,0.0,"[4.191295885768449, 1.2872269767473474, 1.6567862473906105, 0.020418320238712928, 0.6816116368122727, 0.7114694634462975, 0.0, 0.0020251575769471356, 0.1845349416717697, 0.024840828350822464, 0.24984436521950054, 0.12082114400764549, 0.0, 0.0]"
NSGA_II,261418,3,15.321933106122408,105.46546567289465,0.0,"[4.21086958319926, 1.4414953722197121, 1.6595854564496497, 6.147872599655551, 0.9143778365256507, 0.2805936813347648, 0.0, 0.0023037638669257177, 0.2688363301310605, 0.028188396122076662, 0.2459165824568665, 0.12189350416088993, 0.0, 0.0]"
NSGA_II,261418,4,18.243846189467604,82.08118755244524,0.0,"[4.2438241050493835, 2.9447212769209306, 2.563317730265498, 6.2099097780038965, 0.7681911230478313, 0.546760332618364, 0.0, 0.007400229979805634, 0.40123268681913327, 0.04929824810413094, 0.2021762773149921, 0.14161801627794007, 0.027373165853963398, 0.13802321921173893]"
NSGA_II,261418,5,6.841612866537322,180.14479130346615,0.0,"[4.326675773438052, 1.2891862014816973, 0.0, 0.00024586035604503713, 0.0, 0.0, 0.5284207296676058, 0.0013532193626052493, 0.09380715803226874, 0.015387968055394207, 0.2661568918163399, 0.11956716707822387, 0.030706846397827336, 0.17010505085126265]"
NSGA_II,261418,6,7.944102352918258,169.5393855994251,0.0,"[4.333568818049271, 1.267365939063625, 1.1841220454722665, 0.0, 0.0, 0.5391343058868237, 0.0, 0.0, 0.05916076044753364, 0.016064576646135264, 0.21068328039296602, 0.1005956239487486, 0.08095913103380176, 0.1524478719770867]"
NSGA_II,261418,7,7.505280075962528,176.8012896329924,0.0,"[4.3384096174174385, 1.2660748333220724, 0.0, 0.0, 0.0, 0.49891184967105406, 0.698644965846292, 0.0, 0.0734359377242868, 0.015543697939968102, 0.26455509289554235, 0.11073807947198386, 0.0815634284496065, 0.15740257322428264]"
NSGA_II,261418,8,9.627524651926299,157.1227531346637,0.0,"[4.349964679977869, 0.5061002256704503, 2.5412851240507024, 0.014685049364140553, 0.5396066913983009, 0.896718849006998, 0.0, 0.15570328974209777, 0.17578947255923977, 0.022203422499269165, 0.2553453790349431, 0.11851406879997727, 0.0004357140825991933, 0.05117268573971542]"
NSGA_II,261418,9,8.582159360798466,165.17148499101177,0.0,"[4.351576293936769, 1.2794818024126915, 1.333234464107309, 0.011070953227780898, 0.2336171949826938, 0.6431156966407606, 0.0, 0.0006049154976350125, 0.20651890354585364, 0.016384285256524633, 0.24355938040857017, 0.11604666972423888, 0.04842914647463792, 0.09851965458300128]"
NSGA_II,261418,10,17.798485817497827,86.34098006616048,0.0,"[4.456532905542129, 0.3511450911976033, 2.07723681669485, 7.610267509870775, 0.0, 1.0057023839106944, 1.576016406101701, 0.0, 0.05932252638175964, 0.0, 0.36824184967102624, 0.15084948283376037, 0.02338965587733023, 0.1197811894161992]"
NSGA_II,261418,11,11.169289784268676,143.9790634571292,0.0,"[4.569534304877937, 0.4607931833975707, 2.863880656721118, 0.0, 1.4549039860552113, 0.9332607344393464, 0.0, 0.28159884137234514, 0.1453792520513559, 0.022425883312269683, 0.25511560717244625, 0.10869634476656201, 0.0007007324178916745, 0.07300025768462273]"
NSGA_II,261418,12,21.942391266235532,56.592173484997716,0.0,"[4.635165169246309, 5.289470923664129, 0.35737043226459875, 6.154519818584959, 0.6619888714188005, 0.49625460390821763, 2.3212342896897287, 0.787805615087272, 0.4488459462101049, 0.05792020166056794, 0.2570608784977895, 0.09807808134614653, 0.2513275697041695, 0.12534886495274056]"
NSGA_II,261418,13,35.097678082327576,1.8036768223756923,26.897543204020508,"[4.636991015383934, 6.796416465897983, 4.784192965443046, 12.0, 0.8099584184968976, 1.2911250173724853, 2.5588388869937275, 0.8836544703031995, 0.5108461988423763, 0.0442402764518782, 0.5152365743177953, 0.1813192483644088, 0.005825557429019601, 0.07903298703081209]"
NSGA_II,261418,14,28.643223221604288,17.804623824278956,4.331645585984404,"[4.640416085387818, 2.0419639711121613, 3.4301179186407973, 12.0, 2.0546496357028663, 0.9699373679719376, 2.4904567075492325, 0.20667184765493762, 0.5379224734426107, 0.032611526861725054, 0.0, 0.15191880232138705, 0.009072746501716838, 0.07748413845710055]"
NSGA_II,261418,15,31.15609979812048,9.616149042167475,14.247539980203182,"[4.711676262309295, 2.695859722744756, 6.718339415712498, 11.812433341249195, 0.956185053137775, 0.6461508659562782, 2.0144481208143286, 0.3270759251769382, 0.5255625864750676, 0.059098810451344484, 0.5099301100260134, 0.15846146163138988, 0.012529484027159409, 0.00834863840844115]"
NSGA_II,261418,16,34.41576392875504,3.088472142489916,30.710629904753524,"[4.820395366967909, 7.9419265871109745, 5.170212118348884, 11.362725800082172, 0.7407599368047015, 1.5950460126477912, 1.281312204274104, 0.9009942760656772, 0.19407323921155684, 0.0, 0.21045683909656834, 0.19786154814470897, 0.0, 0.0]"
NSGA_II,261418,17,26.818763568491264,24.955927740177643,6.714892613321922,"[4.921964439849471, 0.585820163869287, 6.67789405435637, 11.513944431727388, 1.2636464337168913, 0.3716514813171785, 0.5914928127979032, 0.26673201698742105, 0.12247789523016119, 0.10923270955550224, 0.2687703105765268, 0.10681145361194477, 0.01832536489521537, 0.0]"
NSGA_II,261418,18,36.84183416149286,0.0,0.0,"[5.208412187961416, 3.3163258176942816, 3.965020270768819, 5.368634355931739, 1.5597404813890345, 1.6060894092255495, 3.138855354581262, 4.963021235125828, 3.5798164917641992, 0.4111387272163529, 1.8008749068352863, 0.8471781359359545, 0.9090717997788476, 0.16765498728428382]"
NSGA_II,261418,19,35.06188349106977,1.9532580262306958,31.931000138217733,"[5.227547817196013, 8.093521070245544, 5.177589573089883, 10.224838870864673, 1.5528701817102786, 1.1374739799439286, 2.1598455844906637, 0.7812611850515657, 0.21156980864961827, 0.0, 0.21528875124761274, 0.12305166020977973, 0.0, 0.15702500837021277]"
NSGA_II,261418,20,34.074657948078034,3.8565633540275748,22.844554023173075,"[5.355779378582512, 6.975451371622755, 3.185297794127223, 11.48636124087953, 1.4014340774537886, 1.028322670122209, 2.458849850757693, 1.5267010754158044, 0.1492863515321926, 0.014580522202628253, 0.2067686313410865, 0.19854630843635665, 0.0013994254205828122, 0.085879250183682]"
NSGA_II,261418,21,33.217710393588646,5.492947367072631,19.305856803847345,"[5.401285889367096, 4.86367360308293, 4.721602991165029, 12.0, 1.0712748103112764, 1.9133912192266678, 0.0, 0.9579719821812159, 1.314693310600486, 0.07523082728791151, 0.23824891763447265, 0.21027013926703372, 0.44169854921462526, 0.00836815424989825]"
NSGA_II,261418,22,30.733700102721862,10.517143661316503,13.109841364930684,"[5.411188615994596, 6.025511382998655, 2.733850426678793, 11.629448903407681, 0.3300576399192189, 1.05881117548461, 2.483048777884937, 0.5693423830828933, 0.14899646306146738, 0.016463437008439358, 0.04834843114557093, 0.21013430919490358, 0.0039542900998775984, 0.06454386676021942]"
NSGA_II,261418,23,13.822491252865005,117.98595212393111,0.0,"[5.479312157789011, 1.3852920189605362, 2.900854832050424, 1.8518720872900925, 0.9585690263712805, 0.2978663057795099, 0.20659880148658474, 0.013842311955695949, 0.3621107436865559, 0.0967077897169451, 0.19496039523073289, 0.0, 0.009035301498545933, 0.06546948104909008]"
NSGA_II,261418,24,32.84359532850652,6.315445028544673,17.810579206040597,"[5.5356199868591816, 6.299688360705824, 4.7750490190817745, 10.271386412144201, 1.0999391478969016, 1.2837361069939859, 0.0973144331979701, 1.4614697228454094, 1.5051493147673871, 0.04799499870497792, 0.1879444308871315, 0.18704627122844708, 0.008621437635604391, 0.08263568555771549]"
NSGA_II,261418,25,19.578004015126346,70.92988209353855,0.0,"[5.5528127956763775, 2.7985479294777993, 1.8228587953253546, 6.958333531668228, 0.5658116466886866, 0.0, 1.3087673924905074, 0.0005710952636605836, 0.2842131632844918, 0.029312824822357662, 0.06134284681349649, 0.06357735469551089, 0.04839440624804035, 0.08346023267183528]"
NSGA_II,261418,26,31.719602168949393,8.480795662101212,11.755606628417265,"[5.608547888804723, 7.024548023513077, 3.578151506528261, 9.154695606225415, 0.8014220611191069, 1.0777828353897485, 1.4130026739945551, 2.4288531920791994, 0.0, 0.08803309872983117, 0.3042289357922673, 0.21760444609852864, 0.02273190067468236, 0.0]"
NSGA_II,261418,27,34.23531223314156,3.634445119116833,33.43733176229685,"[5.619862381883052, 7.9671128077562035, 5.794483629271766, 10.367519004062622, 1.5195269339211437, 1.0985217956361264, 0.0, 0.8473107059246534, 0.19551492655974634, 0.12378984974252934, 0.2787447870849785, 0.22384895169067823, 0.014006874208108082, 0.1850695853999563]"
NSGA_II,261418,28,12.47558828280765,132.50511069974854,0.0,"[5.626351938624861, 2.290657303260013, 1.6011842569445554, 0.0, 0.5836225437242853, 0.29779591381116244, 1.3726105484732936, 0.028713922212674575, 0.347542914370095, 0.04061756547548135, 0.055039294188350796, 0.056865436149335924, 0.04926984139413185, 0.12531680417940896]"
NSGA_II,261418,29,31.986608225370016,8.066492525316907,23.909585805519214,"[5.640801362415766, 5.599343239251193, 5.366080881788446, 11.87884118662766, 1.3703345463330923, 0.6723550569956792, 0.19460537219632193, 0.21957614578065943, 0.24077897566821113, 0.1274439586005908, 0.24285977374842577, 0.3023542715182664, 0.011524478388766596, 0.11970897605694196]"
NSGA_II,261418,30,31.14790694623713,9.624186107525748,20.74108984082297,"[5.680180546605921, 5.592820861258577, 5.956707737476143, 10.461495952186059, 1.328950647029033, 0.8352087548145389, 0.0, 0.33985981005286914, 0.19604047019918752, 0.13150964906924437, 0.30823587809322306, 0.2967049174448552, 0.0201917220074749, 0.0]"
NSGA_II,261418,31,36.81905075988672,0.011949240113285242,37.56798249487653,"[5.705028706752841, 7.272313711757864, 5.502375814183425, 12.0, 0.8367686571604287, 1.5245902391585364, 1.3885651414747546, 0.9016974696449352, 1.1949408322790769, 0.04709096795470603, 0.19101092188210275, 0.18969444524639945, 0.0, 0.06497385239163819]"
NSGA_II,261418,32,28.437100964406646,18.816923416295538,10.618050146398986,"[5.976591192913559, 3.6786579074652597, 4.765680399443669, 10.598276414924172, 1.1737229325262426, 0.9189865371065209, 0.0, 0.0, 0.8811442588737362, 0.00871970364667704, 0.18535984664771557, 0.0629286441261398, 0.03370075040285042, 0.1533323763301092]"
NSGA_II,261418,33,23.437909289590568,45.240717406009885,2.1621702876456865,"[6.003906731089799, 3.8255447633331823, 2.4322242503596305, 9.00649454286308, 0.09635187030364151, 0.2314420245284825, 1.301996263666105, 0.0, 0.22538903956685855, 0.031043577139867013, 0.06055618346962056, 0.09181862038932612, 0.043145776098663186, 0.08799564678230669]"
NSGA_II,261418,34,36.58615149036343,0.24484850963656868,30.20366283169333,"[6.021238727940495, 6.094606597686261, 6.305898643742667, 10.38990259922818, 0.7603994729574435, 1.54739517381187, 0.7121937351164151, 3.525515135837652, 0.3455699406556787, 0.11382538394977879, 0.3485878961149747, 0.32694419153329274, 0.003899526783076003, 0.09017446500563706]"
NSGA_II,261418,35,27.732822445640146,21.781979257072418,7.7138313643929735,"[6.057782745875872, 4.3495883008549505, 3.8045163223621867, 10.18355850560665, 0.8709396149936687, 0.0, 0.61834823194146, 0.7924326116180196, 0.6828941336130052, 0.0, 0.06033683294651523, 0.009345699980629977, 0.18031499788919686, 0.12276444795798619]"
NSGA_II,261418,36,17.379247474644966,90.03464236845079,0.0,"[6.085819939830984, 4.381499549555771, 2.2555141814089428, 0.6631977038066746, 0.38949120681785204, 0.6648688453560444, 1.141634492685663, 1.178119834350396, 0.3435735071656044, 0.052100974332835406, 0.07876491120638607, 0.0, 0.025252121013513037, 0.11941020711430388]"
NSGA_II,261418,37,29.868863240581703,13.087816287417638,16.605902361679508,"[6.093348227521672, 3.553881462835413, 5.951069579581231, 12.0, 0.0, 0.6528369807217199, 0.5880313204828216, 0.3228309078866377, 0.18860615126916785, 0.13860725704471538, 0.10795986496706873, 0.1134026075346685, 0.0, 0.15828888073659345]"
NSGA_II,261418,38,26.22315916870855,29.03013714432518,4.257835689509442,"[6.098663483556316, 2.9034419929898814, 3.422166440140219, 10.678645928068313, 0.0, 0.5600864700337678, 2.0073820867789753, 0.0023339431256828003, 0.11297214314303455, 0.002338784133627335, 0.1378524339031939, 0.07023861364301662, 0.08285158225519303, 0.14418526693732564]"
NSGA_II,261418,39,23.479952053056813,45.029960978312346,0.4663319648019453,"[6.141322960496773, 0.6711034116650543, 2.436441609935132, 10.32346398270499, 0.4350122028884598, 0.8929324921655171, 1.3252239250609636, 0.8013684867525817, 0.17168140012523195, 0.03976617372883824, 0.0233129696165816, 0.020256466546078218, 0.05581807280005191, 0.1422478985705561]"
NSGA_II,261418,40,10.217603703873879,147.83723206166866,0.0,"[6.14203644085966, 1.1578775285889107, 1.8674641890544816, 0.0, 0.7378780677242082, 0.0, 0.03155448953457421, 0.0, 0.040389528334821984, 0.01621480909466301, 0.0, 0.0, 0.08018556176728682, 0.14400308891527355]"
NSGA_II,261418,41,12.958406576959815,123.41159115070394,0.0,"[6.14203644085966, 3.898680401674846, 1.8674641890544816, 0.0, 0.7378780677242082, 0.0, 0.03155448953457421, 0.0, 0.040389528334821984, 0.01621480909466301, 0.0, 0.0, 0.08018556176728682, 0.14400308891527355]"
NSGA_II,261418,42,35.535576168011566,1.2954238319884226,35.73805717720533,"[6.234687664793133, 6.560383165444382, 5.505410282817082, 12.0, 0.9614656578587724, 1.1698281166586475, 1.3889288786489224, 0.7119657601688475, 0.5316184969598572, 0.04612368124537917, 0.15880829768234736, 0.13586944340422288, 0.017734260350918463, 0.11275246197905513]"
NSGA_II,261418,43,19.128967149358427,74.5985311187625,0.0,"[6.2734692954741895, 2.480375379908449, 2.747366944432881, 4.94799156201819, 1.0194690694211617, 0.3694539833465033, 0.42894494885055234, 0.24383994053614538, 0.12766971497419954, 0.08823887866205425, 0.18832223768233713, 0.03503158179015123, 0.03270102180411333, 0.14609259045750103]"
NSGA_II,261418,44,16.574843419167266,96.44208126220548,0.0,"[6.382627886987687, 2.3497001108222495, 3.334353277664441, 0.7583004060856551, 0.7369023316438996, 0.4299683778734608, 1.6983494866748288, 0.3909060693045039, 0.0, 0.0632653535502756, 0.13799506016273538, 0.1383973451744972, 0.05553208241896195, 0.09854563080406772]"
NSGA_II,261418,45,34.97797279670777,2.0833283293601106,34.9455606867461,"[6.4595858813413, 6.139784629991507, 5.467235335637901, 12.0, 1.2113580865297877, 0.8893072819226899, 1.7034065772495284, 0.5357582585355498, 0.09253617805362638, 0.05604811100604632, 0.1549283375753342, 0.1275449988087913, 0.021205197280053642, 0.11927392277564099]"
NSGA_II,261419,0,5.440866434100708,199.03748504892397,0.0,"[0.0, 0.0, 0.976813047716097, 2.4771211453012927, 0.5205226084314086, 0.2554072572429881, 0.17420411231772429, 0.15044407408227906, 0.17194690789788403, 0.05686613706757347, 0.14505358398876853, 0.07856818052674339, 0.008890236083085742, 0.42502914344486364]"
NSGA_II,261419,1,7.74873629704584,182.47231817898415,0.0,"[0.0, 0.3917203127759271, 2.5490407981928214, 2.4768091596026958, 0.5148806775472945, 0.5996554143700429, 0.16206236826165799, 0.07159633893859033, 0.1731734844343403, 0.1515256103601746, 0.14620693219120098, 0.0804101383764215, 0.011473603163237252, 0.4201814588314374]"
NSGA_II,261419,2,8.794076572313768,172.85233648124537,0.0,"[0.3237091011322075, 0.4616735426245763, 2.9390342839013575, 2.4960024383130164, 0.5662021605871498, 0.8739065616452266, 0.15197161826639494, 0.0, 0.1825376598463503, 0.16243514758831717, 0.14860919120375318, 0.0806372387854733, 0.012677576931477367, 0.394680051488467]"
NSGA_II,261419,3,9.462532877658523,165.84388744466315,0.0,"[1.021277267928806, 0.515607061431359, 2.680653649471715, 2.7659644013032243, 0.6680469868811176, 0.7186135678719016, 0.12980928407138626, 0.0, 0.14823509364115794, 0.17158362432647034, 0.1460658573380088, 0.10191820915297407, 0.0019699267528863074, 0.39278794748751605]"
NSGA_II,261419,4,10.397766074060543,160.58323846456705,0.0,"[2.605013271338427, 0.5263306902122677, 1.8690224273414886, 2.455772223486508, 0.0, 0.48855709117830504, 0.3739735718655019, 0.7885049292150377, 0.3853963505037917, 0.1398570839277431, 0.20104286927561768, 0.14255153274104504, 0.0017758442593606642, 0.4199681887154472]"
NSGA_II,261419,5,11.632559920812467,145.47674672609028,0.0,"[4.13860737900101, 0.5703520104806644, 2.8350973069834264, 0.32522819855918383, 0.3915483169222017, 0.42374618371195594, 1.7608554082585564, 0.10302805562872622, 0.19499881163174784, 0.28166602428021875, 0.16650334812425166, 0.03519003674116013, 0.013401051236463036, 0.3923377892529021]"
NSGA_II,261419,6,14.673646421965703,116.38155299735497,0.0,"[5.889134116268824, 1.5188691259563603, 1.1458532585502106, 2.6725308873317575, 0.5988090130944729, 0.7207403988359573, 0.12121253342590688, 0.7111153305419186, 0.34153455820733747, 0.26737843532429195, 0.37411330169605983, 0.036694583755201154, 0.0070930859950761845, 0.26856779298233]"
NSGA_II,261419,7,16.87275492163242,100.99281084690406,0.0,"[5.910034687637742, 1.4656246647261966, 1.7266738764510874, 2.4543009750812317, 0.2963377935795992, 1.451469198816536, 0.7189635830297263, 0.8512532321701618, 0.7035092967569109, 0.6073931194900983, 0.1925224967336182, 0.10327451112197258, 0.0014327152297517263, 0.3899647708077819]"
NSGA_II,261419,8,10.547513254839437,152.08053829477083,0.0,"[5.968578116447864, 0.21169482906892348, 1.4846852581205627, 0.6880810530635609, 0.0, 0.4892930339981824, 0.5407764223227303, 0.2278225748745006, 0.0, 0.3221541498120162, 0.16139548205770918, 0.04689520058448757, 0.001664799904479531, 0.40447233458441967]"
NSGA_II,261419,9,20.382308411304862,67.34169699428386,0.0,"[6.425506249023686, 1.965669070583119, 1.6756604316362746, 6.455070929451157, 0.9966942460725046, 0.9244291404621339, 0.28491580911055814, 0.7783819913184234, 0.032819744726958526, 0.15595959221577538, 0.19208072318607516, 0.1274896251098654, 0.07086887618836563, 0.2967619822199672]"
NSGA_II,261419,10,13.22238017117195,130.7637898563341,0.0,"[6.481601998009351, 0.2068987892396433, 0.9669450581235238, 2.664360357487805, 0.5161752443775811, 0.7338616684041935, 0.13114479327955395, 0.0, 0.2159679936652353, 0.03899742551296799, 0.148722101845721, 0.061769501192723, 0.6650710098997177, 0.39086423013393584]"
NSGA_II,261419,11,36.98670423189801,0.0,0.0,"[6.533925811386486, 1.2455848480083571, 1.7192566673177543, 3.0075084695725707, 2.271930565525352, 1.5818647480071033, 2.4509026548106316, 8.503672766891192, 2.536977685127117, 2.8466460685440627, 1.0124602277334278, 0.8336333815993522, 0.7299429544953074, 1.712397382879294]"
NSGA_II,261419,12,19.780038980080015,72.52713402607225,0.0,"[6.969393737224678, 0.16682879336983228, 2.5427380424390758, 5.395805278774229, 1.204328072091922, 0.7131622270184983, 0.5555576941999383, 0.8108017067199638, 0.14628159678176977, 0.7349822186294013, 0.23935529774693923, 0.0, 0.030917086033566184, 0.26988722905020107]"
NSGA_II,261419,13,17.502842005075767,92.58286414249415,0.0,"[6.973326645944731, 0.838852907421985, 2.8883983824717876, 2.903975523534896, 0.5512828668860049, 0.7123623261970957, 0.46761764817804274, 0.6667032192846993, 0.17346711469856063, 0.45004978195539824, 0.2014676150174719, 0.026003452921099433, 0.5562173276146031, 0.09311719294939338]"
NSGA_II,261419,14,25.90221061700907,31.74053146886578,3.2202685373075397,"[7.657996329781096, 4.390678526168486, 2.2543358432975182, 8.023257838060443, 0.0, 0.709150887010068, 0.18287314158896936, 0.7099199274392675, 0.4776772775115361, 1.0892887452284503, 0.21626530785590573, 0.0538126378775467, 0.04223287960161909, 0.09472127558816842]"
NSGA_II,261419,15,13.87416693872888,122.21874450815723,0.0,"[7.808632355919341, 0.09156146620534124, 0.9321298904413085, 1.2398222619251182, 0.5191937750013467, 0.9476577881142352, 1.3358367395799882, 0.27454413025820434, 0.0, 0.254584708508686, 0.16463541303878265, 0.0, 0.035737683873369806, 0.2698307258631583]"
NSGA_II,261419,16,12.762686347519345,135.1732413517,0.0,"[7.808982499962691, 0.05884209707908139, 1.0708882438166758, 0.024220846267349327, 0.0, 0.4914321393386383, 1.8013921382699327, 0.2979319334559235, 0.3361208300137569, 0.3268960104278635, 0.16700860973238493, 0.04444307357535127, 0.01762493617908611, 0.316902989400611]"
NSGA_II,261419,17,29.570389924274814,13.99234928747667,8.902802705540648,"[7.830689772196562, 2.5066576713034903, 2.055299310094954, 12.0, 1.0588938930943013, 0.8186086275901814, 2.1993167566973697, 0.26894113328229524, 0.274916727165599, 0.12615127692820124, 0.19733889003068486, 0.16824274720643217, 0.06533311868474194, 0.0]"
NSGA_II,261419,18,22.99112682779011,47.78369607181097,0.0,"[8.00689586789125, 0.917483670108604, 1.773641157533838, 5.201882744161106, 0.5586119631898099, 0.7528021644972478, 4.471417470899741, 0.2513132397231723, 0.6503327432635244, 0.1373479850542479, 0.1569761338076929, 0.03910313440920973, 0.0327453835989264, 0.04057316965173921]"
NSGA_II,261419,19,18.00250858822325,85.13722109019722,0.0,"[8.05997601011044, 0.9575920469871873, 0.7184769768902045, 3.1835470145910176, 0.557479052239804, 0.7095936588295793, 2.3829431184176513, 0.46799754377277336, 0.6159878003641366, 0.12794842299670964, 0.13004474754330583, 0.03908885959154857, 0.003320497212988143, 0.04851283867590417]"
NSGA_II,261419,20,18.729743294601327,78.59210873279456,0.0,"[8.05997601011044, 0.9575920469871873, 1.4457116832682781, 3.1835470145910176, 0.557479052239804, 0.7095936588295793, 2.3829431184176513, 0.46799754377277336, 0.6159878003641366, 0.12794842299670964, 0.13004474754330583, 0.03908885959154857, 0.003320497212988143, 0.04851283867590417]"
NSGA_II,261419,21,31.254212452163898,9.421486902167864,11.67054669876573,"[8.218909770148413, 3.548090347083515, 1.0463321947626947, 12.0, 1.4387636074451602, 0.6449046017216503, 2.492117425008457, 0.5722403952814656, 0.19562263972793326, 0.021625386620243825, 0.2602036101253471, 0.7140487828101902, 0.09144188493315614, 0.009911806495670444]"
NSGA_II,261419,22,26.43506312979396,27.579567000962363,4.775503705845843,"[8.498217238700672, 6.427347022147728, 1.072674529703218, 6.38668896246893, 0.9680839389563445, 0.6767099870601223, 1.3319055359190053, 0.5731247724690233, 0.0, 0.019983446541207116, 0.1913516686852636, 0.19664511275533944, 0.09233091438710375, 0.0]"
NSGA_II,261419,23,29.472470056288042,14.31398691579826,1.7729024364038608,"[9.10756793386049, 4.58911294381484, 0.7774655664458334, 6.3879602327265665, 1.9966890827084178, 1.1605661100733107, 3.326839559725106, 0.724539644141603, 0.5204212617577667, 0.5435075340802473, 0.2493158463806049, 0.007282472078121563, 0.0220209366131268, 0.059180931882003615]"
NSGA_II,261419,24,20.850841533712746,64.78247409023697,0.0,"[9.26657922988028, 1.786728595108567, 1.5467147989428358, 3.2834146521740006, 0.40933962029516036, 0.5709522705472349, 1.5568808977650055, 0.8369155257990532, 0.3434913652572575, 0.7142210950392964, 0.19244843938805384, 0.060922154184918, 0.0, 0.2822328893310805]"
NSGA_II,261419,25,35.242283770078615,2.4276184840211563,11.572851493529686,"[10.327160179712683, 6.805481116357071, 1.6594249084360517, 3.9710447586042337, 2.063445014959894, 1.143214195938109, 3.344936703758071, 0.2203131489150083, 1.0372641599173114, 1.81029671848905, 0.2600487524506767, 0.9035166680091842, 0.7039514203528746, 0.9921860241784005]"
NSGA_II,261419,26,33.6973414742427,4.6082819362321,25.50479692699211,"[10.415070611212114, 4.693300113875671, 1.7757982244154866, 10.199484737201423, 2.3829751678704407, 0.4857135956295755, 2.3380808322445925, 0.5338840343090554, 0.11843178638284052, 0.30406972193725934, 0.3505065143151973, 0.017061250131542097, 0.0, 0.08296488471749765]"
NSGA_II,261419,27,35.68591880169218,1.1450811983078104,28.20907527580503,"[10.47553094233704, 3.9452000710681037, 1.903583890471392, 11.36452127000185, 2.380995433381333, 0.5015219154620781, 2.298560259325914, 0.8789644521075572, 0.13151646140471274, 1.4112224027068083, 0.3286414144201918, 0.0, 0.065660289005202, 0.0]"
NSGA_II,261419,28,35.44226303006041,1.388736969939579,30.497718588595074,"[10.47553094233704, 3.9452000710681037, 1.903583890471392, 11.36452127000185, 2.9531562615788385, 0.5015219154620781, 2.298560259325914, 0.8789644521075572, 0.13151646140471274, 0.41333606706777604, 0.3286414144201918, 0.05806888741268247, 0.065660289005202, 0.12400084839707577]"
NSGA_II,261419,29,36.76738821167553,0.06361178832446157,35.25260785655358,"[11.11632399799857, 5.866643897142223, 3.20867873303102, 6.548170644661018, 2.7262293413387146, 1.1518035180603166, 3.613864919688119, 0.915525212166177, 0.34443308089041935, 0.7642185924010968, 0.34388280958680734, 0.005960088709249719, 0.04660218164944504, 0.11505119435234733]"
NSGA_II,261419,30,36.96356921648716,0.0,38.523225598309956,"[11.235667204967877, 6.8113692025035375, 1.299108933627815, 8.845695967878276, 2.2821720731084865, 0.5910920795864465, 3.3889952650126083, 0.49621503866542993, 0.3441458697269971, 0.9335349042776105, 0.3524484209009723, 0.009390263524021314, 0.289080979221809, 0.08465301348528825]"
NSGA_II,261419,31,29.99591594943541,12.80494831827981,18.049849911250462,"[11.239001219123395, 6.107478053951296, 1.0777400996161495, 7.261311933074797, 1.002947532046593, 0.735863214253505, 1.4344557986522342, 0.5745147913469079, 0.07448157824516786, 0.014461613247530494, 0.17138429110589037, 0.014053570056034758, 0.06510821818230898, 0.22311403653359407]"
NSGA_II,261419,32,22.02689753595506,54.84900434793289,0.8498868708382652,"[11.240886870838267, 0.0, 1.0445967322261502, 4.421688070537581, 0.6303855035328143, 0.9601480778106817, 2.3171420901239217, 0.6131101544654178, 0.0, 0.38388506392413535, 0.21199801932878215, 0.0, 0.036818805220169656, 0.1662381479471451]"
NSGA_II,261419,33,30.679524425592906,10.560951148814187,15.125798574698507,"[11.387022786909904, 4.896929954417393, 1.0532156656016518, 7.124012516153233, 1.9191046773977911, 0.6074909728087469, 2.6498033763217403, 0.494260563614404, 0.3906892395037161, 0.0, 0.05785771211875257, 0.01432874263811479, 0.08480821810745892, 0.0]"
NSGA_II,261419,34,34.580250309217064,2.8374621264305517,23.959642381506118,"[11.464657795228902, 7.638853748154674, 0.5931171501754519, 5.04211468752791, 2.7862094213104047, 1.2085812648423386, 1.5810800313709499, 0.27394060090288297, 2.8377682302737863, 0.7918580329363677, 0.1690076736283952, 0.05246844404558182, 0.06263048395472165, 0.07796274486470224]"
NSGA_II,261419,35,24.45645469521266,39.871375948370144,2.6421196215208376,"[11.473037375789616, 3.274115442224817, 1.7440380193461291, 3.3677385903562382, 0.12004774065469795, 1.0297099603327977, 1.3137050528675638, 0.6007660595666844, 0.4001757140134494, 0.8149896413119768, 0.18731175177572204, 0.03080288004106968, 0.0, 0.10001646693189264]"
NSGA_II,261419,36,36.29089770499125,0.5401022950087437,26.591416533968225,"[11.593968923819741, 5.791413919492972, 1.1509223697911914, 7.634245502354943, 2.2235256315427994, 0.6130229056495674, 3.365417366658868, 0.0, 0.13878312410197108, 0.0, 3.6704657424763494, 0.0, 0.08473038582071232, 0.02440183328214375]"
NSGA_II,261419,37,31.642807325237428,8.667301572163751,21.775813853614068,"[11.675845462560543, 4.521492310786796, 5.002984093043459, 3.3895682125147886, 2.9441025742153215, 0.8171837738048005, 1.493073165437489, 0.8359615424101521, 0.28229960376530705, 0.14181881348678688, 0.30507390848032995, 0.13860125687015784, 0.061886385222902435, 0.03291622263859384]"
NSGA_II,261419,38,36.44894301335137,0.3820569866486174,32.24669447311024,"[11.687176073633053, 5.927254510020392, 1.2735258631811355, 7.8392518017137345, 2.40192233654203, 0.9078665162908126, 3.402770747122014, 0.525259736962992, 0.17478110989456075, 0.9116649613676008, 0.3530700884252372, 0.9055478913457493, 0.08463467718130026, 0.05421669967076671]"
NSGA_II,261419,39,36.91624406430046,0.0,41.33765298072848,"[11.736147713636072, 6.031091307786435, 1.2837592488406286, 9.318754092101663, 2.3647970157476887, 1.274851258765342, 3.4178168465576015, 0.056130631180759685, 0.06600491049159801, 0.8094269644535905, 0.3250547989809765, 0.0, 0.08698999868454763, 0.14541927707354568]"
NSGA_II,261419,40,34.019056859709444,3.9706714706725457,13.454228768130982,"[11.776708634415959, 5.01682502270694, 1.0068698520814674, 5.43789518361812, 2.8500665471711475, 0.802470907918896, 1.5922467387465862, 0.5003640393882017, 3.7111102675470815, 0.7762574148467052, 0.3149763473497562, 0.058182419095365645, 0.08629829473178276, 0.08878519009143022]"
NSGA_II,261419,41,27.388851130859287,22.868593939633723,4.38954199005688,"[11.983768206963777, 2.5057394725504527, 1.4007108732368168, 5.4630475508278415, 0.04671498470976803, 1.5826574963281117, 2.3569138887610532, 0.710854700162275, 0.30217687547435124, 0.8832879200772636, 0.0, 0.0, 0.01835497321744388, 0.13462418855012878]"
NSGA_II,261419,42,28.67947160834763,17.68182357665281,6.956512384484586,"[12.0, 3.7061170087616566, 1.1687407679409536, 5.8125375990203345, 0.10461267477889913, 1.0939381727448363, 2.4055044098778193, 0.5897433447744618, 0.5748677829968472, 1.0299444855843378, 0.0, 0.07645209476495889, 0.002781886029228317, 0.11423138107329729]"
NSGA_II,261419,43,28.237263123307432,19.241196920037446,8.243435014261639,"[12.0, 3.763135917475278, 0.0, 7.616513630917911, 0.0, 0.15152835571516665, 2.330994809517671, 0.5518782022279206, 0.46824936084010355, 1.0352026340898188, 0.18685051048832746, 0.050569990803326234, 0.08233971123190613, 0.0]"
NSGA_II,261419,44,33.34480602718494,5.239970079610092,19.982754223604754,"[12.0, 4.785754890777946, 1.2633820703771428, 7.091686109251934, 1.9233740826306236, 0.6092884877001521, 3.212870866751464, 0.5041270434260565, 0.4190057299444506, 1.0570989124039072, 0.37009845607876113, 0.015161595357127827, 0.08337564850539336, 0.009582133979969876]"
weighted_balanced,261400,0,35.08833969938328,1.743320601233453,0.0,"[6.443687365924952, 4.290999927634588, 0.7082688464247795, 4.444721353998106, 1.9272186630297774, 2.574654019271401, 2.7333762730141062, 3.0939950947637005, 3.9322530344913824, 1.7544048238611214, 0.1595793597255296, 0.3561192419092234, 2.6690616953346087, 0.0]"
weighted_balanced,261401,0,35.08798872395325,1.7440225520934867,0.0,"[5.82154924827136, 2.6488702320226225, 2.0280736181315127, 0.8833528203902135, 1.6454470797339038, 3.901518966732148, 4.706869630755694, 2.243209558912349, 3.386751312747866, 0.9447496989433539, 2.8339337739545822, 1.9976286292501857, 2.04603415410746, 0.0]"
weighted_balanced,261401,1,35.087988726868886,1.7440225462622188,0.0,"[5.82154924827136, 2.6488702320226225, 2.0280736181315127, 0.8833528233058497, 1.6454470797339038, 3.901518966732148, 4.706869630755694, 2.243209558912349, 3.386751312747866, 0.9447496989433539, 2.8339337739545822, 1.9976286292501857, 2.04603415410746, 0.0]"
weighted_balanced,261401,2,35.08798873091884,1.7440225381623016,0.0,"[5.82154924827136, 2.6488702320226225, 2.0280736181315127, 0.8833528273558023, 1.6454470797339038, 3.901518966732148, 4.706869630755694, 2.243209558912349, 3.386751312747866, 0.9447496989433539, 2.8339337739545822, 1.9976286292501857, 2.04603415410746, 0.0]"
weighted_balanced,261401,3,35.08798873498915,1.7440225300216703,0.0,"[5.82154924827136, 2.6488702320226225, 2.0280736181315127, 0.883352831426118, 1.6454470797339038, 3.901518966732148, 4.706869630755694, 2.243209558912349, 3.386751312747866, 0.9447496989433539, 2.8339337739545822, 1.9976286292501857, 2.04603415410746, 0.0]"
weighted_balanced,261401,4,35.087988738702514,1.7440225225949497,0.0,"[5.82154924827136, 2.6488702320226225, 2.0280736181315127, 0.8833528351394789, 1.6454470797339038, 3.901518966732148, 4.706869630755694, 2.243209558912349, 3.386751312747866, 0.9447496989433539, 2.8339337739545822, 1.9976286292501857, 2.04603415410746, 0.0]"
weighted_balanced,261401,5,35.087988741126395,1.7440225177472009,0.0,"[5.82154924827136, 2.6488702320226225, 2.0280736181315127, 0.8833528375633538, 1.6454470797339038, 3.901518966732148, 4.706869630755694, 2.243209558912349, 3.386751312747866, 0.9447496989433539, 2.8339337739545822, 1.9976286292501857, 2.04603415410746, 0.0]"
weighted_balanced,261401,6,35.087988741620876,1.744022516758239,0.0,"[5.82154924827136, 2.6488702320226225, 2.0280736181315127, 0.8833528380578356, 1.6454470797339038, 3.901518966732148, 4.706869630755694, 2.243209558912349, 3.386751312747866, 0.9447496989433539, 2.8339337739545822, 1.9976286292501857, 2.04603415410746, 0.0]"
weighted_balanced,261401,7,35.08798874163628,1.74402251672743,0.0,"[5.82154924827136, 2.6488702320226225, 2.0280736181315127, 0.8833528380732397, 1.6454470797339038, 3.901518966732148, 4.706869630755694, 2.243209558912349, 3.386751312747866, 0.9447496989433539, 2.8339337739545822, 1.9976286292501857, 2.04603415410746, 0.0]"
weighted_balanced,261401,8,35.08798874382383,1.744022512352334,0.0,"[5.82154924827136, 2.6488702320226225, 2.0280736181315127, 0.8833528402607905, 1.6454470797339038, 3.901518966732148, 4.706869630755694, 2.243209558912349, 3.386751312747866, 0.9447496989433539, 2.8339337739545822, 1.9976286292501857, 2.04603415410746, 0.0]"
weighted_balanced,261401,9,35.087988744867765,1.7440225102644469,0.0,"[5.82154924827136, 2.6488702320226225, 2.0280736181315127, 0.8833528413047296, 1.6454470797339038, 3.901518966732148, 4.706869630755694, 2.243209558912349, 3.386751312747866, 0.9447496989433539, 2.8339337739545822, 1.9976286292501857, 2.04603415410746, 0.0]"
weighted_balanced,261401,10,35.08798874562522,1.7440225087495556,0.0,"[5.82154924827136, 2.6488702320226225, 2.0280736181315127, 0.8833528420621791, 1.6454470797339038, 3.901518966732148, 4.706869630755694, 2.243209558912349, 3.386751312747866, 0.9447496989433539, 2.8339337739545822, 1.9976286292501857, 2.04603415410746, 0.0]"
weighted_balanced,261401,11,35.0879887466738,1.7440225066523887,0.0,"[5.82154924827136, 2.6488702320226225, 2.0280736181315127, 0.8833528431107621, 1.6454470797339038, 3.901518966732148, 4.706869630755694, 2.243209558912349, 3.386751312747866, 0.9447496989433539, 2.8339337739545822, 1.9976286292501857, 2.04603415410746, 0.0]"
weighted_balanced,261401,12,35.087988748414155,1.7440225031716814,0.0,"[5.82154924827136, 2.6488702320226225, 2.0280736181315127, 0.8833528448511143, 1.6454470797339038, 3.901518966732148, 4.706869630755694, 2.243209558912349, 3.386751312747866, 0.9447496989433539, 2.8339337739545822, 1.9976286292501857, 2.04603415410746, 0.0]"
weighted_balanced,261401,13,35.08798874860948,1.7440225027810108,0.0,"[5.82154924827136, 2.6488702320226225, 2.0280736181315127, 0.8833528450464483, 1.6454470797339038, 3.901518966732148, 4.706869630755694, 2.243209558912349, 3.386751312747866, 0.9447496989433539, 2.8339337739545822, 1.9976286292501857, 2.04603415410746, 0.0]"
weighted_balanced,261401,14,35.08798874936205,1.7440225012758965,0.0,"[5.82154924827136, 2.6488702320226225, 2.0280736181315127, 0.8833528457990092, 1.6454470797339038, 3.901518966732148, 4.706869630755694, 2.243209558912349, 3.386751312747866, 0.9447496989433539, 2.8339337739545822, 1.9976286292501857, 2.04603415410746, 0.0]"
weighted_balanced,261401,15,35.08798875220762,1.7440224955847476,0.0,"[5.82154924827136, 2.6488702320226225, 2.0280736181315127, 0.8833528486445819, 1.6454470797339038, 3.901518966732148, 4.706869630755694, 2.243209558912349, 3.386751312747866, 0.9447496989433539, 2.8339337739545822, 1.9976286292501857, 2.04603415410746, 0.0]"
weighted_balanced,261401,16,35.08798875298005,1.7440224940398856,0.0,"[5.82154924827136, 2.6488702320226225, 2.0280736181315127, 0.8833528494170139, 1.6454470797339038, 3.901518966732148, 4.706869630755694, 2.243209558912349, 3.386751312747866, 0.9447496989433539, 2.8339337739545822, 1.9976286292501857, 2.04603415410746, 0.0]"
weighted_balanced,261401,17,35.087988753127824,1.7440224937443425,0.0,"[5.82154924827136, 2.6488702320226225, 2.0280736181315127, 0.8833528495647834, 1.6454470797339038, 3.901518966732148, 4.706869630755694, 2.243209558912349, 3.386751312747866, 0.9447496989433539, 2.8339337739545822, 1.9976286292501857, 2.04603415410746, 0.0]"
weighted_balanced,261401,18,35.08798875324957,1.7440224935008537,0.0,"[5.82154924827136, 2.6488702320226225, 2.0280736181315127, 0.883352849686527, 1.6454470797339038, 3.901518966732148, 4.706869630755694, 2.243209558912349, 3.386751312747866, 0.9447496989433539, 2.8339337739545822, 1.9976286292501857, 2.04603415410746, 0.0]"
weighted_balanced,261401,19,35.08798875346362,1.7440224930727517,0.0,"[5.82154924827136, 2.6488702320226225, 2.0280736181315127, 0.8833528499005824, 1.6454470797339038, 3.901518966732148, 4.706869630755694, 2.243209558912349, 3.386751312747866, 0.9447496989433539, 2.8339337739545822, 1.9976286292501857, 2.04603415410746, 0.0]"
weighted_balanced,261401,20,35.0879887544626,1.7440224910747908,0.0,"[5.82154924827136, 2.6488702320226225, 2.0280736181315127, 0.88335285089956, 1.6454470797339038, 3.901518966732148, 4.706869630755694, 2.243209558912349, 3.386751312747866, 0.9447496989433539, 2.8339337739545822, 1.9976286292501857, 2.04603415410746, 0.0]"
weighted_balanced,261401,21,35.08798875463079,1.7440224907384057,0.0,"[5.82154924827136, 2.6488702320226225, 2.0280736181315127, 0.8833528510677567, 1.6454470797339038, 3.901518966732148, 4.706869630755694, 2.243209558912349, 3.386751312747866, 0.9447496989433539, 2.8339337739545822, 1.9976286292501857, 2.04603415410746, 0.0]"
weighted_balanced,261401,22,35.087988754903016,1.7440224901939594,0.0,"[5.82154924827136, 2.6488702320226225, 2.0280736181315127, 0.8833528513399771, 1.6454470797339038, 3.901518966732148, 4.706869630755694, 2.243209558912349, 3.386751312747866, 0.9447496989433539, 2.8339337739545822, 1.9976286292501857, 2.04603415410746, 0.0]"
weighted_balanced,261401,23,35.087988756160556,1.7440224876788655,0.0,"[5.82154924827136, 2.6488702320226225, 2.0280736181315127, 0.88335285259752, 1.6454470797339038, 3.901518966732148, 4.706869630755694, 2.243209558912349, 3.386751312747866, 0.9447496989433539, 2.8339337739545822, 1.9976286292501857, 2.04603415410746, 0.0]"
weighted_balanced,261401,24,35.08798875696704,1.744022486065905,0.0,"[5.82154924827136, 2.6488702320226225, 2.0280736181315127, 0.8833528534040017, 1.6454470797339038, 3.901518966732148, 4.706869630755694, 2.243209558912349, 3.386751312747866, 0.9447496989433539, 2.8339337739545822, 1.9976286292501857, 2.04603415410746, 0.0]"
weighted_balanced,261401,25,35.087988758112914,1.7440224837741631,0.0,"[5.82154924827136, 2.6488702320226225, 2.0280736181315127, 0.8833528545498748, 1.6454470797339038, 3.901518966732148, 4.706869630755694, 2.243209558912349, 3.386751312747866, 0.9447496989433539, 2.8339337739545822, 1.9976286292501857, 2.04603415410746, 0.0]"
weighted_balanced,261401,26,35.08798876174546,1.7440224765090768,0.0,"[5.82154924827136, 2.6488702320226225, 2.0280736181315127, 0.8833528581824168, 1.6454470797339038, 3.901518966732148, 4.706869630755694, 2.243209558912349, 3.386751312747866, 0.9447496989433539, 2.8339337739545822, 1.9976286292501857, 2.04603415410746, 0.0]"
weighted_balanced,261401,27,35.08798877061997,1.7440224587600461,0.0,"[5.82154924827136, 2.6488702320226225, 2.0280736181315127, 0.8833528670569324, 1.6454470797339038, 3.901518966732148, 4.706869630755694, 2.243209558912349, 3.386751312747866, 0.9447496989433539, 2.8339337739545822, 1.9976286292501857, 2.04603415410746, 0.0]"
weighted_balanced,261401,28,35.087988770645346,1.7440224587092992,0.0,"[5.82154924827136, 2.6488702320226225, 2.0280736181315127, 0.8833528670823085, 1.6454470797339038, 3.901518966732148, 4.706869630755694, 2.243209558912349, 3.386751312747866, 0.9447496989433539, 2.8339337739545822, 1.9976286292501857, 2.04603415410746, 0.0]"
weighted_balanced,261401,29,35.087988770849904,1.7440224583001829,0.0,"[5.82154924827136, 2.6488702320226225, 2.0280736181315127, 0.8833528672868626, 1.6454470797339038, 3.901518966732148, 4.706869630755694, 2.243209558912349, 3.386751312747866, 0.9447496989433539, 2.8339337739545822, 1.9976286292501857, 2.04603415410746, 0.0]"
weighted_balanced,261401,30,35.08798877142709,1.7440224571458067,0.0,"[5.82154924827136, 2.6488702320226225, 2.0280736181315127, 0.8833528678640542, 1.6454470797339038, 3.901518966732148, 4.706869630755694, 2.243209558912349, 3.386751312747866, 0.9447496989433539, 2.8339337739545822, 1.9976286292501857, 2.04603415410746, 0.0]"
weighted_balanced,261401,31,35.087988771718024,1.7440224565639433,0.0,"[5.82154924827136, 2.6488702320226225, 2.0280736181315127, 0.8833528681549854, 1.6454470797339038, 3.901518966732148, 4.706869630755694, 2.243209558912349, 3.386751312747866, 0.9447496989433539, 2.8339337739545822, 1.9976286292501857, 2.04603415410746, 0.0]"
weighted_balanced,261401,32,35.08798877392555,1.7440224521488865,0.0,"[5.82154924827136, 2.6488702320226225, 2.0280736181315127, 0.8833528703625135, 1.6454470797339038, 3.901518966732148, 4.706869630755694, 2.243209558912349, 3.386751312747866, 0.9447496989433539, 2.8339337739545822, 1.9976286292501857, 2.04603415410746, 0.0]"
weighted_balanced,261401,33,35.08798877490997,1.7440224501800436,0.0,"[5.82154924827136, 2.6488702320226225, 2.0280736181315127, 0.8833528713469317, 1.6454470797339038, 3.901518966732148, 4.706869630755694, 2.243209558912349, 3.386751312747866, 0.9447496989433539, 2.8339337739545822, 1.9976286292501857, 2.04603415410746, 0.0]"
weighted_balanced,261401,34,35.08798877588513,1.7440224482297317,0.0,"[5.82154924827136, 2.6488702320226225, 2.0280736181315127, 0.8833528723220909, 1.6454470797339038, 3.901518966732148, 4.706869630755694, 2.243209558912349, 3.386751312747866, 0.9447496989433539, 2.8339337739545822, 1.9976286292501857, 2.04603415410746, 0.0]"
weighted_balanced,261401,35,35.08798877679512,1.7440224464097334,0.0,"[5.82154924827136, 2.6488702320226225, 2.0280736181315127, 0.8833528732320862, 1.6454470797339038, 3.901518966732148, 4.706869630755694, 2.243209558912349, 3.386751312747866, 0.9447496989433539, 2.8339337739545822, 1.9976286292501857, 2.04603415410746, 0.0]"
weighted_balanced,261401,36,35.08798877834865,1.7440224433026863,0.0,"[5.82154924827136, 2.6488702320226225, 2.0280736181315127, 0.8833528747856163, 1.6454470797339038, 3.901518966732148, 4.706869630755694, 2.243209558912349, 3.386751312747866, 0.9447496989433539, 2.8339337739545822, 1.9976286292501857, 2.04603415410746, 0.0]"
weighted_balanced,261401,37,35.08798878167575,1.7440224366484962,0.0,"[5.82154924827136, 2.6488702320226225, 2.0280736181315127, 0.883352878112706, 1.6454470797339038, 3.901518966732148, 4.706869630755694, 2.243209558912349, 3.386751312747866, 0.9447496989433539, 2.8339337739545822, 1.9976286292501857, 2.04603415410746, 0.0]"
weighted_balanced,261401,38,35.08798878209156,1.744022435816877,0.0,"[5.82154924827136, 2.6488702320226225, 2.0280736181315127, 0.8833528785285168, 1.6454470797339038, 3.901518966732148, 4.706869630755694, 2.243209558912349, 3.386751312747866, 0.9447496989433539, 2.8339337739545822, 1.9976286292501857, 2.04603415410746, 0.0]"
weighted_balanced,261401,39,35.08798878214355,1.744022435712882,0.0,"[5.82154924827136, 2.6488702320226225, 2.0280736181315127, 0.8833528785805124, 1.6454470797339038, 3.901518966732148, 4.706869630755694, 2.243209558912349, 3.386751312747866, 0.9447496989433539, 2.8339337739545822, 1.9976286292501857, 2.04603415410746, 0.0]"
weighted_balanced,261401,40,35.087988782441236,1.7440224351175182,0.0,"[5.82154924827136, 2.6488702320226225, 2.0280736181315127, 0.8833528788781968, 1.6454470797339038, 3.901518966732148, 4.706869630755694, 2.243209558912349, 3.386751312747866, 0.9447496989433539, 2.8339337739545822, 1.9976286292501857, 2.04603415410746, 0.0]"
weighted_balanced,261401,41,35.087988782604604,1.7440224347907822,0.0,"[5.82154924827136, 2.6488702320226225, 2.0280736181315127, 0.883352879041564, 1.6454470797339038, 3.901518966732148, 4.706869630755694, 2.243209558912349, 3.386751312747866, 0.9447496989433539, 2.8339337739545822, 1.9976286292501857, 2.04603415410746, 0.0]"
weighted_balanced,261401,42,35.08798878365394,1.7440224326920948,0.0,"[5.82154924827136, 2.6488702320226225, 2.0280736181315127, 0.8833528800909062, 1.6454470797339038, 3.901518966732148, 4.706869630755694, 2.243209558912349, 3.386751312747866, 0.9447496989433539, 2.8339337739545822, 1.9976286292501857, 2.04603415410746, 0.0]"
weighted_balanced,261402,0,35.09269323202765,1.7383067679723432,0.0,"[3.6918822376927, 5.027682464965348, 0.39627542106847646, 2.1546394406853917, 4.149058763949187, 2.345994987252812, 2.6317983450830043, 4.221108787933528, 3.0348180131193927, 0.19404284296253377, 4.404355976775463, 1.0033298240308386, 1.837706126508977, 0.0]"
weighted_balanced,261403,0,35.08877729777073,1.7424454044585467,0.0,"[4.953047542418992, 3.390683976276201, 3.2717703927190107, 5.0633494623625275, 0.01500562194217177, 4.930652516796932, 3.540195066047265, 1.164248575233199, 1.7111867322647254, 5.1372355277042985, 0.22899433649720904, 1.2508090240898255, 0.4315985234183777, 0.0]"
weighted_balanced,261404,0,35.0772922224715,1.7654155550569932,0.0,"[2.8755863391044016, 2.271432142125551, 3.6413614449360177, 2.4269984172052865, 3.0855891187943074, 2.9034842747378242, 5.006200022254384, 3.345904169724685, 2.7766072702548423, 1.003749607102103, 3.7139093555438585, 0.5506707465481777, 1.475799314140065, 0.0]"
weighted_balanced,261405,0,35.088999992193166,1.742000015613666,0.0,"[3.0557583409542204, 1.1293171405415419, 5.211511964246448, 2.591083102373162, 2.55356351499554, 2.9097853428760416, 4.822465798298843, 3.3077146600995797, 3.816185969684289, 1.208993731668982, 0.9198334996743188, 1.528349786183547, 2.0344371405966495, 0.0]"
weighted_balanced,261405,1,35.088999992225965,1.7420000155480686,0.0,"[3.0557583409542204, 1.1293171405415419, 5.211511964246448, 2.591083102373162, 2.55356351499554, 2.9097853428760416, 4.822465798298843, 3.3077146600995797, 3.816185969684289, 1.2089937317017798, 0.9198334996743188, 1.528349786183547, 2.0344371405966495, 0.0]"
weighted_balanced,261405,2,35.08899999228446,1.7420000154310706,0.0,"[3.0557583409542204, 1.1293171405415419, 5.211511964246448, 2.591083102373162, 2.55356351499554, 2.9097853428760416, 4.822465798298843, 3.3077146600995797, 3.816185969684289, 1.2089937317602792, 0.9198334996743188, 1.528349786183547, 2.0344371405966495, 0.0]"
weighted_balanced,261405,3,35.08899999231775,1.7420000153644786,0.0,"[3.0557583409542204, 1.1293171405415419, 5.211511964246448, 2.591083102373162, 2.55356351499554, 2.9097853428760416, 4.822465798298843, 3.3077146600995797, 3.816185969684289, 1.2089937317935717, 0.9198334996743188, 1.528349786183547, 2.0344371405966495, 0.0]"
weighted_balanced,261405,4,35.0889999929906,1.7420000140187817,0.0,"[3.0557583409542204, 1.1293171405415419, 5.211511964246448, 2.591083102373162, 2.55356351499554, 2.9097853428760416, 4.822465798298843, 3.3077146600995797, 3.816185969684289, 1.2089937324664208, 0.9198334996743188, 1.528349786183547, 2.0344371405966495, 0.0]"
weighted_balanced,261405,5,35.08899999310653,1.7420000137869174,0.0,"[3.0557583409542204, 1.1293171405415419, 5.211511964246448, 2.591083102373162, 2.55356351499554, 2.9097853428760416, 4.822465798298843, 3.3077146600995797, 3.816185969684289, 1.2089937325823532, 0.9198334996743188, 1.528349786183547, 2.0344371405966495, 0.0]"
weighted_balanced,261405,6,35.08899999321239,1.7420000135752183,0.0,"[3.0557583409542204, 1.1293171405415419, 5.211511964246448, 2.591083102373162, 2.55356351499554, 2.9097853428760416, 4.822465798298843, 3.3077146600995797, 3.816185969684289, 1.2089937326882083, 0.9198334996743188, 1.528349786183547, 2.0344371405966495, 0.0]"
weighted_balanced,261405,7,35.088999993422334,1.742000013155316,0.0,"[3.0557583409542204, 1.1293171405415419, 5.211511964246448, 2.591083102373162, 2.55356351499554, 2.9097853428760416, 4.822465798298843, 3.3077146600995797, 3.816185969684289, 1.208993732898157, 0.9198334996743188, 1.528349786183547, 2.0344371405966495, 0.0]"
weighted_balanced,261405,8,35.08899999353044,1.7420000129390978,0.0,"[3.0557583409542204, 1.1293171405415419, 5.211511964246448, 2.591083102373162, 2.55356351499554, 2.9097853428760416, 4.822465798298843, 3.3077146600995797, 3.816185969684289, 1.2089937330062637, 0.9198334996743188, 1.528349786183547, 2.0344371405966495, 0.0]"
weighted_balanced,261405,9,35.08899999389078,1.7420000122184227,0.0,"[3.0557583409542204, 1.1293171405415419, 5.211511964246448, 2.591083102373162, 2.55356351499554, 2.9097853428760416, 4.822465798298843, 3.3077146600995797, 3.816185969684289, 1.2089937333665994, 0.9198334996743188, 1.528349786183547, 2.0344371405966495, 0.0]"
weighted_balanced,261405,10,35.088999993925725,1.7420000121485337,0.0,"[3.0557583409542204, 1.1293171405415419, 5.211511964246448, 2.591083102373162, 2.55356351499554, 2.9097853428760416, 4.822465798298843, 3.3077146600995797, 3.816185969684289, 1.2089937334015493, 0.9198334996743188, 1.528349786183547, 2.0344371405966495, 0.0]"
weighted_balanced,261405,11,35.088999993985865,1.7420000120282673,0.0,"[3.0557583409542204, 1.1293171405415419, 5.211511964246448, 2.591083102373162, 2.55356351499554, 2.9097853428760416, 4.822465798298843, 3.3077146600995797, 3.816185969684289, 1.208993733461681, 0.9198334996743188, 1.528349786183547, 2.0344371405966495, 0.0]"
weighted_balanced,261405,12,35.088999994163785,1.7420000116724133,0.0,"[3.0557583409542204, 1.1293171405415419, 5.211511964246448, 2.591083102373162, 2.55356351499554, 2.9097853428760416, 4.822465798298843, 3.3077146600995797, 3.816185969684289, 1.20899373363961, 0.9198334996743188, 1.528349786183547, 2.0344371405966495, 0.0]"
weighted_balanced,261405,13,35.08899999418931,1.742000011621382,0.0,"[3.0557583409542204, 1.1293171405415419, 5.211511964246448, 2.591083102373162, 2.55356351499554, 2.9097853428760416, 4.822465798298843, 3.3077146600995797, 3.816185969684289, 1.208993733665124, 0.9198334996743188, 1.528349786183547, 2.0344371405966495, 0.0]"
weighted_balanced,261405,14,35.088999994227684,1.742000011544615,0.0,"[3.0557583409542204, 1.1293171405415419, 5.211511964246448, 2.591083102373162, 2.55356351499554, 2.9097853428760416, 4.822465798298843, 3.3077146600995797, 3.816185969684289, 1.208993733703506, 0.9198334996743188, 1.528349786183547, 2.0344371405966495, 0.0]"
weighted_balanced,261405,15,35.088999994261634,1.7420000114767156,0.0,"[3.0557583409542204, 1.1293171405415419, 5.211511964246448, 2.591083102373162, 2.55356351499554, 2.9097853428760416, 4.822465798298843, 3.3077146600995797, 3.816185969684289, 1.2089937337374537, 0.9198334996743188, 1.528349786183547, 2.0344371405966495, 0.0]"
weighted_balanced,261405,16,35.08899999570767,1.7420000085846503,0.0,"[3.0557583409542204, 1.1293171405415419, 5.211511964246448, 2.591083102373162, 2.55356351499554, 2.9097853428760416, 4.822465798298843, 3.3077146600995797, 3.816185969684289, 1.20899373518349, 0.9198334996743188, 1.528349786183547, 2.0344371405966495, 0.0]"
weighted_balanced,261405,17,35.088999995843956,1.742000008312072,0.0,"[3.0557583409542204, 1.1293171405415419, 5.211511964246448, 2.591083102373162, 2.55356351499554, 2.9097853428760416, 4.822465798298843, 3.3077146600995797, 3.816185969684289, 1.2089937353197764, 0.9198334996743188, 1.528349786183547, 2.0344371405966495, 0.0]"
weighted_balanced,261405,18,35.0889999960997,1.7420000078005806,0.0,"[3.0557583409542204, 1.1293171405415419, 5.211511964246448, 2.591083102373162, 2.55356351499554, 2.9097853428760416, 4.822465798298843, 3.3077146600995797, 3.816185969684289, 1.208993735575525, 0.9198334996743188, 1.528349786183547, 2.0344371405966495, 0.0]"
weighted_balanced,261405,19,35.08899999635274,1.7420000072945179,0.0,"[3.0557583409542204, 1.1293171405415419, 5.211511964246448, 2.591083102373162, 2.55356351499554, 2.9097853428760416, 4.822465798298843, 3.3077146600995797, 3.816185969684289, 1.2089937358285567, 0.9198334996743188, 1.528349786183547, 2.0344371405966495, 0.0]"
weighted_balanced,261405,20,35.0889999965104,1.742000006979179,0.0,"[3.0557583409542204, 1.1293171405415419, 5.211511964246448, 2.591083102373162, 2.55356351499554, 2.9097853428760416, 4.822465798298843, 3.3077146600995797, 3.816185969684289, 1.2089937359862226, 0.9198334996743188, 1.528349786183547, 2.0344371405966495, 0.0]"
weighted_balanced,261405,21,35.08899999674365,1.7420000065126793,0.0,"[3.0557583409542204, 1.1293171405415419, 5.211511964246448, 2.591083102373162, 2.55356351499554, 2.9097853428760416, 4.822465798298843, 3.3077146600995797, 3.816185969684289, 1.2089937362194774, 0.9198334996743188, 1.528349786183547, 2.0344371405966495, 0.0]"
weighted_balanced,261405,22,35.08899999680356,1.7420000063928676,0.0,"[3.0557583409542204, 1.1293171405415419, 5.211511964246448, 2.591083102373162, 2.55356351499554, 2.9097853428760416, 4.822465798298843, 3.3077146600995797, 3.816185969684289, 1.2089937362793781, 0.9198334996743188, 1.528349786183547, 2.0344371405966495, 0.0]"
weighted_balanced,261405,23,35.088999997086695,1.7420000058265934,0.0,"[3.0557583409542204, 1.1293171405415419, 5.211511964246448, 2.591083102373162, 2.55356351499554, 2.9097853428760416, 4.822465798298843, 3.3077146600995797, 3.816185969684289, 1.2089937365625165, 0.9198334996743188, 1.528349786183547, 2.0344371405966495, 0.0]"
weighted_balanced,261405,24,35.08899999810605,1.74200000378789,0.0,"[3.0557583409542204, 1.1293171405415419, 5.211511964246448, 2.591083102373162, 2.55356351499554, 2.9097853428760416, 4.822465798298843, 3.3077146600995797, 3.816185969684289, 1.20899373758187, 0.9198334996743188, 1.528349786183547, 2.0344371405966495, 0.0]"
weighted_balanced,261405,25,35.08899999830427,1.7420000033914498,0.0,"[3.0557583409542204, 1.1293171405415419, 5.211511964246448, 2.591083102373162, 2.55356351499554, 2.9097853428760416, 4.822465798298843, 3.3077146600995797, 3.816185969684289, 1.2089937377800861, 0.9198334996743188, 1.528349786183547, 2.0344371405966495, 0.0]"
weighted_balanced,261405,26,35.088999998696586,1.7420000026068259,0.0,"[3.0557583409542204, 1.1293171405415419, 5.211511964246448, 2.591083102373162, 2.55356351499554, 2.9097853428760416, 4.822465798298843, 3.3077146600995797, 3.816185969684289, 1.2089937381724045, 0.9198334996743188, 1.528349786183547, 2.0344371405966495, 0.0]"
weighted_balanced,261405,27,35.08899999905228,1.7420000018954305,0.0,"[3.0557583409542204, 1.1293171405415419, 5.211511964246448, 2.591083102373162, 2.55356351499554, 2.9097853428760416, 4.822465798298843, 3.3077146600995797, 3.816185969684289, 1.208993738528098, 0.9198334996743188, 1.528349786183547, 2.0344371405966495, 0.0]"
weighted_balanced,261405,28,35.08899999919357,1.7420000016128476,0.0,"[3.0557583409542204, 1.1293171405415419, 5.211511964246448, 2.591083102373162, 2.55356351499554, 2.9097853428760416, 4.822465798298843, 3.3077146600995797, 3.816185969684289, 1.2089937386693888, 0.9198334996743188, 1.528349786183547, 2.0344371405966495, 0.0]"
weighted_balanced,261405,29,35.08899999921938,1.7420000015612338,0.0,"[3.0557583409542204, 1.1293171405415419, 5.211511964246448, 2.591083102373162, 2.55356351499554, 2.9097853428760416, 4.822465798298843, 3.3077146600995797, 3.816185969684289, 1.2089937386951988, 0.9198334996743188, 1.528349786183547, 2.0344371405966495, 0.0]"
weighted_balanced,261405,30,35.08899999943661,1.7420000011267796,0.0,"[3.0557583409542204, 1.1293171405415419, 5.211511964246448, 2.591083102373162, 2.55356351499554, 2.9097853428760416, 4.822465798298843, 3.3077146600995797, 3.816185969684289, 1.2089937389124248, 0.9198334996743188, 1.528349786183547, 2.0344371405966495, 0.0]"
weighted_balanced,261405,31,35.089000000537254,1.7419999994627382,0.0,"[3.0557583409542204, 1.1293171405415419, 5.211511964246448, 2.591083102373162, 2.55356351499554, 2.9097853428760416, 4.822465798298843, 3.3077146600995797, 3.816185969684289, 1.208993740013073, 0.9198334996743188, 1.528349786183547, 2.0344371405966495, 0.0]"
weighted_balanced,261405,32,35.08900000092556,1.7419999990744337,0.0,"[3.0557583409542204, 1.1293171405415419, 5.211511964246448, 2.591083102373162, 2.55356351499554, 2.9097853428760416, 4.822465798298843, 3.3077146600995797, 3.816185969684289, 1.2089937404013806, 0.9198334996743188, 1.528349786183547, 2.0344371405966495, 0.0]"
weighted_balanced,261405,33,35.089000000960354,1.7419999990396384,0.0,"[3.0557583409542204, 1.1293171405415419, 5.211511964246448, 2.591083102373162, 2.55356351499554, 2.9097853428760416, 4.822465798298843, 3.3077146600995797, 3.816185969684289, 1.2089937404361726, 0.9198334996743188, 1.528349786183547, 2.0344371405966495, 0.0]"
weighted_balanced,261405,34,35.08900000269374,1.7419999973062552,0.0,"[3.0557583409542204, 1.1293171405415419, 5.211511964246448, 2.591083102373162, 2.55356351499554, 2.9097853428760416, 4.822465798298843, 3.3077146600995797, 3.816185969684289, 1.208993742169559, 0.9198334996743188, 1.528349786183547, 2.0344371405966495, 0.0]"
weighted_balanced,261405,35,35.08900000341513,1.7419999965848625,0.0,"[3.0557583409542204, 1.1293171405415419, 5.211511964246448, 2.591083102373162, 2.55356351499554, 2.9097853428760416, 4.822465798298843, 3.3077146600995797, 3.816185969684289, 1.2089937428909505, 0.9198334996743188, 1.528349786183547, 2.0344371405966495, 0.0]"
weighted_balanced,261405,36,35.0890000044038,1.741999995596192,0.0,"[3.0557583409542204, 1.1293171405415419, 5.211511964246448, 2.591083102373162, 2.55356351499554, 2.9097853428760416, 4.822465798298843, 3.3077146600995797, 3.816185969684289, 1.2089937438796257, 0.9198334996743188, 1.528349786183547, 2.0344371405966495, 0.0]"
weighted_balanced,261405,37,35.089000004504136,1.7419999954958563,0.0,"[3.0557583409542204, 1.1293171405415419, 5.211511964246448, 2.591083102373162, 2.55356351499554, 2.9097853428760416, 4.822465798298843, 3.3077146600995797, 3.816185969684289, 1.2089937439799563, 0.9198334996743188, 1.528349786183547, 2.0344371405966495, 0.0]"
weighted_balanced,261406,0,35.08354156494951,1.7529168701009787,0.0,"[1.097230464606371, 7.480247795812821, 2.6167182244234644, 3.4139353156752494, 1.6361991843960013, 3.085910465535863, 0.6536622834746958, 2.3613723399955955, 7.886123383830826, 0.7906646144382941, 1.070762380851925, 1.20475454032582, 1.78596057158258, 0.0]"
weighted_balanced,261407,0,35.08899998639072,1.7420000272185625,0.0,"[3.800653304687457, 3.7842409716971055, 2.0628425483754165, 3.6295422301621065, 1.3340818516188215, 4.458591936553022, 5.566263139145495, 3.181215874568345, 1.4607240315371264, 2.879202585938563, 1.490821161566247, 0.7919471412505174, 0.6488732092904945, 0.0]"
weighted_balanced,261407,1,35.088999986917,1.7420000261659787,0.0,"[3.800653304687457, 3.7842409716971055, 2.0628425483754165, 3.6295422301621065, 1.3340818516188215, 4.458591936553022, 5.566263139145495, 3.181215874568345, 1.4607240315371264, 2.8792025864648525, 1.490821161566247, 0.7919471412505174, 0.6488732092904945, 0.0]"
weighted_balanced,261407,2,35.08899998782248,1.7420000243550184,0.0,"[3.800653304687457, 3.7842409716971055, 2.0628425483754165, 3.6295422301621065, 1.3340818516188215, 4.458591936553022, 5.566263139145495, 3.181215874568345, 1.4607240315371264, 2.879202587370331, 1.490821161566247, 0.7919471412505174, 0.6488732092904945, 0.0]"
weighted_balanced,261407,3,35.08899998903,1.7420000219399832,0.0,"[3.800653304687457, 3.7842409716971055, 2.0628425483754165, 3.6295422301621065, 1.3340818516188215, 4.458591936553022, 5.566263139145495, 3.181215874568345, 1.4607240315371264, 2.8792025885778476, 1.490821161566247, 0.7919471412505174, 0.6488732092904945, 0.0]"
weighted_balanced,261407,4,35.088999991636705,1.7420000167265748,0.0,"[3.800653304687457, 3.7842409716971055, 2.0628425483754165, 3.6295422301621065, 1.3340818516188215, 4.458591936553022, 5.566263139145495, 3.181215874568345, 1.4607240315371264, 2.87920259118455, 1.490821161566247, 0.7919471412505174, 0.6488732092904945, 0.0]"
weighted_balanced,261407,5,35.08899999261335,1.7420000147732928,0.0,"[3.800653304687457, 3.7842409716971055, 2.0628425483754165, 3.6295422301621065, 1.3340818516188215, 4.458591936553022, 5.566263139145495, 3.181215874568345, 1.4607240315371264, 2.8792025921611977, 1.490821161566247, 0.7919471412505174, 0.6488732092904945, 0.0]"
weighted_balanced,261407,6,35.0889999940943,1.7420000118113954,0.0,"[3.800653304687457, 3.7842409716971055, 2.0628425483754165, 3.6295422301621065, 1.3340818516188215, 4.458591936553022, 5.566263139145495, 3.181215874568345, 1.4607240315371264, 2.8792025936421446, 1.490821161566247, 0.7919471412505174, 0.6488732092904945, 0.0]"
weighted_balanced,261407,7,35.08899999529514,1.7420000094097041,0.0,"[3.800653304687457, 3.7842409716971055, 2.0628425483754165, 3.6295422301621065, 1.3340818516188215, 4.458591936553022, 5.566263139145495, 3.181215874568345, 1.4607240315371264, 2.879202594842989, 1.490821161566247, 0.7919471412505174, 0.6488732092904945, 0.0]"
weighted_balanced,261407,8,35.08899999586631,1.7420000082673646,0.0,"[3.800653304687457, 3.7842409716971055, 2.0628425483754165, 3.6295422301621065, 1.3340818516188215, 4.458591936553022, 5.566263139145495, 3.181215874568345, 1.4607240315371264, 2.879202595414156, 1.490821161566247, 0.7919471412505174, 0.6488732092904945, 0.0]"
weighted_balanced,261407,9,35.08899999785219,1.7420000042956012,0.0,"[3.800653304687457, 3.7842409716971055, 2.0628425483754165, 3.6295422301621065, 1.3340818516188215, 4.458591936553022, 5.566263139145495, 3.181215874568345, 1.4607240315371264, 2.879202597400038, 1.490821161566247, 0.7919471412505174, 0.6488732092904945, 0.0]"
weighted_balanced,261407,10,35.08899999799819,1.7420000040036108,0.0,"[3.800653304687457, 3.7842409716971055, 2.0628425483754165, 3.6295422301621065, 1.3340818516188215, 4.458591936553022, 5.566263139145495, 3.181215874568345, 1.4607240315371264, 2.879202597546036, 1.490821161566247, 0.7919471412505174, 0.6488732092904945, 0.0]"
weighted_balanced,261407,11,35.08899999809003,1.7420000038199213,0.0,"[3.800653304687457, 3.7842409716971055, 2.0628425483754165, 3.6295422301621065, 1.3340818516188215, 4.458591936553022, 5.566263139145495, 3.181215874568345, 1.4607240315371264, 2.8792025976378777, 1.490821161566247, 0.7919471412505174, 0.6488732092904945, 0.0]"
weighted_balanced,261407,12,35.08899999809926,1.7420000038014756,0.0,"[3.800653304687457, 3.7842409716971055, 2.0628425483754165, 3.6295422301621065, 1.3340818516188215, 4.458591936553022, 5.566263139145495, 3.181215874568345, 1.4607240315371264, 2.8792025976471063, 1.490821161566247, 0.7919471412505174, 0.6488732092904945, 0.0]"
weighted_balanced,261407,13,35.08899999811488,1.7420000037702401,0.0,"[3.800653304687457, 3.7842409716971055, 2.0628425483754165, 3.6295422301621065, 1.3340818516188215, 4.458591936553022, 5.566263139145495, 3.181215874568345, 1.4607240315371264, 2.8792025976627227, 1.490821161566247, 0.7919471412505174, 0.6488732092904945, 0.0]"
weighted_balanced,261407,14,35.08899999832474,1.7420000033505083,0.0,"[3.800653304687457, 3.7842409716971055, 2.0628425483754165, 3.6295422301621065, 1.3340818516188215, 4.458591936553022, 5.566263139145495, 3.181215874568345, 1.4607240315371264, 2.8792025978725833, 1.490821161566247, 0.7919471412505174, 0.6488732092904945, 0.0]"
weighted_balanced,261407,15,35.0889999983453,1.7420000033093963,0.0,"[3.800653304687457, 3.7842409716971055, 2.0628425483754165, 3.6295422301621065, 1.3340818516188215, 4.458591936553022, 5.566263139145495, 3.181215874568345, 1.4607240315371264, 2.879202597893146, 1.490821161566247, 0.7919471412505174, 0.6488732092904945, 0.0]"
weighted_balanced,261407,16,35.08899999863487,1.7420000027302471,0.0,"[3.800653304687457, 3.7842409716971055, 2.0628425483754165, 3.6295422301621065, 1.3340818516188215, 4.458591936553022, 5.566263139145495, 3.181215874568345, 1.4607240315371264, 2.8792025981827156, 1.490821161566247, 0.7919471412505174, 0.6488732092904945, 0.0]"
weighted_balanced,261407,17,35.088999998754744,1.7420000024904958,0.0,"[3.800653304687457, 3.7842409716971055, 2.0628425483754165, 3.6295422301621065, 1.3340818516188215, 4.458591936553022, 5.566263139145495, 3.181215874568345, 1.4607240315371264, 2.879202598302592, 1.490821161566247, 0.7919471412505174, 0.6488732092904945, 0.0]"
weighted_balanced,261407,18,35.088999998904086,1.7420000021918263,0.0,"[3.800653304687457, 3.7842409716971055, 2.0628425483754165, 3.6295422301621065, 1.3340818516188215, 4.458591936553022, 5.566263139145495, 3.181215874568345, 1.4607240315371264, 2.87920259845193, 1.490821161566247, 0.7919471412505174, 0.6488732092904945, 0.0]"
weighted_balanced,261407,19,35.088999998939975,1.742000002120033,0.0,"[3.800653304687457, 3.7842409716971055, 2.0628425483754165, 3.6295422301621065, 1.3340818516188215, 4.458591936553022, 5.566263139145495, 3.181215874568345, 1.4607240315371264, 2.879202598487824, 1.490821161566247, 0.7919471412505174, 0.6488732092904945, 0.0]"
weighted_balanced,261407,20,35.0889999989987,1.7420000020025803,0.0,"[3.800653304687457, 3.7842409716971055, 2.0628425483754165, 3.6295422301621065, 1.3340818516188215, 4.458591936553022, 5.566263139145495, 3.181215874568345, 1.4607240315371264, 2.87920259854655, 1.490821161566247, 0.7919471412505174, 0.6488732092904945, 0.0]"
weighted_balanced,261407,21,35.088999999181944,1.7420000016361108,0.0,"[3.800653304687457, 3.7842409716971055, 2.0628425483754165, 3.6295422301621065, 1.3340818516188215, 4.458591936553022, 5.566263139145495, 3.181215874568345, 1.4607240315371264, 2.879202598729788, 1.490821161566247, 0.7919471412505174, 0.6488732092904945, 0.0]"
weighted_balanced,261407,22,35.088999999994144,1.7420000000116964,0.0,"[3.800653304687457, 3.7842409716971055, 2.0628425483754165, 3.6295422301621065, 1.3340818516188215, 4.458591936553022, 5.566263139145495, 3.181215874568345, 1.4607240315371264, 2.879202599541989, 1.490821161566247, 0.7919471412505174, 0.6488732092904945, 0.0]"
weighted_balanced,261407,23,35.08900000004139,1.7419999999586047,0.0,"[3.800653304687457, 3.7842409716971055, 2.0628425483754165, 3.6295422301621065, 1.3340818516188215, 4.458591936553022, 5.566263139145495, 3.181215874568345, 1.4607240315371264, 2.8792025995892367, 1.490821161566247, 0.7919471412505174, 0.6488732092904945, 0.0]"
weighted_balanced,261407,24,35.08900000011257,1.7419999998874225,0.0,"[3.800653304687457, 3.7842409716971055, 2.0628425483754165, 3.6295422301621065, 1.3340818516188215, 4.458591936553022, 5.566263139145495, 3.181215874568345, 1.4607240315371264, 2.8792025996604163, 1.490821161566247, 0.7919471412505174, 0.6488732092904945, 0.0]"
weighted_balanced,261407,25,35.089000000290795,1.741999999709197,0.0,"[3.800653304687457, 3.7842409716971055, 2.0628425483754165, 3.6295422301621065, 1.3340818516188215, 4.458591936553022, 5.566263139145495, 3.181215874568345, 1.4607240315371264, 2.8792025998386412, 1.490821161566247, 0.7919471412505174, 0.6488732092904945, 0.0]"
weighted_balanced,261407,26,35.08900000039601,1.741999999603987,0.0,"[3.800653304687457, 3.7842409716971055, 2.0628425483754165, 3.6295422301621065, 1.3340818516188215, 4.458591936553022, 5.566263139145495, 3.181215874568345, 1.4607240315371264, 2.8792025999438575, 1.490821161566247, 0.7919471412505174, 0.6488732092904945, 0.0]"
weighted_balanced,261407,27,35.08900000039681,1.7419999996031912,0.0,"[3.800653304687457, 3.7842409716971055, 2.0628425483754165, 3.6295422301621065, 1.3340818516188215, 4.458591936553022, 5.566263139145495, 3.181215874568345, 1.4607240315371264, 2.8792025999446533, 1.490821161566247, 0.7919471412505174, 0.6488732092904945, 0.0]"
weighted_balanced,261407,28,35.08900000082021,1.741999999179793,0.0,"[3.800653304687457, 3.7842409716971055, 2.0628425483754165, 3.6295422301621065, 1.3340818516188215, 4.458591936553022, 5.566263139145495, 3.181215874568345, 1.4607240315371264, 2.8792026003680515, 1.490821161566247, 0.7919471412505174, 0.6488732092904945, 0.0]"
weighted_balanced,261407,29,35.08900000135732,1.7419999986426724,0.0,"[3.800653304687457, 3.7842409716971055, 2.0628425483754165, 3.6295422301621065, 1.3340818516188215, 4.458591936553022, 5.566263139145495, 3.181215874568345, 1.4607240315371264, 2.879202600905167, 1.490821161566247, 0.7919471412505174, 0.6488732092904945, 0.0]"
weighted_balanced,261407,30,35.08900000162915,1.74199999837084,0.0,"[3.800653304687457, 3.7842409716971055, 2.0628425483754165, 3.6295422301621065, 1.3340818516188215, 4.458591936553022, 5.566263139145495, 3.181215874568345, 1.4607240315371264, 2.8792026011770018, 1.490821161566247, 0.7919471412505174, 0.6488732092904945, 0.0]"
weighted_balanced,261407,31,35.089000001652224,1.7419999983477759,0.0,"[3.800653304687457, 3.7842409716971055, 2.0628425483754165, 3.6295422301621065, 1.3340818516188215, 4.458591936553022, 5.566263139145495, 3.181215874568345, 1.4607240315371264, 2.8792026012000673, 1.490821161566247, 0.7919471412505174, 0.6488732092904945, 0.0]"
weighted_balanced,261407,32,35.08900000165995,1.7419999983400523,0.0,"[3.800653304687457, 3.7842409716971055, 2.0628425483754165, 3.6295422301621065, 1.3340818516188215, 4.458591936553022, 5.566263139145495, 3.181215874568345, 1.4607240315371264, 2.8792026012077923, 1.490821161566247, 0.7919471412505174, 0.6488732092904945, 0.0]"
weighted_balanced,261407,33,35.08900000166557,1.7419999983344319,0.0,"[3.800653304687457, 3.7842409716971055, 2.0628425483754165, 3.6295422301621065, 1.3340818516188215, 4.458591936553022, 5.566263139145495, 3.181215874568345, 1.4607240315371264, 2.8792026012134118, 1.490821161566247, 0.7919471412505174, 0.6488732092904945, 0.0]"
weighted_balanced,261407,34,35.0890000020759,1.7419999979241005,0.0,"[3.800653304687457, 3.7842409716971055, 2.0628425483754165, 3.6295422301621065, 1.3340818516188215, 4.458591936553022, 5.566263139145495, 3.181215874568345, 1.4607240315371264, 2.879202601623743, 1.490821161566247, 0.7919471412505174, 0.6488732092904945, 0.0]"
weighted_balanced,261407,35,35.089000002748186,1.7419999972518063,0.0,"[3.800653304687457, 3.7842409716971055, 2.0628425483754165, 3.6295422301621065, 1.3340818516188215, 4.458591936553022, 5.566263139145495, 3.181215874568345, 1.4607240315371264, 2.879202602296033, 1.490821161566247, 0.7919471412505174, 0.6488732092904945, 0.0]"
weighted_balanced,261407,36,35.08900000588208,1.741999994117922,0.0,"[3.800653304687457, 3.7842409716971055, 2.0628425483754165, 3.6295422301621065, 1.3340818516188215, 4.458591936553022, 5.566263139145495, 3.181215874568345, 1.4607240315371264, 2.8792026054299207, 1.490821161566247, 0.7919471412505174, 0.6488732092904945, 0.0]"
weighted_balanced,261407,37,35.08900000612796,1.7419999938720316,0.0,"[3.800653304687457, 3.7842409716971055, 2.0628425483754165, 3.6295422301621065, 1.3340818516188215, 4.458591936553022, 5.566263139145495, 3.181215874568345, 1.4607240315371264, 2.8792026056758093, 1.490821161566247, 0.7919471412505174, 0.6488732092904945, 0.0]"
weighted_balanced,261408,0,35.08649398007665,1.7470120398467053,0.0,"[4.060252305642189, 3.9456661416373073, 0.24623552650092553, 3.8681463132696807, 2.404448311323141, 3.768648543271945, 4.874786742757888, 1.5161564103965537, 2.327229610208175, 1.7730030056860604, 1.557639748435554, 4.378343351533552, 0.36593796941367873, 0.0]"
weighted_balanced,261408,1,35.089414730885224,1.7415852691147684,0.0,"[4.060252305642189, 3.9456661416373073, 0.376767106400509, 3.8681463132696807, 2.276837482232133, 3.768648543271945, 4.874786742757888, 1.5161564103965537, 2.327229610208175, 1.7730030056860604, 1.557639748435554, 4.378343351533552, 0.36593796941367873, 0.0]"
weighted_balanced,261409,0,35.088999746226115,1.742000507547754,0.0,"[7.4507425840697845, 4.413035953676204, 1.2040892412737225, 1.1639471649180446, 1.6860534458137622, 2.8758071278774247, 2.899441700453464, 3.332459359301055, 2.4890662775604837, 0.31630845327606455, 3.678761233282207, 1.9485963404307887, 1.6306908642931128, 0.0]"
weighted_balanced,261409,1,35.088999899855885,1.7420002002882065,0.0,"[7.4507425840697845, 4.413035953676204, 1.2040892412737225, 1.1639471649180446, 1.6860534458137622, 2.8758071278774247, 2.899441823443331, 3.332459359301055, 2.4890662775604837, 0.31630845327606455, 3.678761233282207, 1.9485963404307887, 1.6306908949330166, 0.0]"
weighted_balanced,261409,2,35.08900013539599,1.7419998646039936,0.0,"[7.4507425840697845, 4.413035953676204, 1.2040892412737225, 1.1639471649180446, 1.6860534458137622, 2.8758071278774247, 2.8994424747320404, 3.332459359301055, 2.4890662775604837, 0.31630845327606455, 3.678761233282207, 1.9485963404307887, 1.6306904791844186, 0.0]"
weighted_balanced,261409,3,35.08899967589807,1.7420006482038524,0.0,"[7.4507425840697845, 4.413035953676204, 1.2040892412737225, 1.1639471649180446, 1.6860534458137622, 2.8758071278774247, 2.8994424780067938, 3.332459359301055, 2.4890662775604837, 0.31630845327606455, 3.678761233282207, 1.9485963404307887, 1.6306900164117375, 0.0]"
weighted_balanced,261409,4,35.089000095404245,1.741999904595751,0.0,"[7.4507425840697845, 4.413035953676204, 1.2040892412737225, 1.1639471649180446, 1.6860534458137622, 2.8758071278774247, 2.899442916429219, 3.332459359301055, 2.4890662775604837, 0.31630845327606455, 3.678761233282207, 1.9485963404307887, 1.630689997495486, 0.0]"
weighted_balanced,261409,5,35.08900023197962,1.7419997680203743,0.0,"[7.4507425840697845, 4.413035953676204, 1.2040892412737225, 1.1639471649180446, 1.6860534458137622, 2.8758071278774247, 2.8994430166791467, 3.332459359301055, 2.4890662775604837, 0.31630845327606455, 3.678761233282207, 1.9485963404307887, 1.6306900338209351, 0.0]"
weighted_balanced,261409,6,35.089000398228784,1.7419996017712052,0.0,"[7.4507425840697845, 4.413035953676204, 1.2040892412737225, 1.1639471649180446, 1.6860534458137622, 2.8758071278774247, 2.899443117861088, 3.332459359301055, 2.4890662775604837, 0.31630845327606455, 3.678761233282207, 1.9485963404307887, 1.63069009888816, 0.0]"
weighted_balanced,261409,7,35.0890003481134,1.7419996518865943,0.0,"[7.4507425840697845, 4.413035953676204, 1.2040892412737225, 1.1639471649180446, 1.6860534458137622, 2.8758071278774247, 2.899450462480313, 3.332459359301055, 2.4890662775604837, 0.31630845327606455, 3.678761233282207, 1.9485963404307887, 1.6306827041535503, 0.0]"
weighted_balanced,261409,8,35.08899979746761,1.7420004050647755,0.0,"[7.4507425840697845, 4.413035953676204, 1.2040892412737225, 1.1639471649180446, 1.6860534458137622, 2.8758071278774247, 2.899453068271747, 3.332459359301055, 2.4890662775604837, 0.31630845327606455, 3.678761233282207, 1.9485963404307887, 1.6306795477163198, 0.0]"
weighted_balanced,261409,9,35.08899960949532,1.7420007810093558,0.0,"[7.4507425840697845, 4.413035953676204, 1.2040892412737225, 1.1639471649180446, 1.6860534458137622, 2.8758071278774247, 2.89945336391911, 3.332459359301055, 2.4890662775604837, 0.31630845327606455, 3.678761233282207, 1.9485963404307887, 1.630679064096667, 0.0]"
weighted_balanced,261409,10,35.08899935065112,1.7420012986977405,0.0,"[7.4507425840697845, 4.413035953676204, 1.2040892412737225, 1.1639471649180446, 1.6860534458137622, 2.8758071278774247, 2.899453614635702, 3.332459359301055, 2.4890662775604837, 0.31630845327606455, 3.678761233282207, 1.9485963404307887, 1.6306785545358815, 0.0]"
weighted_balanced,261409,11,35.08899930295682,1.7420013940863264,0.0,"[7.4507425840697845, 4.413035953676204, 1.2040892412737225, 1.1639471649180446, 1.6860534458137622, 2.8758071278774247, 2.899454857043196, 3.332459359301055, 2.4890662775604837, 0.31630845327606455, 3.678761233282207, 1.9485963404307887, 1.630677264434093, 0.0]"
weighted_balanced,261409,12,35.08899982671953,1.742000346560932,0.0,"[7.4507425840697845, 4.413035953676204, 1.2040892412737225, 1.1639471649180446, 1.6860534458137622, 2.8758071278774247, 2.899454914567522, 3.332459359301055, 2.4890662775604837, 0.31630845327606455, 3.678761233282207, 1.9485963404307887, 1.630677730672468, 0.0]"
weighted_balanced,261409,13,35.08900005495939,1.7419999450406038,0.0,"[7.4507425840697845, 4.413035953676204, 1.2040892412737225, 1.1639471649180446, 1.6860534458137622, 2.8758071278774247, 2.8994551625739047, 3.332459359301055, 2.4890662775604837, 0.31630845327606455, 3.678761233282207, 1.9485963404307887, 1.630677710905949, 0.0]"
weighted_balanced,261409,14,35.08899944936242,1.7420011012751466,0.0,"[7.4507425840697845, 4.413035953676204, 1.2040892412737225, 1.1639471649180446, 1.6860534458137622, 2.8758071278774247, 2.899455208161011, 3.332459359301055, 2.4890662775604837, 0.31630845327606455, 3.678761233282207, 1.9485963404307887, 1.6306770597218714, 0.0]"
weighted_balanced,261409,15,35.08900017197416,1.7419998280258326,0.0,"[7.4507425840697845, 4.413035953676204, 1.2040892412737225, 1.1639471649180446, 1.6860534458137622, 2.8758071278774247, 2.8994552620935865, 3.332459359301055, 2.4890662775604837, 0.31630845327606455, 3.678761233282207, 1.9485963404307887, 1.6306777284010403, 0.0]"
weighted_balanced,261409,16,35.0890002128486,1.7419997871513857,0.0,"[7.4507425840697845, 4.413035953676204, 1.2040892412737225, 1.1639471649180446, 1.6860534458137622, 2.8758071278774247, 2.899455272848833, 3.332459359301055, 2.4890662775604837, 0.31630845327606455, 3.678761233282207, 1.9485963404307887, 1.630677758520235, 0.0]"
weighted_balanced,261409,17,35.08899957251498,1.7420008549700405,0.0,"[7.4507425840697845, 4.413035953676204, 1.2040892412737225, 1.1639471649180446, 1.6860534458137622, 2.8758071278774247, 2.8994553016756894, 3.332459359301055, 2.4890662775604837, 0.31630845327606455, 3.678761233282207, 1.9485963404307887, 1.630677089359747, 0.0]"
weighted_balanced,261409,18,35.08900035992516,1.7419996400748339,0.0,"[7.4507425840697845, 4.413035953676204, 1.2040892412737225, 1.1639471649180446, 1.6860534458137622, 2.8758071278774247, 2.8994553322028125, 3.332459359301055, 2.4890662775604837, 0.31630845327606455, 3.678761233282207, 1.9485963404307887, 1.6306778462428082, 0.0]"
weighted_balanced,261409,19,35.08900036111745,1.7419996388825503,0.0,"[7.4507425840697845, 4.413035953676204, 1.2040892412737225, 1.1639471649180446, 1.6860534458137622, 2.8758071278774247, 2.8994553333742537, 3.332459359301055, 2.4890662775604837, 0.31630845327606455, 3.678761233282207, 1.9485963404307887, 1.6306778462636562, 0.0]"
weighted_balanced,261409,20,35.08900036218729,1.7419996378127003,0.0,"[7.4507425840697845, 4.413035953676204, 1.2040892412737225, 1.1639471649180446, 1.6860534458137622, 2.8758071278774247, 2.8994553344306824, 3.332459359301055, 2.4890662775604837, 0.31630845327606455, 3.678761233282207, 1.9485963404307887, 1.6306778462770706, 0.0]"
weighted_balanced,261409,21,35.088999404681914,1.7420011906361559,0.0,"[7.4507425840697845, 4.413035953676204, 1.2040892412737225, 1.1639471649180446, 1.6860534458137622, 2.8758071278774247, 2.8994553832601153, 3.332459359301055, 2.4890662775604837, 0.31630845327606455, 3.678761233282207, 1.9485963404307887, 1.6306768399422629, 0.0]"
weighted_balanced,261409,22,35.08899943653295,1.7420011269340954,0.0,"[7.4507425840697845, 4.413035953676204, 1.2040892412737225, 1.1639471649180446, 1.6860534458137622, 2.8758071278774247, 2.899455950105273, 3.332459359301055, 2.4890662775604837, 0.31630845327606455, 3.678761233282207, 1.9485963404307887, 1.6306763049481356, 0.0]"
weighted_balanced,261409,23,35.08899966852143,1.7420006629571354,0.0,"[7.4507425840697845, 4.413035953676204, 1.2040892412737225, 1.1639471649180446, 1.6860534458137622, 2.8758071278774247, 2.8994561479791976, 3.332459359301055, 2.4890662775604837, 0.31630845327606455, 3.678761233282207, 1.9485963404307887, 1.6306763390626926, 0.0]"
weighted_balanced,261409,24,35.08899942724329,1.7420011455134166,0.0,"[7.4507425840697845, 4.413035953676204, 1.2040892412737225, 1.1639471649180446, 1.6860534458137622, 2.8758071278774247, 2.8994642320006347, 3.332459359301055, 2.4890662775604837, 0.31630845327606455, 3.678761233282207, 1.9485963404307887, 1.6306680137631133, 0.0]"
weighted_balanced,261410,0,35.08616790531562,1.7476641893687521,0.0,"[1.972884471002521, 3.9888884903719557, 5.346361272041036, 4.016897012196426, 2.5532353977811835, 6.3820867227353, 2.5984265925793197, 0.0, 2.194993394718763, 4.151792157953544, 0.014209434392497871, 1.6791479365622886, 0.18724502298078016, 0.0]"
weighted_balanced,261411,0,35.088999986394235,1.742000027211514,0.0,"[2.3951863635910344, 4.107098606195325, 5.638187678932752, 1.508859601760137, 4.039500668720279, 0.7171605796861638, 4.097560539231405, 0.5715154834185481, 3.5077373282152067, 1.4387778254275447, 1.8391104505023406, 0.6971235891913624, 4.531181271522137, 0.0]"
weighted_balanced,261411,1,35.08899998653561,1.7420000269287605,0.0,"[2.3951863635910344, 4.107098606195325, 5.638187678932752, 1.508859601760137, 4.039500668720279, 0.7171605796861638, 4.097560539372781, 0.5715154834185481, 3.5077373282152067, 1.4387778254275447, 1.8391104505023406, 0.6971235891913624, 4.531181271522137, 0.0]"
weighted_balanced,261411,2,35.088999986573164,1.7420000268536562,0.0,"[2.3951863635910344, 4.107098606195325, 5.638187678932752, 1.508859601760137, 4.039500668720279, 0.7171605796861638, 4.097560539410332, 0.5715154834185481, 3.5077373282152067, 1.4387778254275447, 1.8391104505023406, 0.6971235891913624, 4.531181271522137, 0.0]"
weighted_balanced,261411,3,35.08899998660163,1.7420000267967275,0.0,"[2.3951863635910344, 4.107098606195325, 5.638187678932752, 1.508859601760137, 4.039500668720279, 0.7171605796861638, 4.097560539438801, 0.5715154834185481, 3.5077373282152067, 1.4387778254275447, 1.8391104505023406, 0.6971235891913624, 4.531181271522137, 0.0]"
weighted_balanced,261411,4,35.088999986697836,1.7420000266043125,0.0,"[2.3951863635910344, 4.107098606195325, 5.638187678932752, 1.508859601760137, 4.039500668720279, 0.7171605796861638, 4.097560539535006, 0.5715154834185481, 3.5077373282152067, 1.4387778254275447, 1.8391104505023406, 0.6971235891913624, 4.531181271522137, 0.0]"
weighted_balanced,261411,5,35.088999986813036,1.742000026373912,0.0,"[2.3951863635910344, 4.107098606195325, 5.638187678932752, 1.508859601760137, 4.039500668720279, 0.7171605796861638, 4.097560539650208, 0.5715154834185481, 3.5077373282152067, 1.4387778254275447, 1.8391104505023406, 0.6971235891913624, 4.531181271522137, 0.0]"
weighted_balanced,261411,6,35.0889999868732,1.7420000262535886,0.0,"[2.3951863635910344, 4.107098606195325, 5.638187678932752, 1.508859601760137, 4.039500668720279, 0.7171605796861638, 4.09756053971037, 0.5715154834185481, 3.5077373282152067, 1.4387778254275447, 1.8391104505023406, 0.6971235891913624, 4.531181271522137, 0.0]"
weighted_balanced,261411,7,35.08899998700492,1.7420000259901478,0.0,"[2.3951863635910344, 4.107098606195325, 5.638187678932752, 1.508859601760137, 4.039500668720279, 0.7171605796861638, 4.097560539842089, 0.5715154834185481, 3.5077373282152067, 1.4387778254275447, 1.8391104505023406, 0.6971235891913624, 4.531181271522137, 0.0]"
weighted_balanced,261411,8,35.08899998701273,1.7420000259745159,0.0,"[2.3951863635910344, 4.107098606195325, 5.638187678932752, 1.508859601760137, 4.039500668720279, 0.7171605796861638, 4.0975605398499, 0.5715154834185481, 3.5077373282152067, 1.4387778254275447, 1.8391104505023406, 0.6971235891913624, 4.531181271522137, 0.0]"
weighted_balanced,261411,9,35.0889999870238,1.7420000259523896,0.0,"[2.3951863635910344, 4.107098606195325, 5.638187678932752, 1.508859601760137, 4.039500668720279, 0.7171605796861638, 4.097560539860967, 0.5715154834185481, 3.5077373282152067, 1.4387778254275447, 1.8391104505023406, 0.6971235891913624, 4.531181271522137, 0.0]"
weighted_balanced,261411,10,35.088999987031556,1.7420000259368713,0.0,"[2.3951863635910344, 4.107098606195325, 5.638187678932752, 1.508859601760137, 4.039500668720279, 0.7171605796861638, 4.097560539868728, 0.5715154834185481, 3.5077373282152067, 1.4387778254275447, 1.8391104505023406, 0.6971235891913624, 4.531181271522137, 0.0]"
weighted_balanced,261411,11,35.08899998708324,1.7420000258335016,0.0,"[2.3951863635910344, 4.107098606195325, 5.638187678932752, 1.508859601760137, 4.039500668720279, 0.7171605796861638, 4.097560539920409, 0.5715154834185481, 3.5077373282152067, 1.4387778254275447, 1.8391104505023406, 0.6971235891913624, 4.531181271522137, 0.0]"
weighted_balanced,261411,12,35.088999987227965,1.7420000255440549,0.0,"[2.3951863635910344, 4.107098606195325, 5.638187678932752, 1.508859601760137, 4.039500668720279, 0.7171605796861638, 4.097560540065136, 0.5715154834185481, 3.5077373282152067, 1.4387778254275447, 1.8391104505023406, 0.6971235891913624, 4.531181271522137, 0.0]"
weighted_balanced,261411,13,35.08899998728499,1.7420000254299843,0.0,"[2.3951863635910344, 4.107098606195325, 5.638187678932752, 1.508859601760137, 4.039500668720279, 0.7171605796861638, 4.097560540122166, 0.5715154834185481, 3.5077373282152067, 1.4387778254275447, 1.8391104505023406, 0.6971235891913624, 4.531181271522137, 0.0]"
weighted_balanced,261411,14,35.08899998728948,1.7420000254210173,0.0,"[2.3951863635910344, 4.107098606195325, 5.638187678932752, 1.508859601760137, 4.039500668720279, 0.7171605796861638, 4.097560540126655, 0.5715154834185481, 3.5077373282152067, 1.4387778254275447, 1.8391104505023406, 0.6971235891913624, 4.531181271522137, 0.0]"
weighted_balanced,261411,15,35.088999987290485,1.7420000254189993,0.0,"[2.3951863635910344, 4.107098606195325, 5.638187678932752, 1.508859601760137, 4.039500668720279, 0.7171605796861638, 4.097560540127659, 0.5715154834185481, 3.5077373282152067, 1.4387778254275447, 1.8391104505023406, 0.6971235891913624, 4.531181271522137, 0.0]"
weighted_balanced,261411,16,35.08899998733602,1.7420000253279504,0.0,"[2.3951863635910344, 4.107098606195325, 5.638187678932752, 1.508859601760137, 4.039500668720279, 0.7171605796861638, 4.0975605401731885, 0.5715154834185481, 3.5077373282152067, 1.4387778254275447, 1.8391104505023406, 0.6971235891913624, 4.531181271522137, 0.0]"
weighted_balanced,261411,17,35.088999987529014,1.7420000249419552,0.0,"[2.3951863635910344, 4.107098606195325, 5.638187678932752, 1.508859601760137, 4.039500668720279, 0.7171605796861638, 4.097560540366183, 0.5715154834185481, 3.5077373282152067, 1.4387778254275447, 1.8391104505023406, 0.6971235891913624, 4.531181271522137, 0.0]"
weighted_balanced,261411,18,35.08899998777802,1.74200002444395,0.0,"[2.3951863635910344, 4.107098606195325, 5.638187678932752, 1.508859601760137, 4.039500668720279, 0.7171605796861638, 4.097560540615187, 0.5715154834185481, 3.5077373282152067, 1.4387778254275447, 1.8391104505023406, 0.6971235891913624, 4.531181271522137, 0.0]"
weighted_balanced,261411,19,35.088999987975704,1.7420000240485756,0.0,"[2.3951863635910344, 4.107098606195325, 5.638187678932752, 1.508859601760137, 4.039500668720279, 0.7171605796861638, 4.097560540812872, 0.5715154834185481, 3.5077373282152067, 1.4387778254275447, 1.8391104505023406, 0.6971235891913624, 4.531181271522137, 0.0]"
weighted_balanced,261411,20,35.088999988027744,1.742000023944481,0.0,"[2.3951863635910344, 4.107098606195325, 5.638187678932752, 1.508859601760137, 4.039500668720279, 0.7171605796861638, 4.097560540864919, 0.5715154834185481, 3.5077373282152067, 1.4387778254275447, 1.8391104505023406, 0.6971235891913624, 4.531181271522137, 0.0]"
weighted_balanced,261411,21,35.08899998803214,1.7420000239356845,0.0,"[2.3951863635910344, 4.107098606195325, 5.638187678932752, 1.508859601760137, 4.039500668720279, 0.7171605796861638, 4.097560540869317, 0.5715154834185481, 3.5077373282152067, 1.4387778254275447, 1.8391104505023406, 0.6971235891913624, 4.531181271522137, 0.0]"
weighted_balanced,261411,22,35.088999988358395,1.7420000232831931,0.0,"[2.3951863635910344, 4.107098606195325, 5.638187678932752, 1.508859601760137, 4.039500668720279, 0.7171605796861638, 4.097560541195566, 0.5715154834185481, 3.5077373282152067, 1.4387778254275447, 1.8391104505023406, 0.6971235891913624, 4.531181271522137, 0.0]"
weighted_balanced,261411,23,35.08899998904186,1.7420000219162652,0.0,"[2.3951863635910344, 4.107098606195325, 5.638187678932752, 1.508859601760137, 4.039500668720279, 0.7171605796861638, 4.097560541879031, 0.5715154834185481, 3.5077373282152067, 1.4387778254275447, 1.8391104505023406, 0.6971235891913624, 4.531181271522137, 0.0]"
weighted_balanced,261411,24,35.08899998908017,1.742000021839626,0.0,"[2.3951863635910344, 4.107098606195325, 5.638187678932752, 1.508859601760137, 4.039500668720279, 0.7171605796861638, 4.097560541917346, 0.5715154834185481, 3.5077373282152067, 1.4387778254275447, 1.8391104505023406, 0.6971235891913624, 4.531181271522137, 0.0]"
weighted_balanced,261411,25,35.088999989252784,1.742000021494416,0.0,"[2.3951863635910344, 4.107098606195325, 5.638187678932752, 1.508859601760137, 4.039500668720279, 0.7171605796861638, 4.097560542089954, 0.5715154834185481, 3.5077373282152067, 1.4387778254275447, 1.8391104505023406, 0.6971235891913624, 4.531181271522137, 0.0]"
weighted_balanced,261411,26,35.08899998944187,1.7420000211162368,0.0,"[2.3951863635910344, 4.107098606195325, 5.638187678932752, 1.508859601760137, 4.039500668720279, 0.7171605796861638, 4.097560542279041, 0.5715154834185481, 3.5077373282152067, 1.4387778254275447, 1.8391104505023406, 0.6971235891913624, 4.531181271522137, 0.0]"
weighted_balanced,261411,27,35.08899998967763,1.7420000206447206,0.0,"[2.3951863635910344, 4.107098606195325, 5.638187678932752, 1.508859601760137, 4.039500668720279, 0.7171605796861638, 4.0975605425148025, 0.5715154834185481, 3.5077373282152067, 1.4387778254275447, 1.8391104505023406, 0.6971235891913624, 4.531181271522137, 0.0]"
weighted_balanced,261411,28,35.08899999038844,1.7420000192231093,0.0,"[2.3951863635910344, 4.107098606195325, 5.638187678932752, 1.508859601760137, 4.039500668720279, 0.7171605796861638, 4.097560543225606, 0.5715154834185481, 3.5077373282152067, 1.4387778254275447, 1.8391104505023406, 0.6971235891913624, 4.531181271522137, 0.0]"
weighted_balanced,261411,29,35.088999991467176,1.7420000170656316,0.0,"[2.3951863635910344, 4.107098606195325, 5.638187678932752, 1.508859601760137, 4.039500668720279, 0.7171605796861638, 4.097560544304346, 0.5715154834185481, 3.5077373282152067, 1.4387778254275447, 1.8391104505023406, 0.6971235891913624, 4.531181271522137, 0.0]"
weighted_balanced,261411,30,35.088999991590576,1.7420000168188317,0.0,"[2.3951863635910344, 4.107098606195325, 5.638187678932752, 1.508859601760137, 4.039500668720279, 0.7171605796861638, 4.097560544427747, 0.5715154834185481, 3.5077373282152067, 1.4387778254275447, 1.8391104505023406, 0.6971235891913624, 4.531181271522137, 0.0]"
weighted_balanced,261411,31,35.088999991796975,1.7420000164060347,0.0,"[2.3951863635910344, 4.107098606195325, 5.638187678932752, 1.508859601760137, 4.039500668720279, 0.7171605796861638, 4.097560544634143, 0.5715154834185481, 3.5077373282152067, 1.4387778254275447, 1.8391104505023406, 0.6971235891913624, 4.531181271522137, 0.0]"
weighted_balanced,261411,32,35.088999992082236,1.7420000158355116,0.0,"[2.3951863635910344, 4.107098606195325, 5.638187678932752, 1.508859601760137, 4.039500668720279, 0.7171605796861638, 4.097560544919407, 0.5715154834185481, 3.5077373282152067, 1.4387778254275447, 1.8391104505023406, 0.6971235891913624, 4.531181271522137, 0.0]"
weighted_balanced,261411,33,35.08899999219013,1.7420000156197055,0.0,"[2.3951863635910344, 4.107098606195325, 5.638187678932752, 1.508859601760137, 4.039500668720279, 0.7171605796861638, 4.097560545027306, 0.5715154834185481, 3.5077373282152067, 1.4387778254275447, 1.8391104505023406, 0.6971235891913624, 4.531181271522137, 0.0]"
weighted_balanced,261411,34,35.08899999320952,1.742000013580931,0.0,"[2.3951863635910344, 4.107098606195325, 5.638187678932752, 1.508859601760137, 4.039500668720279, 0.7171605796861638, 4.097560546046694, 0.5715154834185481, 3.5077373282152067, 1.4387778254275447, 1.8391104505023406, 0.6971235891913624, 4.531181271522137, 0.0]"
weighted_balanced,261411,35,35.088999997319995,1.7420000053599942,0.0,"[2.3951863635910344, 4.107098606195325, 5.638187678932752, 1.508859601760137, 4.039500668720279, 0.7171605796861638, 4.097560550157166, 0.5715154834185481, 3.5077373282152067, 1.4387778254275447, 1.8391104505023406, 0.6971235891913624, 4.531181271522137, 0.0]"
weighted_balanced,261411,36,35.08899999811119,1.7420000037776013,0.0,"[2.3951863635910344, 4.107098606195325, 5.638187678932752, 1.508859601760137, 4.039500668720279, 0.7171605796861638, 4.097560550948361, 0.5715154834185481, 3.5077373282152067, 1.4387778254275447, 1.8391104505023406, 0.6971235891913624, 4.531181271522137, 0.0]"
weighted_balanced,261411,37,35.08899999889239,1.742000002215189,0.0,"[2.3951863635910344, 4.107098606195325, 5.638187678932752, 1.508859601760137, 4.039500668720279, 0.7171605796861638, 4.097560551729564, 0.5715154834185481, 3.5077373282152067, 1.4387778254275447, 1.8391104505023406, 0.6971235891913624, 4.531181271522137, 0.0]"
weighted_balanced,261411,38,35.08899999951254,1.7420000009749081,0.0,"[2.3951863635910344, 4.107098606195325, 5.638187678932752, 1.508859601760137, 4.039500668720279, 0.7171605796861638, 4.0975605523497105, 0.5715154834185481, 3.5077373282152067, 1.4387778254275447, 1.8391104505023406, 0.6971235891913624, 4.531181271522137, 0.0]"
weighted_balanced,261411,39,35.08900000183923,1.741999998160761,0.0,"[2.3951863635910344, 4.107098606195325, 5.638187678932752, 1.508859601760137, 4.039500668720279, 0.7171605796861638, 4.097560554676403, 0.5715154834185481, 3.5077373282152067, 1.4387778254275447, 1.8391104505023406, 0.6971235891913624, 4.531181271522137, 0.0]"
weighted_balanced,261411,40,35.08900000323989,1.7419999967601036,0.0,"[2.3951863635910344, 4.107098606195325, 5.638187678932752, 1.508859601760137, 4.039500668720279, 0.7171605796861638, 4.0975605560770605, 0.5715154834185481, 3.5077373282152067, 1.4387778254275447, 1.8391104505023406, 0.6971235891913624, 4.531181271522137, 0.0]"
weighted_balanced,261411,41,35.08900000327495,1.7419999967250455,0.0,"[2.3951863635910344, 4.107098606195325, 5.638187678932752, 1.508859601760137, 4.039500668720279, 0.7171605796861638, 4.097560556112116, 0.5715154834185481, 3.5077373282152067, 1.4387778254275447, 1.8391104505023406, 0.6971235891913624, 4.531181271522137, 0.0]"
weighted_balanced,261411,42,35.08900000363344,1.7419999963665553,0.0,"[2.3951863635910344, 4.107098606195325, 5.638187678932752, 1.508859601760137, 4.039500668720279, 0.7171605796861638, 4.097560556470607, 0.5715154834185481, 3.5077373282152067, 1.4387778254275447, 1.8391104505023406, 0.6971235891913624, 4.531181271522137, 0.0]"
weighted_balanced,261411,43,35.08900000364802,1.741999996351975,0.0,"[2.3951863635910344, 4.107098606195325, 5.638187678932752, 1.508859601760137, 4.039500668720279, 0.7171605796861638, 4.0975605564851865, 0.5715154834185481, 3.5077373282152067, 1.4387778254275447, 1.8391104505023406, 0.6971235891913624, 4.531181271522137, 0.0]"
weighted_balanced,261412,0,35.07758914936298,1.7648217012740197,0.0,"[10.235412560593883, 0.6649153514212827, 0.7209051198506261, 1.2574804653446279, 1.715490606394999, 6.630748381688542, 0.9716417996130738, 2.060826616332564, 2.6553882654969594, 3.2917026990211653, 1.1191982643238751, 0.897650177812848, 2.8562288414685346, 0.0]"
weighted_balanced,261413,0,35.08869298741735,1.742614025165306,0.0,"[3.0098201541865284, 1.302901152866905, 4.9195679307075935, 0.9947616911500581, 6.341308523527826, 2.954930504335804, 3.766662768290897, 1.2880470626735259, 2.503554491890572, 3.9796711528571818, 1.8636958619970927, 0.011173694311329883, 2.152597998622033, 0.0]"
weighted_balanced,261414,0,35.08884710773617,1.742305784527641,0.0,"[4.651902188400799, 1.493472386280938, 1.8897750192406075, 1.6486783804902587, 5.6402041339999895, 3.9517942311877583, 3.208500111707184, 3.039424734383357, 1.8406350356200836, 3.2060328124601076, 1.2840348346362516, 2.5660450824842624, 0.668348156844575, 0.0]"
weighted_balanced,261415,0,35.08892449339162,1.7421510132167377,0.0,"[3.8173618595531216, 1.4290483389944735, 3.944322278942817, 2.4224687422452345, 3.0188756509229, 4.2612125003173595, 0.5779645194084108, 4.834384336279312, 2.20643754796585, 1.5075062261451102, 3.3314320350778304, 1.2773365564406893, 2.4605739010985155, 0.0]"
weighted_balanced,261415,1,35.088924513271,1.7421509734579779,0.0,"[3.817361890071824, 1.429048344395006, 3.9443222779201332, 2.4224687441309567, 3.0188756459591004, 4.2612125003262085, 0.5779645194340896, 4.834384336444838, 2.206437547966184, 1.5075062260163588, 3.3314320352427087, 1.2773365593058408, 2.460573886057755, 0.0]"
weighted_balanced,261415,2,35.088924483251965,1.742151033496075,0.0,"[3.8173618952153046, 1.4290482841426717, 3.944322293097397, 2.422468745931795, 3.0188756527630027, 4.261212500327718, 0.577964519383128, 4.834384336275474, 2.2064375479660154, 1.5075062129845394, 3.3314320636733763, 1.2773365090884816, 2.4605739224030616, 0.0]"
weighted_balanced,261415,3,35.088924462833376,1.7421510743332327,0.0,"[3.8173619008933497, 1.4290482837256675, 3.9443222784334924, 2.4224687457656455, 3.0188756496301696, 4.261212500328714, 0.5779645194489521, 4.834384336263199, 2.20643754796602, 1.5075062128759724, 3.3314320645738476, 1.2773365119719342, 2.4605739109564144, 0.0]"
weighted_balanced,261415,4,35.08892446302938,1.7421510739412334,0.0,"[3.8173619198034348, 1.4290482741933141, 3.9443222807986933, 2.422468745542581, 3.018875645148056, 4.2612125003292105, 0.5779645194587605, 4.834384336252624, 2.2064375479660363, 1.507506213646373, 3.331432052524385, 1.2773365147214557, 2.4605739126444566, 0.0]"
weighted_balanced,261415,5,35.088924523267515,1.742150953464975,0.0,"[3.8173619203471123, 1.4290483202443398, 3.94432229096614, 2.422468742834512, 3.018875648460283, 4.26121250030135, 0.577964519426933, 4.834384336259249, 2.206437547965863, 1.507506258932058, 3.3314320430191304, 1.2773364834630485, 2.4605739110474962, 0.0]"
weighted_balanced,261415,6,35.08892457567493,1.7421508486501232,0.0,"[3.8173619267340126, 1.4290483435466086, 3.944322279608757, 2.4224687428386624, 3.0188756519176954, 4.261212500329758, 0.5779645195211351, 4.83438433624331, 2.206437547966084, 1.5075062275133992, 3.331432035341703, 1.2773365580013862, 2.460573906112424, 0.0]"
weighted_balanced,261415,7,35.08892456567992,1.74215086864017,0.0,"[3.817361930994435, 1.4290483421979538, 3.944322279456119, 2.4224687430424487, 3.0188756475557854, 4.261212500329752, 0.5779645195153481, 4.834384336242831, 2.2064375479660834, 1.5075062179267804, 3.3314320437258433, 1.2773365506441297, 2.460573906082401, 0.0]"
weighted_balanced,261415,8,35.08892445889092,1.7421510822181396,0.0,"[3.8173619338061306, 1.4290482308445827, 3.944322281852863, 2.422468743219036, 3.018875643078693, 4.261212500325288, 0.5779645194554225, 4.834384336487431, 2.2064375479660283, 1.507506218739692, 3.3314320391775585, 1.2773365912852426, 2.4605738726529527, 0.0]"
weighted_balanced,261415,9,35.08892447915811,1.7421510416837727,0.0,"[3.8173619343095777, 1.4290482749490192, 3.944322302318762, 2.4224687397140454, 3.018875645426857, 4.261212500297592, 0.5779645193521392, 4.834384336454132, 2.2064375479659994, 1.5075061650645682, 3.331432044845016, 1.2773365687617486, 2.4605738996986513, 0.0]"
weighted_balanced,261415,10,35.08892446055469,1.7421510788906183,0.0,"[3.817361936807737, 1.4290482391208603, 3.9443222720535585, 2.4224687400058658, 3.0188756478155967, 4.261212500353719, 0.5779645194666886, 4.83438433697787, 2.2064375479660563, 1.5075061971700612, 3.331432039303089, 1.2773365851762615, 2.4605738983373224, 0.0]"
weighted_balanced,261415,11,35.088924552494866,1.7421508950102371,0.0,"[3.81736193953007, 1.4290482815185004, 3.944322282541041, 2.422468742388217, 3.0188756477462975, 4.261212500307076, 0.5779645194281172, 4.8343843366288315, 2.2064375479659653, 1.5075062605342258, 3.331432042993343, 1.2773365483817356, 2.4605739025314524, 0.0]"
weighted_balanced,261415,12,35.08892446130409,1.7421510773918065,0.0,"[3.817361941004003, 1.429048278639159, 3.944322293036696, 2.4224687408362917, 3.01887564830471, 4.261212500307493, 0.577964519340903, 4.83438433644029, 2.2064375479660208, 1.5075061764312596, 3.33143204555567, 1.2773365361679225, 2.4605738972736786, 0.0]"
weighted_balanced,261415,13,35.08892458171968,1.7421508365606293,0.0,"[3.817361942543338, 1.4290483558395897, 3.9443222827178386, 2.4224687420857234, 3.0188756440337556, 4.261212500320857, 0.5779645194416803, 4.8343843368727395, 2.206437547966159, 1.5075062253961533, 3.3314320367087604, 1.2773365636116176, 2.4605738841814677, 0.0]"
weighted_balanced,261415,14,35.088924460970645,1.7421510780586935,0.0,"[3.817361950687909, 1.4290482338700583, 3.9443222831293845, 2.422468742132766, 3.0188756473163227, 4.26121250031599, 0.57796451944752, 4.8343843367493795, 2.2064375479659657, 1.507506220035727, 3.3314320431693933, 1.2773365584565033, 2.4605738776937276, 0.0]"
weighted_balanced,261415,15,35.08892452958492,1.7421509408301326,0.0,"[3.8173619522912396, 1.4290482887232412, 3.9443222844843726, 2.422468742531882, 3.01887564360779, 4.261212500320161, 0.5779645194427799, 4.834384336448732, 2.2064375479660074, 1.5075062673494835, 3.3314320400708466, 1.2773365197638944, 2.46057388658449, 0.0]"
weighted_balanced,261415,16,35.0889245753486,1.742150849302785,0.0,"[3.8173619523655886, 1.4290483415660185, 3.9443222757067455, 2.4224687430708607, 3.0188756482377133, 4.26121250032979, 0.5779645195581673, 4.8343843362416274, 2.206437547966078, 1.507506210463763, 3.3314320459235875, 1.2773365478725538, 2.4605739060461076, 0.0]"
weighted_balanced,261415,17,35.088924559884056,1.7421508802319003,0.0,"[3.81736195468254, 1.4290483210258456, 3.944322288117976, 2.4224687425181783, 3.018875645510518, 4.26121250031244, 0.5779645194347439, 4.834384336378912, 2.2064375479661513, 1.5075062624495912, 3.3314320438403597, 1.2773365107582828, 2.460573886888517, 0.0]"
weighted_balanced,261415,18,35.088924513856284,1.7421509722874369,0.0,"[3.817361961221674, 1.4290482855735853, 3.9443222748187, 2.4224687430504375, 3.018875645133008, 4.261212500329834, 0.5779645195587099, 4.834384336241525, 2.2064375479660425, 1.5075062055369117, 3.3314320457833424, 1.277336543024634, 2.4605739056178764, 0.0]"
weighted_balanced,261415,19,35.088924522507455,1.7421509549850889,0.0,"[3.8173619619139165, 1.4290482388720096, 3.9443222903069004, 2.4224687399209013, 3.018875648217306, 4.261212500374058, 0.5779645194667401, 4.834384336698299, 2.2064375479659337, 1.507506260882967, 3.331432029860167, 1.2773365440793132, 2.460573903948941, 0.0]"
weighted_balanced,261415,20,35.088924464004734,1.742151071990552,0.0,"[3.817361962946251, 1.429048219702835, 3.944322267093566, 2.4224687425916662, 3.0188756433379256, 4.261212500318745, 0.5779645194396194, 4.8343843367417145, 2.2064375479660496, 1.507506228148074, 3.3314320355320066, 1.277336576686811, 2.460573883499465, 0.0]"
weighted_balanced,261415,21,35.08892454327086,1.7421509134582713,0.0,"[3.8173619638785183, 1.4290482395451833, 3.944322289793929, 2.4224687402320866, 3.0188756478651446, 4.261212500374059, 0.5779645193099928, 4.834384336876177, 2.206437547966048, 1.507506249677656, 3.3314320386948695, 1.277336570493989, 2.460573898563213, 0.0]"
weighted_balanced,261415,22,35.08892445907449,1.7421510818510164,0.0,"[3.8173619642585397, 1.429048220245004, 3.9443222855083686, 2.422468742073655, 3.01887564322755, 4.261212500321509, 0.5779645194441787, 4.834384336825264, 2.206437547966147, 1.507506214921738, 3.331432036668591, 1.277336571212799, 2.4605738764011478, 0.0]"
weighted_balanced,261415,23,35.088924457491125,1.7421510850177349,0.0,"[3.817361964845907, 1.429048222681101, 3.944322258842773, 2.4224687420460125, 3.0188756428951447, 4.26121250032214, 0.5779645194477657, 4.834384336840011, 2.206437547966129, 1.5075062126152363, 3.3314320351709923, 1.277336568563654, 2.4605739052542592, 0.0]"
weighted_balanced,261415,24,35.088924462309215,1.7421510753815248,0.0,"[3.817361964940129, 1.4290482201047037, 3.9443222621767755, 2.422468742051087, 3.0188756432126014, 4.261212500321419, 0.5779645194441221, 4.834384336840375, 2.206437547966141, 1.507506213821887, 3.3314320368055923, 1.2773365696975565, 2.4605739049268345, 0.0]"
weighted_balanced,261415,25,35.0889244737924,1.7421510524151778,0.0,"[3.817361966292642, 1.4290482766008896, 3.9443223028979872, 2.4224687420980127, 3.0188756440768256, 4.261212500350035, 0.5779645193514682, 4.834384336473759, 2.2064375479660385, 1.5075062501935115, 3.3314320451676163, 1.2773364294823104, 2.4605739128413067, 0.0]"
weighted_balanced,261415,26,35.08892446450311,1.7421510709937813,0.0,"[3.817361968933208, 1.4290482468740684, 3.944322301177869, 2.422468741817899, 3.0188756478950487, 4.261212500375623, 0.5779645194251294, 4.834384336188658, 2.2064375479660434, 1.5075062572388025, 3.3314320177809607, 1.2773364660678483, 2.4605739127619533, 0.0]"
weighted_balanced,261415,27,35.088924490161936,1.7421510196761183,0.0,"[3.8173619698678287, 1.4290482454728404, 3.9443222703058685, 2.4224687421947553, 3.0188756389358526, 4.261212500306776, 0.5779645194457953, 4.834384336881682, 2.206437547966117, 1.507506240651174, 3.3314320347265096, 1.2773365371366368, 2.4605739062701, 0.0]"
weighted_balanced,261415,28,35.088924487553214,1.7421510248935554,0.0,"[3.8173619702392387, 1.4290482591105074, 3.9443222735293975, 2.4224687430526575, 3.0188756454892425, 4.261212500329964, 0.5779645195591845, 4.8343843362401735, 2.2064375479660465, 1.5075062003630326, 3.3314320468433234, 1.277336539519534, 2.460573905310916, 0.0]"
weighted_balanced,261415,29,35.08892449808209,1.7421510038358328,0.0,"[3.817361972493829, 1.4290482884734577, 3.944322297872105, 2.422468742077847, 3.0188756497130145, 4.261212500353017, 0.5779645193787157, 4.834384336591541, 2.2064375479660234, 1.5075062491224471, 3.3314320465110994, 1.277336434319612, 2.4605739132093767, 0.0]"
weighted_balanced,261415,30,35.088924502547364,1.7421509949052698,0.0,"[3.8173619733678437, 1.4290482878092434, 3.9443222811904373, 2.4224687425700147, 3.018875633502268, 4.26121250030901, 0.5779645194459976, 4.834384336528365, 2.2064375479660776, 1.5075062428176498, 3.3314320381775255, 1.277336490931564, 2.4605739079313635, 0.0]"
weighted_balanced,261415,31,35.0889245361632,1.7421509276735954,0.0,"[3.8173619765154134, 1.4290482940302316, 3.944322278794333, 2.4224687420732334, 3.018875649516907, 4.2612125003061205, 0.5779645194526274, 4.834384336636996, 2.2064375479660194, 1.5075062488749003, 3.3314320374827067, 1.2773364910125296, 2.460573913501181, 0.0]"
weighted_balanced,261415,32,35.0889244754688,1.7421510490624037,0.0,"[3.8173619770352776, 1.429048218434395, 3.944322267995013, 2.4224687428463874, 3.018875635645685, 4.261212500327634, 0.5779645194405514, 4.834384336709963, 2.206437547966076, 1.5075062282386151, 3.331432032485569, 1.277336581906433, 2.4605738864371998, 0.0]"
weighted_balanced,261415,33,35.088924542885394,1.7421509142292102,0.0,"[3.8173619774010716, 1.4290483317130016, 3.9443222874162784, 2.4224687426544937, 3.018875648916548, 4.2612125003311725, 0.5779645194518747, 4.834384336599006, 2.206437547966121, 1.5075062305244948, 3.3314320356467424, 1.2773364742030349, 2.4605739100615533, 0.0]"
weighted_balanced,261415,34,35.08892460330715,1.7421507933856866,0.0,"[3.817361977568378, 1.4290483391370778, 3.9443222771200164, 2.4224687431852203, 3.018875648428539, 4.2612125003461285, 0.5779645194974438, 4.834384336685163, 2.206437547965835, 1.507506278430304, 3.33143203406697, 1.277336492294416, 2.4605739085816545, 0.0]"
weighted_balanced,261415,35,35.088924480392805,1.742151039214395,0.0,"[3.81736198092361, 1.429048232648705, 3.9443222858602582, 2.42246874186639, 3.0188756466153115, 4.261212500319066, 0.5779645194496363, 4.8343843368040895, 2.2064375479659692, 1.5075062195208841, 3.331432039244498, 1.2773365508021741, 2.460573878372213, 0.0]"
weighted_balanced,261415,36,35.08892453296612,1.7421509340677765,0.0,"[3.817361981649657, 1.4290482515995664, 3.9443222775396047, 2.422468742193641, 3.0188756418877647, 4.261212500294857, 0.577964519455511, 4.834384336516306, 2.206437547966105, 1.5075062621123088, 3.331432029441236, 1.2773365320111139, 2.4605739102984465, 0.0]"
weighted_balanced,261415,37,35.08892451626348,1.7421509674730409,0.0,"[3.8173619827148975, 1.4290482642039826, 3.944322278843234, 2.422468742250786, 3.0188756418411886, 4.261212500377823, 0.5779645194554223, 4.834384336510929, 2.2064375479659484, 1.5075062697280734, 3.331432030318413, 1.2773364909669402, 2.4605739110858464, 0.0]"
weighted_balanced,261415,38,35.088924505645096,1.7421509887098203,0.0,"[3.8173619844732807, 1.429048241425859, 3.9443222766746913, 2.422468741800271, 3.0188756438408615, 4.26121250037631, 0.577964519374924, 4.834384336763541, 2.2064375479660323, 1.5075062694016048, 3.3314320369117962, 1.277336507360549, 2.4605738992753765, 0.0]"
weighted_balanced,261415,39,35.0889244787093,1.7421510425814013,0.0,"[3.8173619851829854, 1.429048219388613, 3.944322276777638, 2.4224687450788758, 3.018875636145376, 4.261212500328055, 0.5779645194385503, 4.83438433652631, 2.2064375479661615, 1.5075062246085353, 3.3314320327397926, 1.2773365808110506, 2.4605738737173604, 0.0]"
weighted_balanced,261415,40,35.088924523373024,1.742150953253958,0.0,"[3.817361985185826, 1.4290482481950266, 3.9443222983766355, 2.4224687420287396, 3.01887564858855, 4.261212500374056, 0.5779645194538647, 4.834384336661338, 2.2064375479659133, 1.5075062716250556, 3.331432020935495, 1.2773364911604466, 2.4605739128220754, 0.0]"
weighted_balanced,261415,41,35.08892460955773,1.7421507808845398,0.0,"[3.8173619925663136, 1.429048328259062, 3.944322290818939, 2.4224687424725135, 3.0188756485791624, 4.261212500354141, 0.5779645194476167, 4.834384336648228, 2.2064375479658596, 1.5075062725937287, 3.3314320360003764, 1.2773364829687905, 2.4605739108829994, 0.0]"
weighted_balanced,261415,42,35.0889244894408,1.7421510211184135,0.0,"[3.817361992955839, 1.4290482470375716, 3.9443222859834943, 2.4224687416927013, 3.0188756452556382, 4.2612125003219905, 0.5779645194523887, 4.834384336801422, 2.2064375479659897, 1.5075062194829596, 3.3314320285292074, 1.2773365422492022, 2.460573881712394, 0.0]"
weighted_balanced,261416,0,35.088535342141405,1.7429293157171735,0.0,"[4.827826818916418, 4.8833817996122635, 1.4983853607306965, 4.47264594871488, 3.9540025102867924, 2.384105498433473, 2.6024119675110593, 0.8000144764774858, 2.793230460151172, 3.0090134888103286, 1.0139640808997086, 2.328013531186416, 0.5215394004107111, 0.0]"
weighted_balanced,261417,0,35.08899999236863,1.742000015262743,0.0,"[5.397430717743168, 5.64968237124621, 2.917714893946511, 3.9452451408772014, 1.6963310893110337, 2.7205501903032165, 3.0230535891292054, 1.0071049041680766, 1.814769452563863, 3.699535863725615, 0.584953463314608, 0.44981634867386877, 2.18281196736605, 0.0]"
weighted_balanced,261417,1,35.08899999617588,1.742000007648226,0.0,"[5.397430717743168, 5.64968237124621, 2.917714893946511, 3.9452451408772014, 1.6963310893110337, 2.7205501903032165, 3.0230535929364586, 1.0071049041680766, 1.814769452563863, 3.699535863725615, 0.584953463314608, 0.44981634867386877, 2.18281196736605, 0.0]"
weighted_balanced,261417,2,35.0889999962625,1.7420000074749957,0.0,"[5.397430717743168, 5.64968237124621, 2.917714893946511, 3.9452451408772014, 1.6963310893110337, 2.7205501903032165, 3.0230535930230786, 1.0071049041680766, 1.814769452563863, 3.699535863725615, 0.584953463314608, 0.44981634867386877, 2.18281196736605, 0.0]"
weighted_balanced,261417,3,35.08899999724564,1.742000005508725,0.0,"[5.397430717743168, 5.64968237124621, 2.917714893946511, 3.9452451408772014, 1.6963310893110337, 2.7205501903032165, 3.0230535940062113, 1.0071049041680766, 1.814769452563863, 3.699535863725615, 0.584953463314608, 0.44981634867386877, 2.18281196736605, 0.0]"
weighted_balanced,261417,4,35.08899999752283,1.7420000049543312,0.0,"[5.397430717743168, 5.64968237124621, 2.917714893946511, 3.9452451408772014, 1.6963310893110337, 2.7205501903032165, 3.0230535942834127, 1.0071049041680766, 1.814769452563863, 3.699535863725615, 0.584953463314608, 0.44981634867386877, 2.18281196736605, 0.0]"
weighted_balanced,261417,5,35.08899999800653,1.7420000039869414,0.0,"[5.397430717743168, 5.64968237124621, 2.917714893946511, 3.9452451408772014, 1.6963310893110337, 2.7205501903032165, 3.0230535947671027, 1.0071049041680766, 1.814769452563863, 3.699535863725615, 0.584953463314608, 0.44981634867386877, 2.18281196736605, 0.0]"
weighted_balanced,261417,6,35.088999998370554,1.742000003258891,0.0,"[5.397430717743168, 5.64968237124621, 2.917714893946511, 3.9452451408772014, 1.6963310893110337, 2.7205501903032165, 3.0230535951311284, 1.0071049041680766, 1.814769452563863, 3.699535863725615, 0.584953463314608, 0.44981634867386877, 2.18281196736605, 0.0]"
weighted_balanced,261417,7,35.08899999855594,1.7420000028881155,0.0,"[5.397430717743168, 5.64968237124621, 2.917714893946511, 3.9452451408772014, 1.6963310893110337, 2.7205501903032165, 3.0230535953165174, 1.0071049041680766, 1.814769452563863, 3.699535863725615, 0.584953463314608, 0.44981634867386877, 2.18281196736605, 0.0]"
weighted_balanced,261417,8,35.08899999878822,1.7420000024235627,0.0,"[5.397430717743168, 5.64968237124621, 2.917714893946511, 3.9452451408772014, 1.6963310893110337, 2.7205501903032165, 3.023053595548795, 1.0071049041680766, 1.814769452563863, 3.699535863725615, 0.584953463314608, 0.44981634867386877, 2.18281196736605, 0.0]"
weighted_balanced,261417,9,35.088999999048184,1.7420000019036301,0.0,"[5.397430717743168, 5.64968237124621, 2.917714893946511, 3.9452451408772014, 1.6963310893110337, 2.7205501903032165, 3.0230535958087588, 1.0071049041680766, 1.814769452563863, 3.699535863725615, 0.584953463314608, 0.44981634867386877, 2.18281196736605, 0.0]"
weighted_balanced,261417,10,35.0889999990686,1.7420000018627881,0.0,"[5.397430717743168, 5.64968237124621, 2.917714893946511, 3.9452451408772014, 1.6963310893110337, 2.7205501903032165, 3.023053595829179, 1.0071049041680766, 1.814769452563863, 3.699535863725615, 0.584953463314608, 0.44981634867386877, 2.18281196736605, 0.0]"
weighted_balanced,261417,11,35.088999999221784,1.7420000015564305,0.0,"[5.397430717743168, 5.64968237124621, 2.917714893946511, 3.9452451408772014, 1.6963310893110337, 2.7205501903032165, 3.0230535959823626, 1.0071049041680766, 1.814769452563863, 3.699535863725615, 0.584953463314608, 0.44981634867386877, 2.18281196736605, 0.0]"
weighted_balanced,261417,12,35.088999999237494,1.7420000015249961,0.0,"[5.397430717743168, 5.64968237124621, 2.917714893946511, 3.9452451408772014, 1.6963310893110337, 2.7205501903032165, 3.023053595998075, 1.0071049041680766, 1.814769452563863, 3.699535863725615, 0.584953463314608, 0.44981634867386877, 2.18281196736605, 0.0]"
weighted_balanced,261417,13,35.08899999949553,1.7420000010089431,0.0,"[5.397430717743168, 5.64968237124621, 2.917714893946511, 3.9452451408772014, 1.6963310893110337, 2.7205501903032165, 3.0230535962561067, 1.0071049041680766, 1.814769452563863, 3.699535863725615, 0.584953463314608, 0.44981634867386877, 2.18281196736605, 0.0]"
weighted_balanced,261417,14,35.08899999971314,1.7420000005737215,0.0,"[5.397430717743168, 5.64968237124621, 2.917714893946511, 3.9452451408772014, 1.6963310893110337, 2.7205501903032165, 3.0230535964737175, 1.0071049041680766, 1.814769452563863, 3.699535863725615, 0.584953463314608, 0.44981634867386877, 2.18281196736605, 0.0]"
weighted_balanced,261417,15,35.08899999975033,1.7420000004993277,0.0,"[5.397430717743168, 5.64968237124621, 2.917714893946511, 3.9452451408772014, 1.6963310893110337, 2.7205501903032165, 3.0230535965109087, 1.0071049041680766, 1.814769452563863, 3.699535863725615, 0.584953463314608, 0.44981634867386877, 2.18281196736605, 0.0]"
weighted_balanced,261417,16,35.08899999998233,1.7420000000353433,0.0,"[5.397430717743168, 5.64968237124621, 2.917714893946511, 3.9452451408772014, 1.6963310893110337, 2.7205501903032165, 3.023053596742903, 1.0071049041680766, 1.814769452563863, 3.699535863725615, 0.584953463314608, 0.44981634867386877, 2.18281196736605, 0.0]"
weighted_balanced,261417,17,35.08899999999465,1.7420000000107017,0.0,"[5.397430717743168, 5.64968237124621, 2.917714893946511, 3.9452451408772014, 1.6963310893110337, 2.7205501903032165, 3.0230535967552266, 1.0071049041680766, 1.814769452563863, 3.699535863725615, 0.584953463314608, 0.44981634867386877, 2.18281196736605, 0.0]"
weighted_balanced,261417,18,35.08900000001293,1.741999999987069,0.0,"[5.397430717743168, 5.64968237124621, 2.917714893946511, 3.9452451408772014, 1.6963310893110337, 2.7205501903032165, 3.023053596773507, 1.0071049041680766, 1.814769452563863, 3.699535863725615, 0.584953463314608, 0.44981634867386877, 2.18281196736605, 0.0]"
weighted_balanced,261417,19,35.089000000016135,1.7419999999838645,0.0,"[5.397430717743168, 5.64968237124621, 2.917714893946511, 3.9452451408772014, 1.6963310893110337, 2.7205501903032165, 3.023053596776711, 1.0071049041680766, 1.814769452563863, 3.699535863725615, 0.584953463314608, 0.44981634867386877, 2.18281196736605, 0.0]"
weighted_balanced,261417,20,35.089000000024036,1.7419999999759561,0.0,"[5.397430717743168, 5.64968237124621, 2.917714893946511, 3.9452451408772014, 1.6963310893110337, 2.7205501903032165, 3.023053596784617, 1.0071049041680766, 1.814769452563863, 3.699535863725615, 0.584953463314608, 0.44981634867386877, 2.18281196736605, 0.0]"
weighted_balanced,261417,21,35.089000000026196,1.7419999999738032,0.0,"[5.397430717743168, 5.64968237124621, 2.917714893946511, 3.9452451408772014, 1.6963310893110337, 2.7205501903032165, 3.0230535967867707, 1.0071049041680766, 1.814769452563863, 3.699535863725615, 0.584953463314608, 0.44981634867386877, 2.18281196736605, 0.0]"
weighted_balanced,261417,22,35.089000000037174,1.7419999999628182,0.0,"[5.397430717743168, 5.64968237124621, 2.917714893946511, 3.9452451408772014, 1.6963310893110337, 2.7205501903032165, 3.0230535967977543, 1.0071049041680766, 1.814769452563863, 3.699535863725615, 0.584953463314608, 0.44981634867386877, 2.18281196736605, 0.0]"
weighted_balanced,261417,23,35.0890000000409,1.741999999959102,0.0,"[5.397430717743168, 5.64968237124621, 2.917714893946511, 3.9452451408772014, 1.6963310893110337, 2.7205501903032165, 3.0230535968014762, 1.0071049041680766, 1.814769452563863, 3.699535863725615, 0.584953463314608, 0.44981634867386877, 2.18281196736605, 0.0]"
weighted_balanced,261417,24,35.089000000115405,1.7419999998845945,0.0,"[5.397430717743168, 5.64968237124621, 2.917714893946511, 3.9452451408772014, 1.6963310893110337, 2.7205501903032165, 3.023053596875981, 1.0071049041680766, 1.814769452563863, 3.699535863725615, 0.584953463314608, 0.44981634867386877, 2.18281196736605, 0.0]"
weighted_balanced,261417,25,35.08900000022988,1.741999999770119,0.0,"[5.397430717743168, 5.64968237124621, 2.917714893946511, 3.9452451408772014, 1.6963310893110337, 2.7205501903032165, 3.0230535969904575, 1.0071049041680766, 1.814769452563863, 3.699535863725615, 0.584953463314608, 0.44981634867386877, 2.18281196736605, 0.0]"
weighted_balanced,261417,26,35.08900000024049,1.7419999997595106,0.0,"[5.397430717743168, 5.64968237124621, 2.917714893946511, 3.9452451408772014, 1.6963310893110337, 2.7205501903032165, 3.023053597001067, 1.0071049041680766, 1.814769452563863, 3.699535863725615, 0.584953463314608, 0.44981634867386877, 2.18281196736605, 0.0]"
weighted_balanced,261417,27,35.08900000044173,1.7419999995582707,0.0,"[5.397430717743168, 5.64968237124621, 2.917714893946511, 3.9452451408772014, 1.6963310893110337, 2.7205501903032165, 3.023053597202304, 1.0071049041680766, 1.814769452563863, 3.699535863725615, 0.584953463314608, 0.44981634867386877, 2.18281196736605, 0.0]"
weighted_balanced,261417,28,35.08900000049084,1.741999999509158,0.0,"[5.397430717743168, 5.64968237124621, 2.917714893946511, 3.9452451408772014, 1.6963310893110337, 2.7205501903032165, 3.0230535972514168, 1.0071049041680766, 1.814769452563863, 3.699535863725615, 0.584953463314608, 0.44981634867386877, 2.18281196736605, 0.0]"
weighted_balanced,261417,29,35.089000000512975,1.7419999994870174,0.0,"[5.397430717743168, 5.64968237124621, 2.917714893946511, 3.9452451408772014, 1.6963310893110337, 2.7205501903032165, 3.0230535972735555, 1.0071049041680766, 1.814769452563863, 3.699535863725615, 0.584953463314608, 0.44981634867386877, 2.18281196736605, 0.0]"
weighted_balanced,261417,30,35.089000000568014,1.7419999994319788,0.0,"[5.397430717743168, 5.64968237124621, 2.917714893946511, 3.9452451408772014, 1.6963310893110337, 2.7205501903032165, 3.023053597328594, 1.0071049041680766, 1.814769452563863, 3.699535863725615, 0.584953463314608, 0.44981634867386877, 2.18281196736605, 0.0]"
weighted_balanced,261417,31,35.08900000063077,1.7419999993692237,0.0,"[5.397430717743168, 5.64968237124621, 2.917714893946511, 3.9452451408772014, 1.6963310893110337, 2.7205501903032165, 3.0230535973913497, 1.0071049041680766, 1.814769452563863, 3.699535863725615, 0.584953463314608, 0.44981634867386877, 2.18281196736605, 0.0]"
weighted_balanced,261417,32,35.08900000101964,1.7419999989803578,0.0,"[5.397430717743168, 5.64968237124621, 2.917714893946511, 3.9452451408772014, 1.6963310893110337, 2.7205501903032165, 3.023053597780216, 1.0071049041680766, 1.814769452563863, 3.699535863725615, 0.584953463314608, 0.44981634867386877, 2.18281196736605, 0.0]"
weighted_balanced,261417,33,35.08900000147655,1.7419999985234504,0.0,"[5.397430717743168, 5.64968237124621, 2.917714893946511, 3.9452451408772014, 1.6963310893110337, 2.7205501903032165, 3.0230535982371256, 1.0071049041680766, 1.814769452563863, 3.699535863725615, 0.584953463314608, 0.44981634867386877, 2.18281196736605, 0.0]"
weighted_balanced,261417,34,35.08900000320076,1.7419999967992403,0.0,"[5.397430717743168, 5.64968237124621, 2.917714893946511, 3.9452451408772014, 1.6963310893110337, 2.7205501903032165, 3.0230535999613375, 1.0071049041680766, 1.814769452563863, 3.699535863725615, 0.584953463314608, 0.44981634867386877, 2.18281196736605, 0.0]"
weighted_balanced,261417,35,35.08900000326286,1.741999996737139,0.0,"[5.397430717743168, 5.64968237124621, 2.917714893946511, 3.9452451408772014, 1.6963310893110337, 2.7205501903032165, 3.023053600023437, 1.0071049041680766, 1.814769452563863, 3.699535863725615, 0.584953463314608, 0.44981634867386877, 2.18281196736605, 0.0]"
weighted_balanced,261417,36,35.08900000340936,1.7419999965906392,0.0,"[5.397430717743168, 5.64968237124621, 2.917714893946511, 3.9452451408772014, 1.6963310893110337, 2.7205501903032165, 3.0230536001699395, 1.0071049041680766, 1.814769452563863, 3.699535863725615, 0.584953463314608, 0.44981634867386877, 2.18281196736605, 0.0]"
weighted_balanced,261417,37,35.089000003703276,1.741999996296716,0.0,"[5.397430717743168, 5.64968237124621, 2.917714893946511, 3.9452451408772014, 1.6963310893110337, 2.7205501903032165, 3.023053600463857, 1.0071049041680766, 1.814769452563863, 3.699535863725615, 0.584953463314608, 0.44981634867386877, 2.18281196736605, 0.0]"
weighted_balanced,261417,38,35.089000004534164,1.7419999954658358,0.0,"[5.397430717743168, 5.64968237124621, 2.917714893946511, 3.9452451408772014, 1.6963310893110337, 2.7205501903032165, 3.02305360129474, 1.0071049041680766, 1.814769452563863, 3.699535863725615, 0.584953463314608, 0.44981634867386877, 2.18281196736605, 0.0]"
weighted_balanced,261418,0,35.08810059090566,1.743798818188683,0.0,"[1.8867541648562833, 5.062900519938502, 3.1463367344470177, 4.204431111916026, 1.0680598537020054, 2.172208907491215, 6.042493936350771, 3.452994818901938, 0.5257349865559391, 2.4175370288988085, 1.1276486695853585, 3.1553555471055548, 0.8256443111562383, 0.0]"
weighted_balanced,261419,0,35.0887151201153,1.7425697597693919,0.0,"[3.4494688898809023, 2.872514072088055, 4.94247663583298, 1.4882556025241478, 2.4079944008476506, 1.4303804047077973, 2.3460483457586827, 3.881157913241841, 4.3465835008308, 5.839031049803786, 1.7387967672436047, 0.34600753735504775, 0.0, 0.0]"
weighted_balanced,261419,1,35.0887973084026,1.7424053831948108,0.0,"[3.4494691923756675, 2.872302673683017, 4.942619285452538, 1.488229002832383, 2.4074038509288984, 1.4303826587151127, 2.3460253762158354, 3.8809669610100253, 4.346818876432047, 5.838645584555036, 1.742705408847819, 0.34322843735422126, 0.0, 0.0]"
weighted_balanced,261419,2,35.08914245774785,1.741857542252145,0.0,"[3.449470131120406, 2.871285438587048, 4.942842166211534, 1.4958570990322193, 2.3988144880298905, 1.4304145528819443, 2.3471297417649843, 3.878370461627561, 4.331875059309256, 5.838346923716005, 1.763889440619176, 0.3408469548478268, 0.0, 0.0]"
weighted_balanced,261419,3,35.08909142096328,1.7419085790367106,0.0,"[3.4494884421552934, 2.8725216358656342, 4.942451094864189, 1.488083634787932, 2.4106265508446842, 1.4303782037817276, 2.346171123088953, 3.881144589498257, 4.344775450845686, 5.839153025466201, 1.7286356880126932, 0.35566198175202995, 0.0, 0.0]"
weighted_water,261400,0,0.008114400317706515,224.41916719527575,0.0,"[0.0, 1.2611528348658706e-05, 0.0027930660366353105, 0.001072635843465146, 0.0007373330748282917, 0.0, 0.00017486245496908635, 0.0004522465135179203, 7.733454728838299e-05, 0.0, 0.0010162328770705815, 0.0008998358345203906, 0.0, 0.0008782416070627448]"
weighted_water,261400,1,0.006376789952069866,224.41988376634123,0.0,"[2.413324837504382e-06, 0.0005386285177589253, 0.0027771331012391987, 0.000962615946819343, 0.00013994458748592712, 7.755945926253366e-05, 0.00017969735186943155, 0.0004002592535225153, 0.0001542802677826929, 0.0, 0.00021953630202718754, 0.00014383043592611973, 0.0, 0.000780891403538487]"
weighted_water,261400,2,0.0057240733877021235,224.42632805614147,0.0,"[4.496821776158195e-06, 0.0, 0.002402351989590357, 0.0008672216683850644, 0.0, 0.0, 0.00043574609691364626, 0.00036407310547771556, 2.976723792661674e-05, 0.00022781389236657738, 0.0, 0.000523072546856476, 0.000254266884953103, 0.0006152631434564082]"
weighted_water,261400,3,0.005439560896132129,224.43435881358621,0.0,"[6.555696899406576e-06, 0.0, 0.0014108025003582974, 9.326064742223502e-05, 0.0, 0.00025451326899069056, 0.00021965400990852716, 0.0, 2.4390268116376847e-05, 0.00034361265587315155, 0.0018407577719647635, 0.0, 9.656044211519127e-05, 0.0011494536344834891]"
weighted_water,261400,4,0.00474110234395106,224.43599534474578,0.0,"[7.428127197251515e-06, 6.989489254924537e-05, 0.00020746341714567094, 0.0009854687394281734, 0.0002714890654521054, 0.00033790309741100474, 0.0003227212299992086, 0.0003223493419163106, 7.004812952789505e-05, 0.00035597204911962257, 0.00047528109813959593, 0.0004229048670354536, 0.0, 0.0008921782890295222]"
weighted_water,261400,5,0.006159541949587035,224.4261890185312,0.0,"[9.191937779668487e-06, 0.0, 0.00280886418993798, 9.789622293935983e-05, 7.114106171799561e-05, 0.0003367965317478659, 0.0002641738647277068, 0.00117889875350511, 0.0, 0.0003395398994583376, 4.518145201635101e-06, 0.00034052946349159873, 0.0, 0.0007079918790797779]"
weighted_water,261400,6,0.006239201705058719,224.4261093587757,0.0,"[9.191937779668487e-06, 0.0, 0.00280886418993798, 9.789622293935983e-05, 7.114106171799561e-05, 0.0003367965317478659, 0.0002641738647277068, 0.00117889875350511, 7.965975547168375e-05, 0.0003395398994583376, 4.518145201635101e-06, 0.00034052946349159873, 0.0, 0.0007079918790797779]"
weighted_water,261400,7,0.008266653311578801,224.41374238908577,0.0,"[0.00169764843772052, 6.746931809482868e-05, 0.0019655859457267544, 0.0005874324726759261, 0.0004034675769067706, 8.353341424755087e-05, 0.00014747345157805857, 0.0008442008715963444, 7.357003137647633e-05, 0.0, 0.0015391638835172388, 0.000497708924701514, 0.0003276662403336471, 3.173274310317054e-05]"
weighted_water,261400,8,0.00832320857214165,224.4097858121952,0.0,"[0.0018301429887420553, 9.940823760196087e-05, 0.0026493747898266615, 0.00046001534080523704, 0.0002447990124416739, 6.306619262764633e-05, 0.0005360641509733008, 3.937376151033656e-05, 0.00015475970821497053, 0.00030220381222708373, 0.0, 0.0007374359866872297, 0.00033495377218214047, 0.0008716108183013537]"
weighted_water,261401,0,0.011040185735158817,224.4204038984266,0.0,"[0.0, 2.9054687752959353e-05, 0.001934183623481982, 0.0, 0.0008139313551116274, 0.001533403282890906, 0.0012020689631937554, 0.0006632922427649122, 0.00020064798029355936, 0.0011355136755486425, 0.0016896435933325378, 0.0006527234449826898, 0.0011857228858052457, 0.0]"
weighted_water,261401,1,0.012357493718706628,224.39247552748006,0.0,"[0.00019882990610998953, 0.0, 0.008177044738763167, 0.00019528714108325493, 0.0, 0.0, 0.00010879720032237186, 0.0009040116244077481, 0.00024479391502837787, 0.0013912123285953952, 0.0, 0.0, 0.0011375168643963228, 0.0]"
weighted_water,261401,2,0.01166969156681343,224.40290208954374,0.0,"[0.0024889508128474475, 0.0, 0.002468581823827997, 8.237212907718158e-06, 0.0, 0.001581093094293801, 0.00046751904016492435, 0.0005344072751011098, 0.0007247949434669016, 0.0015552495410121273, 0.0012591906043624309, 0.0, 0.0005816672188289739, 0.0]"
weighted_water,261401,3,0.016063420456913977,224.38074452200766,0.0,"[0.002697817347232398, 0.0009356996471452491, 0.0006122291571253641, 0.00526139736889213, 0.0007538914978653041, 0.0, 0.0003247284671775251, 0.0004159355999182991, 0.0010525446884430908, 0.0013812015655909346, 0.0013812472777620947, 0.00011378706610968366, 0.0011329407736519034, 0.0]"
weighted_water,261401,4,0.019343269336964834,224.3508198093584,0.0,"[0.007932889862104317, 0.0, 0.0, 0.004748980137023606, 0.0, 0.001602156248619835, 0.00010645922459330201, 0.0006977378098293571, 0.0012579961914618654, 0.0015713271544703822, 0.001352580150922347, 0.0, 7.314255793982525e-05, 0.0]"
weighted_water,261401,5,0.022365892286236522,224.3387293175613,0.0,"[0.007932889862104317, 0.0, 0.0, 0.004748980137023606, 0.0030226229492716886, 0.001602156248619835, 0.00010645922459330201, 0.0006977378098293571, 0.0012579961914618654, 0.0015713271544703822, 0.001352580150922347, 0.0, 7.314255793982525e-05, 0.0]"
weighted_water,261401,6,0.01701762839271769,224.36617270843195,0.0,"[0.008829551847893316, 0.0, 0.0, 0.0, 0.0003837917684200282, 0.0008890676507076937, 7.328963342645275e-05, 0.0011493091850040141, 0.00030540124376015704, 0.0014157739411417543, 0.0024592477524792307, 0.0014599297645860345, 5.226560529901322e-05, 0.0]"
weighted_water,261401,7,0.022107059931781435,224.33997997112292,0.0,"[0.008894535082226072, 0.000310692780194395, 0.0005127994814047782, 0.0012390355561940401, 0.0040562043407732715, 0.0, 0.0020983140344363344, 0.0007348114886108965, 0.0005249425056460776, 0.0014888600071855604, 0.0013797789875461212, 0.0007000693689372763, 0.0001670162986266129, 0.0]"
weighted_water,261401,8,0.023778734873037867,224.33242687319014,0.0,"[0.008975685644289822, 0.00033270953680333344, 0.0016145350060686192, 0.001433747341443703, 0.0029878726944499636, 0.00116161382380377, 0.0018738250788286439, 0.0, 0.000463689846231343, 0.0015536253033202295, 0.0018921673434261824, 0.0009691790752243512, 0.0005200841791479047, 0.0]"
weighted_water,261401,9,0.017403116177840638,224.35772250341043,0.0,"[0.009053456513828561, 0.0, 0.0, 0.0, 0.0021821779710362896, 0.001440268783470184, 7.311333486584878e-05, 0.0006418456792348085, 0.0012702404716298465, 0.0013701287319264417, 0.0013478503089845422, 0.0, 2.403438286411013e-05, 0.0]"
weighted_water,261401,10,0.02470560257211331,224.31262788101273,0.0,"[0.011096769019059326, 0.0, 0.0, 0.005334759903412318, 0.0028934316298109596, 0.0014654575770290056, 3.888362461198966e-05, 0.0006366440992069019, 0.00030331256333452597, 0.001237458060554076, 0.0016988860950942109, 0.0, 0.0, 0.0]"
weighted_water,261401,11,0.023819560251434953,224.3159214674829,0.0,"[0.011607458050983607, 0.0, 0.0, 0.004722344905212438, 0.00165568039351427, 0.0015418112257863743, 6.672265578798077e-05, 0.0006788751939894748, 0.0007590723598364811, 0.00134329449851489, 0.0013574847417028367, 0.0, 8.681622610660388e-05, 0.0]"
weighted_water,261401,12,0.025448368345275047,224.30277121640697,0.0,"[0.015088170698767774, 0.0, 0.0011964004010326858, 0.0011700776495427035, 0.0, 0.001535366576906091, 0.00043017459928874647, 0.00038801992672543193, 0.00127000984222423, 0.0013977063230831096, 0.0018532352285951788, 0.0003563109474368589, 0.0007628961516722335, 0.0]"
weighted_water,261401,13,0.026029006881830272,224.2908277261945,0.0,"[0.015601110608291984, 0.0, 0.00048815666863996285, 0.004041986306695292, 0.0, 0.0015822394376045095, 0.00016228522043150624, 0.0003919335466364864, 0.0012057856356892244, 0.0015597880459699257, 0.00095619585114578, 0.0, 3.952556072560444e-05, 0.0]"
weighted_water,261402,0,0.0012484014628939629,224.44472799019664,0.0,"[0.0, 0.00013376713142834729, 4.2009529125975345e-05, 0.00011103969791424956, 1.095773829058628e-05, 0.00012948339431604524, 0.00027495911114427864, 3.003466386024114e-05, 0.00022282765242040648, 3.305181459473157e-06, 1.0856831081177905e-05, 0.00015078718596357182, 0.0, 0.0001283733458896099]"
weighted_water,261402,1,0.0014826103059892566,224.4435135870352,0.0,"[1.3894327673381023e-06, 8.09629077618579e-05, 0.00022632146107025072, 0.0002521485852350241, 0.0, 8.640111860257073e-05, 0.00019529529936421195, 0.00021772382500166574, 0.0001912978187906271, 1.6531698348171168e-06, 2.1514922455538317e-05, 0.00013923969070019884, 6.866207440515592e-05, 0.0]"
weighted_water,261402,2,0.001506657132328432,224.44263151180957,0.0,"[0.000262599749677996, 6.64633230321886e-05, 0.0002294785708890472, 1.4739452005242015e-05, 1.7369383366376018e-05, 8.982296797872918e-05, 0.00018674812360796266, 0.0002433674644113759, 0.00018043391044061268, 1.8389633533859883e-06, 5.3422136018178326e-05, 0.00013922461427794762, 2.11484732693899e-05, 0.0]"
weighted_water,261402,3,0.0015298453443869757,224.44141846661287,0.0,"[0.0004499926746383793, 4.724432058007248e-06, 0.00021636797990256515, 7.173825202627112e-05, 1.919109455291271e-06, 9.64921657931559e-05, 0.0003058581603734584, 7.521274231956222e-06, 9.540483215177446e-05, 1.635600928190502e-05, 0.0, 0.0, 0.0, 0.00026347045447421187]"
weighted_water,261402,4,0.0015538778977926544,224.44139227415917,0.0,"[0.0004660038974035771, 3.090068331194401e-05, 0.00021694038639341335, 0.0, 9.21144946029289e-06, 0.00011376788561155131, 0.000266544509752005, 0.0, 0.00023240850086320424, 0.0, 2.9257063998080142e-05, 0.0001391666098565918, 3.3483140125058696e-05, 1.619377101693629e-05]"
weighted_water,261402,5,0.0017341697573549516,224.4400789772503,0.0,"[0.000509476974714296, 0.00012070375019453639, 0.00022970617203351722, 0.00011926259472276932, 1.717450454353827e-05, 9.747720349296777e-05, 2.423250849353969e-05, 0.00022169059152445228, 0.00014453928990486068, 2.7383593840870563e-06, 0.00010503759848822521, 0.00014213020985816177, 0.0, 0.0]"
weighted_water,261402,6,0.0018394599965929712,224.43880809753497,0.0,"[0.0008146384674978862, 0.0, 0.0002296935832145352, 0.0, 1.5166957615185166e-05, 0.00011287424188342836, 0.00023025592325956088, 0.0, 0.00026883055302482175, 2.4121323844543136e-06, 2.6134910942960635e-05, 0.00013945322677013852, 0.0, 0.0]"
weighted_water,261402,7,0.001954996302693568,224.4379119174437,0.0,"[0.0008589676815395344, 9.269773697247278e-05, 0.00023258408296634935, 0.0, 1.5575906503569155e-05, 5.748647581327054e-05, 0.00023950497501898209, 7.924953887208859e-05, 0.0002668921555710383, 0.0, 0.00011203774943626318, 0.0, 0.0, 0.0]"
weighted_water,261402,8,0.0019401187231034799,224.43823461979986,0.0,"[0.0010229037652102451, 3.127609837950903e-05, 0.0, 0.0, 4.528011560793915e-06, 0.0001042357529076538, 0.00025522298981522364, 0.0, 0.0002676535511996128, 7.651135942439316e-05, 3.5161224032226545e-05, 0.00013943303266306128, 0.0, 3.1929379107608224e-06]"
weighted_water,261402,9,0.002133273946830359,224.43747985218832,0.0,"[0.00111090130940749, 2.7707850333003583e-05, 0.0, 0.0, 0.0, 0.000100625715063364, 0.0002430661668465858, 5.552672322304766e-06, 0.0002658044244952907, 0.0002042888785105632, 3.8084850738586806e-05, 0.00013724207911317048, 0.0, 0.0]"
weighted_water,261402,10,0.0024025032649304685,224.43575197768868,0.0,"[0.001184031935699849, 0.0, 0.00019755689370369868, 0.0, 0.0, 0.00010659526497604858, 0.00035632049802091203, 6.7480434303027506e-06, 0.00027173652354964305, 3.5431184409218805e-05, 3.201819511793225e-05, 0.0001385397926256887, 5.386385152115893e-05, 1.9661081876015784e-05]"
weighted_water,261402,11,0.0024896414050510707,224.4331992121774,0.0,"[0.0013929376758183938, 0.0, 0.00019690138067819695, 0.00025489567223343606, 7.011560145015147e-06, 8.171754710125951e-05, 0.00037202331987447703, 2.069356534371394e-05, 0.00012201667129610785, 0.0, 2.7117299646698057e-05, 0.0, 1.7928943400398229e-06, 1.253381857373238e-05]"
weighted_water,261402,12,0.002716990881778162,224.43097588824907,0.0,"[0.0017033091740988509, 0.00012124916956797705, 0.0001092220769093888, 9.830910187421857e-05, 9.008532002701475e-06, 0.0001579249955428606, 0.0003742392539236554, 1.217829369661788e-05, 0.0, 3.7909192154607634e-08, 1.2320116660361348e-05, 0.0, 8.00044522692454e-06, 0.00011119181308245083]"
weighted_water,261403,0,0.01790384588007341,224.40758810350346,0.0,"[0.00014272258342707506, 0.0009513254652344905, 0.000551870124648731, 0.0027753986347381823, 0.00042980433354873534, 0.0003051365927154526, 4.04083928212777e-05, 0.003053557166627732, 0.0034794741687392736, 0.0009586913050180555, 0.004371057026255801, 0.0006039078401873843, 0.0002404922461112197, 0.0]"
weighted_water,261403,1,0.018845517369152503,224.40256802097895,0.0,"[0.0016104750599835894, 0.001106219485942693, 0.00020949230104386508, 0.001603536839334598, 0.0003204612982571011, 0.00012573045305389413, 1.3656529059402007e-06, 0.0031973428201825306, 0.0, 0.004901760790514021, 0.0014217633365806019, 0.0004607380485146356, 0.00360363118018386, 0.00028300010265517423]"
weighted_water,261403,2,0.019736844434124465,224.3559382158277,0.0,"[0.00771837796252067, 0.000727995505554646, 0.0001693662815211667, 0.0030239796779524637, 0.00032852361592648413, 0.0, 0.0, 0.0020709252720828306, 7.976406826451639e-05, 0.004875025748600214, 0.0, 0.000705088107287582, 0.0, 3.7798194413891635e-05]"
weighted_water,261403,3,0.026016584884977947,224.34845087865565,0.0,"[0.008252260070922394, 0.0007232768440717301, 4.38325965214129e-05, 0.0017248883265450516, 0.00034145867824796316, 0.0008980579681735491, 0.0014878466385999552, 0.0026442360656588194, 0.0, 0.0, 0.004447377528287505, 0.0019176806752681682, 0.0024019079263287507, 0.0011337615663526456]"
weighted_water,261403,4,0.02663738477165822,224.32539206887913,0.0,"[0.01240597452441279, 0.00071698520048468, 9.28318946531565e-05, 0.00018240040389330909, 0.00012352535549404033, 0.0008542592849693385, 0.0015539577501833654, 0.002629539914633524, 0.0, 0.0, 0.0017235110163345167, 0.0022527285343225283, 0.0030948489125366425, 0.0010068219797403238]"
weighted_water,261403,5,0.02995426811365558,224.31841870435403,0.0,"[0.012851075540644928, 0.0007463699420493315, 3.827568342066623e-05, 0.0, 0.0008742438861847457, 0.0002798716853246749, 0.0018174256491752618, 0.002680373160679492, 0.0005992591051720052, 0.0024668399691154023, 0.0030470588464622706, 0.001919587909094772, 0.000978824789740405, 0.0016550619465916278]"
weighted_water,261403,6,0.035746147894027025,224.2933062476137,0.0,"[0.013383181876933384, 0.0, 0.002212368798146221, 0.0028257475162777345, 0.00032084926378296135, 0.0009689747532610546, 0.0, 0.0026573925901609823, 0.0033371644007722835, 0.0031629112101183997, 0.004537162345552985, 0.0, 0.0022788259077306146, 6.156923129040139e-05]"
weighted_water,261403,7,0.03525796249569287,224.29402966167157,0.0,"[0.01375883713238897, 0.000927924151128505, 0.0002916269287887848, 0.0028261924816369043, 0.00032963463113483546, 0.00017059106995397877, 0.002739980395494297, 0.0030894022432108315, 0.0034448816309225368, 0.0014821950481763322, 0.00430180372735164, 0.0006801227894427882, 1.35295135500974e-05, 0.001201240752512371]"
weighted_water,261404,0,0.002960424754610424,224.44286283606772,0.0,"[0.00025147544165148684, 3.765997656058785e-06, 4.560987001669755e-05, 0.0, 0.0, 0.0, 0.0001657657500816661, 7.354760205539239e-06, 0.0013247028180629387, 5.050203932292482e-09, 0.0, 0.0, 0.00015624426837807304, 0.0010055007983540316]"
weighted_water,261404,1,0.0034881215199741864,224.440026937497,0.0,"[0.00028328467757835363, 6.060764161756243e-06, 5.396788639322955e-05, 0.0, 0.00010191781608077761, 4.834399349195749e-05, 0.0017933027878054883, 9.931236095183587e-06, 1.1687817574100661e-05, 0.00016543679785003745, 0.0, 9.549209431087237e-05, 0.00015773869488001024, 0.000760956953752419]"
weighted_water,261404,2,0.006295717634412225,224.42566532412212,0.0,"[0.00045704139463318793, 4.50458930357232e-05, 5.526812335217934e-05, 0.0023515190872436843, 0.0008543992762980678, 4.282777362345718e-05, 0.00023812278095721207, 1.3018272782462178e-05, 0.0, 0.0004098434519144355, 0.0015936670483064558, 0.0, 0.00023496453226535966, 0.0]"
weighted_water,261404,3,0.0049516903950063825,224.42762033407416,0.0,"[0.0012766609747286812, 6.62392332867615e-05, 0.0, 0.0013961833861792557, 0.0001530334630600189, 2.503968702735956e-05, 0.0, 0.0, 6.220097225174575e-05, 0.0013613229242322802, 0.0, 0.00023020996272005498, 9.9653660502808e-05, 0.00028114613101741694]"
weighted_water,261404,4,0.004964151787445169,224.42717320703926,0.0,"[0.0014530409241927135, 4.5160257223858954e-05, 4.3080662751196534e-05, 0.0006849966164495533, 0.0008039714597175578, 4.434552537564344e-06, 4.421989677489752e-05, 9.44872663606749e-06, 0.0007731997211401587, 0.0005078847662902719, 0.00023527913736603754, 0.00027130951988341834, 8.81255464818731e-05, 0.0]"
weighted_water,261404,5,0.0046530046952249805,224.43176238514116,0.0,"[0.0014908398826249279, 8.510089671452317e-05, 0.0, 0.0, 5.675522903358161e-05, 4.405833418862193e-05, 0.0003797432494609112, 9.093469795318691e-06, 0.0, 0.00020998229538354696, 0.001535402251475189, 0.0003127451896431935, 0.0001367404642017879, 0.00039254343270337885]"
weighted_water,261404,6,0.007531150416472039,224.4149321115193,0.0,"[0.0018918934173709637, 7.344748558302862e-05, 5.974040780067563e-05, 0.0020986270446095323, 0.0010249111571699787, 4.242777008572883e-05, 0.0, 9.66202847493015e-06, 0.0, 0.0004896616001504061, 0.001205407848541577, 0.0005648035526427066, 7.056810404251034e-05, 0.0]"
weighted_water,261404,7,0.009718184641115584,224.40143290083844,0.0,"[0.004273433894289009, 0.00013406996118673264, 3.9473000272064455e-05, 0.0012132538945493353, 0.0003304852115197383, 4.384953390060449e-05, 9.222114158590348e-07, 1.3065577681790532e-05, 0.0, 0.002196740341376088, 0.000704683081912621, 4.296437020918768e-05, 0.00011776910707682877, 0.000607474455725726]"
weighted_water,261404,8,0.008290156762545709,224.40321159173737,0.0,"[0.004284494802287513, 0.0004919109496476514, 4.383644660788099e-05, 0.00041644487295684014, 0.00035268987897979915, 4.591045258872387e-05, 0.0005204699191944707, 1.0559498429822933e-05, 2.4780122503433077e-05, 9.004387834978766e-05, 0.0, 0.0008009433707782996, 9.385250659175002e-05, 0.0011142200636297366]"
weighted_water,261404,9,0.010967545778517591,224.3664088953555,0.0,"[0.00987187278343632, 7.047339124874746e-05, 3.60001033323283e-05, 1.5358002203131223e-05, 0.0002598469088705608, 3.8317891211237234e-05, 0.0, 1.0897098197823541e-05, 0.0, 0.0, 1.4345791901836666e-05, 0.0001680816771287956, 0.00011906718263018476, 0.0003632849483566266]"
weighted_water,261405,0,0.014132877248932573,224.38284597006256,0.0,"[0.0, 0.0061522413754586105, 0.0006469055340050002, 0.0014429500528594457, 0.0011554468249745918, 0.000641499359607175, 0.0003520373601792421, 0.0008061252515724132, 0.0020091172532978882, 0.0009049363461922066, 2.1617890785998715e-05, 0.0, 0.0, 0.0]"
weighted_water,261405,1,0.01799621159009,224.3542559767591,0.0,"[0.0, 0.010078147729169321, 0.000675518900959223, 0.0015831603112835449, 0.0011584204780186703, 0.0008676207864894766, 0.00035818651886557835, 0.0, 0.0007621093838784787, 0.0008293337091287553, 0.00015262204888275067, 0.0014375464193775928, 0.0, 9.354530403660732e-05]"
weighted_water,261405,2,0.018278263753968977,224.353670642941,0.0,"[0.0, 0.011192445225544623, 0.0001890436728290219, 0.001753855076071377, 0.00018653942207925165, 0.0, 0.00037616501710054025, 0.0006892704807061995, 0.0002402635825646095, 0.0010938681829565406, 0.00017560877033663422, 0.001516587696150412, 0.0, 0.000864616627629765]"
weighted_water,261405,3,0.01851738926892224,224.34330571950235,0.0,"[0.0, 0.013032829346436261, 0.000376020725478071, 0.0, 0.0011867676645547763, 0.0011171097197151885, 0.0003052890896835, 0.0, 7.90704381996158e-05, 0.0008112247410375258, 0.00017560273896067145, 0.0012897100503796303, 0.0, 0.00014376475447699997]"
weighted_water,261405,4,0.019078644007359858,224.33989985029254,0.0,"[0.0007451978319931859, 0.012565482085244089, 0.0001699977563696422, 0.0011037144381943358, 0.0007493022869661768, 0.0, 0.0008994749692058414, 0.0005515661120442748, 4.630918739905997e-05, 0.0, 0.0002408032450271494, 0.001195818658893022, 0.0007532015163637904, 5.7775919659291966e-05]"
weighted_water,261405,5,0.011404183108622373,224.41226527143104,0.0,"[0.0010487481349671483, 0.0, 0.0004473569290203009, 0.0028886233546278547, 0.0004669924886212197, 0.0006243267091694966, 0.000548399567769516, 0.0018378827636862248, 0.0005154608022279848, 0.0008932264116712647, 0.0, 0.0019706983004958768, 0.00016246764636548632, 0.0]"
weighted_water,261405,6,0.012395057721796447,224.40360984265592,0.0,"[0.00178106164176775, 0.0, 0.0004474359585487119, 0.002885536454142642, 0.0007303632600702515, 0.001490467621183594, 0.0005763174979915866, 0.0018357531286901146, 0.00040627195882875266, 0.000859338931812791, 0.0, 0.0013825112687602527, 0.0, 0.0]"
weighted_water,261405,7,0.025150361497752287,224.30164510629987,0.0,"[0.0020200499761295616, 0.017100910700666102, 0.0004282591835000374, 0.0, 0.00035604238377974224, 0.0003200592966725467, 0.0006091765032503858, 0.001827698535671451, 0.00034648302958108007, 0.0007984399215057919, 1.1541033210391343e-05, 0.0004741643819703022, 0.0, 0.0008575365518148966]"
weighted_water,261405,8,0.006396619414263257,224.42389170128607,0.0,"[0.0021064721268576926, 0.0, 0.00021273696122179735, 0.0, 0.0006342298685148188, 0.0, 0.0, 0.0017692490200297518, 0.0003137563818134474, 0.0009537076766774037, 0.00018194729495805007, 0.0, 0.0001711120963632641, 5.340798782703046e-05]"
weighted_water,261405,9,0.013240679010603678,224.39023324744645,0.0,"[0.002454165500518268, 0.002667069311528444, 0.000402861309780667, 0.001953584383049011, 0.00017747305845419105, 0.00024189902659468038, 0.0004996378605655025, 0.0018279389675800826, 0.0, 0.0010680540297544332, 0.0, 0.0014062483204942788, 0.0, 0.0005417472422841183]"
weighted_water,261405,10,0.0169890485869878,224.37722546194635,0.0,"[0.002458516841301315, 0.004796701970630273, 6.52115774970042e-05, 0.00151360904019772, 0.00017281075030599826, 0.00022284207941938427, 0.00045104929571416623, 0.0018353112314108265, 0.0014459681147606805, 0.0010539950834158223, 0.00020820528181827904, 0.0015219184751681543, 0.0, 0.001242908845348176]"
weighted_water,261405,11,0.025108502490105763,224.30568671427915,0.0,"[0.002711853224081683, 0.012958601144509953, 0.0004091400453660904, 0.0036930728001033, 0.00014149944273825275, 0.0012871775367421534, 0.0006533589661416448, 0.001746738577888549, 0.0003749386240569321, 0.0008009673726924928, 0.00018840097727379392, 0.0001348699996407184, 0.0, 7.883778870198404e-06]"
weighted_water,261405,12,0.01357464469273841,224.38876732499355,0.0,"[0.0027794679394421307, 0.0006794475881605755, 0.00043207202745826193, 0.003939295117126999, 0.0004555391086460536, 0.000969352134151884, 0.0009022070086377816, 0.0010244780535540931, 0.0003946787859682691, 0.0007389988793686671, 2.4864768528034128e-05, 0.0012342432816956608, 0.0, 0.0]"
weighted_water,261405,13,0.02611649904762299,224.29402582579027,0.0,"[0.0031676268305728668, 0.01474941278824777, 0.0003975755648370037, 0.002182648960729814, 0.0012867039743865419, 0.0009832453713497448, 0.0006427342856348017, 0.000873785946421769, 0.0, 0.0010566489608957537, 0.0, 0.0007761163645469259, 0.0, 0.0]"
weighted_water,261405,14,0.022881533057427256,224.30625293506293,0.0,"[0.004343642793101486, 0.012690702113744163, 0.0004481306935433528, 0.00028748013663226985, 0.0019430209718709862, 0.0011888399536205047, 0.0007185028084098497, 0.0, 0.00013082345669612945, 0.000812709432976191, 0.00016506740288279147, 0.0, 0.0, 0.0001526132939495277]"
weighted_water,261405,15,0.02736144128888194,224.2853001998778,0.0,"[0.005298418399299905, 0.014089070878958271, 0.0005743586433972281, 0.0, 0.0019382008722267944, 0.002152316796410431, 0.0007239753380126903, 0.0011987037143268433, 0.0, 0.001097816716647973, 0.0, 0.0, 0.0, 0.00028857992960180543]"
weighted_water,261405,16,0.022090724408138657,224.3240187438966,0.0,"[0.006606194922519679, 0.007263795807384035, 0.0005529075804837193, 0.0013761549280651678, 0.0010890084589731083, 0.0, 0.0005282094017946205, 9.912819007650575e-05, 0.0008960238457748787, 6.578884696070361e-05, 0.00021562556711531212, 0.0020106297972883958, 0.0, 0.0013872570617025314]"
weighted_water,261405,17,0.021848501809149882,224.32611734436034,0.0,"[0.00698902026512721, 0.007259958653437151, 0.00038247432985992843, 0.0, 0.001272106587847826, 0.0007608797076117206, 0.00030080922588150504, 8.584734418015032e-05, 0.0010491369738060358, 0.0008109674423206921, 0.00018298664003697202, 0.0026106753462779224, 0.0, 0.0001436392927627679]"
weighted_water,261406,0,0.0012689110969007155,224.44325818608772,0.0,"[0.0, 0.00022412440504883946, 0.0, 0.00022776745892678387, 0.0002765983979063105, 0.00019364567784113548, 0.0, 5.987912245133499e-05, 3.070574912361721e-07, 0.00010488532715107448, 8.20188107072828e-05, 9.968483937671774e-05, 0.0, 0.0]"
weighted_water,261406,1,0.0026330723985677124,224.4349724419509,0.0,"[0.00012091126487467686, 0.00016926425492019614, 0.0012437140604595236, 0.000250682545555407, 0.0003591547958520285, 0.00011687819740901389, 0.0, 0.0, 3.335734053550928e-07, 0.00019845445452436322, 0.0, 0.0, 0.0, 0.00017367925156714807]"
weighted_water,261406,2,0.0027815393561291426,224.43482397499332,0.0,"[0.00012091126487467686, 0.00016926425492019614, 0.0012437140604595236, 0.000250682545555407, 0.0003591547958520285, 0.00011687819740901389, 0.0, 0.0, 3.335734053550928e-07, 0.00019845445452436322, 0.0, 0.00014846695756143012, 0.0, 0.00017367925156714807]"
weighted_water,261406,3,0.0023896471305750624,224.43765852227364,0.0,"[0.00013743631085052634, 0.000464560342795648, 0.0003872778842270446, 0.00023269923838986086, 0.00037501597844144345, 0.00010509002654320374, 0.0, 1.7216777305693392e-05, 4.4943331878393893e-07, 0.00018830299570986965, 1.105938645216346e-05, 0.00017367913981084483, 0.0, 0.00029685961672998046]"
weighted_water,261406,4,0.0018741155948063378,224.43966719064252,0.0,"[0.00037826803674476236, 0.0003634617328531524, 0.0, 2.057028615431948e-05, 0.0003755976465279384, 0.00020032960535450056, 2.031381343173879e-05, 0.0, 2.2672753271422375e-07, 0.00019548640582995051, 0.0, 0.00010450635804604078, 0.0, 0.00021535498233122018]"
weighted_water,261406,5,0.0018249658053750965,224.44091047564012,0.0,"[0.0003851167008480776, 0.0002013794720403233, 0.0, 0.0001628295748769561, 0.00015258864090031253, 7.19339801832267e-05, 0.00010751263372250204, 7.494127614342509e-05, 2.08263871056336e-07, 0.0, 0.0, 0.0002306989529141816, 0.0, 0.00043775630987503495]"
weighted_water,261406,6,0.00262764533580738,224.43740055685848,0.0,"[0.0003937669855694904, 0.0005599075217091077, 3.728474264051675e-05, 0.00017583012090932075, 0.000246191806497369, 3.397816323918322e-05, 0.00015970783364132034, 0.00021014648978489727, 1.5379735973091946e-07, 6.563470699431856e-05, 0.0, 0.0002217611971726792, 0.0, 0.0005232819702894458]"
weighted_water,261406,7,0.002631057394177595,224.437253677594,0.0,"[0.0003972505992381275, 0.0003992261831817176, 9.752928622141359e-05, 0.00022357458998443493, 0.0004425263473190195, 0.00011057741111601101, 8.475062843212245e-06, 0.00018201579882842214, 2.887689370816671e-07, 0.00010201038500174352, 0.0003508166902689146, 0.0, 0.0, 0.0003167662712374965]"
weighted_water,261406,8,0.003457649125286801,224.43117289473903,0.0,"[0.0004331880724116781, 0.0004221292468625784, 0.0012032142354652558, 0.00021657783737010636, 0.00023442470125094615, 9.725330840309951e-05, 2.4200900270443485e-05, 2.9520953819219156e-05, 4.905719970341989e-07, 4.637067541748887e-05, 2.8099296142905496e-05, 0.00030010387286524105, 0.0, 0.00042207545301080465]"
weighted_water,261406,9,0.003003820135174932,224.4335963373057,0.0,"[0.0004340365835934833, 0.00022610989931351428, 0.0011406420354366854, 7.593100843219613e-05, 0.00027046394643942133, 9.33005139128303e-05, 0.0, 0.0, 2.847392899836078e-07, 4.727779897094624e-05, 7.473296810299869e-05, 0.00031854786897507297, 0.0, 0.00032249277270779924]"
weighted_water,261406,10,0.0023278249039186696,224.437862626461,0.0,"[0.0004757710989729973, 0.0004460326148013501, 5.775478515250082e-05, 9.222184275644667e-05, 0.00037395093320259296, 0.0, 2.344115705530902e-05, 0.00021725632807622323, 3.0820611892784617e-07, 0.0003065162689873176, 0.0003345716687950042, 0.0, 0.0, 0.0]"
weighted_water,261407,0,0.005432573737749221,224.43020054603804,0.0,"[0.0, 0.0, 0.0, 0.0009265082784568723, 0.0022366840748010617, 0.0007713265626352175, 0.0004081417607714392, 0.0, 0.0002799180455564573, 0.00046811705697164197, 4.031123348414541e-06, 6.780010456229331e-05, 1.832157937452565e-05, 0.00025172515127129584]"
weighted_water,261407,1,0.004680634546876118,224.4328205779426,0.0,"[6.246964465238019e-10, 0.0, 0.0, 0.0007554124837048122, 0.002128919696144491, 0.00023558557186715483, 0.0006192029707110093, 0.0, 0.0001703699182353315, 0.00038520825069064283, 6.8288744735132e-05, 5.973322460905629e-05, 6.537767979600766e-06, 0.0002513752935024409]"
weighted_water,261407,2,0.0044790925964262734,224.4355551068644,0.0,"[7.565110619622075e-10, 0.00017586618301115988, 0.0, 0.0, 0.0020280919391010214, 0.0, 0.0008263223282163599, 0.0006296345806054306, 1.3114687464418505e-06, 0.00036411078501418523, 0.00019393421628796398, 2.919657038335966e-06, 0.0, 0.0002569006818943128]"
weighted_water,261407,3,0.004483598172178397,224.4355280734099,0.0,"[7.565110619622075e-10, 0.00017586618301115988, 4.50557575212321e-06, 0.0, 0.0020280919391010214, 0.0, 0.0008263223282163599, 0.0006296345806054306, 1.3114687464418505e-06, 0.00036411078501418523, 0.00019393421628796398, 2.919657038335966e-06, 0.0, 0.0002569006818943128]"
weighted_water,261407,4,0.004484298280932301,224.43552387275736,0.0,"[7.565110619622075e-10, 0.00017586618301115988, 5.205684506027667e-06, 0.0, 0.0020280919391010214, 0.0, 0.0008263223282163599, 0.0006296345806054306, 1.3114687464418505e-06, 0.00036411078501418523, 0.00019393421628796398, 2.919657038335966e-06, 0.0, 0.0002569006818943128]"
weighted_water,261407,5,0.005724260904082411,224.42787295024135,0.0,"[2.2732732111507372e-09, 2.2000212348744877e-05, 1.549076861097502e-07, 0.001481690463700403, 0.002145268665412889, 0.0006938804563444837, 0.0005196683654618852, 1.9491266519903784e-06, 0.00010342194242893591, 0.00033776484644137863, 0.00016597372837981857, 1.4997641486152065e-05, 0.0, 0.00023748827446640718]"
weighted_water,261407,6,0.005215109431040013,224.43237580558755,0.0,"[4.8962276980004e-09, 0.0, 0.0, 0.0003516162594584681, 0.002015704315036531, 0.0010164347441565752, 0.0009226032365814635, 0.00013849321067211436, 1.2774709651255314e-06, 0.00034391351057757983, 0.00014588431438436014, 9.996447492027138e-07, 2.0655408393222697e-05, 0.00025752241983767216]"
weighted_water,261407,7,0.004340517800415272,224.4356004354898,0.0,"[3.0540650693493445e-08, 2.3495227115047612e-05, 0.0, 0.0012412578195573566, 0.0, 0.0012817167927443047, 0.00038939669882495935, 7.991845757467314e-06, 7.609055748658935e-05, 0.0009019786415230227, 0.00014580699848066241, 1.0956107200151823e-05, 2.1941370696618155e-05, 0.00023985520037839638]"
weighted_water,261407,8,0.006372097251671331,224.42614335067827,0.0,"[7.603488631569609e-08, 3.644830409676015e-05, 0.0, 0.0018535619768598613, 0.002138375838527333, 0.0006262025517639404, 0.00018354947468499213, 9.165977600847365e-08, 0.0002275361246495038, 0.0007450313684276264, 0.0001431966716917886, 6.14199009403984e-05, 1.4343029703756507e-05, 0.000342264315663045]"
weighted_water,261407,9,0.0033339430486822473,224.44359527122666,0.0,"[1.1058367379155222e-06, 3.13352766374712e-05, 1.108742967395624e-06, 3.751195647315874e-05, 0.0, 0.0002704445363059943, 0.0001785525944027266, 7.87346451240097e-05, 0.0009244161530961515, 0.0010712728928549584, 0.00041377452473892684, 6.571022494906906e-05, 4.0851517425446355e-07, 0.0002595671492202158]"
weighted_water,261407,10,0.0036365943419152226,224.4356321914493,0.0,"[1.8771639985075782e-06, 8.559095521551381e-06, 6.719505876292355e-05, 0.00038059501124749687, 0.002061955119446182, 0.0002198414079171073, 0.00018281597464802404, 9.305034685872405e-05, 0.000406618082659169, 0.00014577087126813341, 5.064007199242217e-05, 0.0, 1.7676137594981302e-05, 0.0]"
weighted_water,261407,11,0.004585163462105558,224.4353524185475,0.0,"[1.970706728608053e-06, 0.0, 0.0, 3.8714455848291916e-05, 0.00212538981353112, 0.000551974237473263, 0.0004136473043313643, 0.00012352164280823364, 0.0005163248101935714, 0.0004129973746331501, 0.00017162998752404625, 6.654085307001347e-05, 1.16997505921266e-08, 0.00016244057621330428]"
weighted_water,261407,12,0.005686979355395402,224.43004126636583,0.0,"[2.020907633088628e-06, 1.0721313083038154e-06, 0.0, 0.002439782739989645, 0.0, 0.0012460220887790016, 0.0, 4.673054302183437e-05, 4.449866047258356e-05, 0.0010829001474067616, 0.00040659706455081887, 1.696783896743471e-05, 7.193091191527564e-06, 0.0003931941420744026]"
weighted_water,261407,13,0.006132804867555802,224.4261666036154,0.0,"[2.0835758103517334e-06, 2.8302765461125154e-05, 0.0, 0.003325253479546252, 0.0, 0.0011075879876809092, 0.0, 0.0006801321501060991, 2.2116308459049295e-05, 0.0005621767737374543, 0.00032370930413477134, 1.9833687099414465e-05, 0.0, 6.160883552037576e-05]"
weighted_water,261408,0,0.005847539626534882,224.4309125155265,0.0,"[0.0, 0.0004977644795457968, 0.00038022803984935204, 0.0003444053126678353, 0.0008912322910807069, 0.00092051384653635, 0.0004598719535184872, 0.00047725153732794374, 0.0, 0.00010905096245965429, 0.0003713344710564228, 0.0003558869587882897, 0.0004403799789758466, 0.0005996197947281965]"
weighted_water,261408,1,0.005612546867009981,224.43241932626086,0.0,"[0.0, 0.0007271536484657925, 0.00038805874018878254, 0.00022363622745450405, 0.0003295396355047698, 0.0006687486622093876, 0.00044425013965542826, 0.0, 0.0, 0.00010663467906298367, 0.00038853494800854396, 0.0002721550687686303, 0.0007926641352346763, 0.0012711709824564815]"
weighted_water,261408,2,0.006129093899424815,224.427587121243,0.0,"[0.0, 0.0009960910460049064, 0.00029586205768426143, 0.0015041581809767484, 4.8719207178026056e-05, 0.00022231269517197322, 0.0002205125573479998, 0.00047814753221162487, 0.00016373664210243588, 0.00013629549022344903, 0.0, 4.6931322195916386e-05, 0.0007712291630754413, 0.0012450980052520321]"
weighted_water,261408,3,0.006720025306689928,224.42286972869383,0.0,"[1.2215728578721372e-05, 0.0010811671944753447, 0.0007852387024634079, 0.001488658809701528, 6.396738726871671e-05, 0.0007822190619347493, 0.00020056369580391086, 0.0, 0.0002396023568759189, 0.0004387978837668155, 0.000432803292320352, 0.00021001639312329107, 0.0, 0.0009847748003771724]"
weighted_water,261408,4,0.007833996189019872,224.41753944722416,0.0,"[6.798026287174605e-05, 0.0013011074648744444, 0.0012477837577041663, 0.0014815701362254155, 6.39210643815017e-05, 0.0008932404378496764, 0.00020060655518829926, 0.0004711269463642944, 0.0006922912980120477, 0.00012777485185570575, 0.00015041837124253003, 0.00031336239312155107, 0.0, 0.0008228126493284938]"
weighted_water,261408,5,0.005930055993572266,224.42847583784683,0.0,"[0.00015118393155613344, 0.00011214766840837358, 0.00034880339134855346, 0.000503634225196797, 0.001253097778501991, 0.0017322809201094826, 0.0008805235950006163, 0.0008362540909175947, 0.0, 3.340270293839302e-07, 0.00011179636550333952, 0.0, 0.0, 0.0]"
weighted_water,261408,6,0.006575646161107679,224.42472936685382,0.0,"[0.00015446290151819144, 6.40756706394741e-05, 0.0010486261044149654, 0.0015986486482515107, 0.0004425719634557482, 0.001020251553717304, 0.0002233485376741648, 0.0004420532552453277, 0.0, 0.0001806153274826357, 0.0, 0.00021729075441499516, 0.00015564102594425126, 0.0010280604183491113]"
weighted_water,261408,7,0.006616969621606005,224.42468804339333,0.0,"[0.00015446290151819144, 6.40756706394741e-05, 0.0010486261044149654, 0.0015986486482515107, 0.0004425719634557482, 0.001020251553717304, 0.0002233485376741648, 0.0004420532552453277, 0.0, 0.0001806153274826357, 4.1323460498325165e-05, 0.00021729075441499516, 0.00015564102594425126, 0.0010280604183491113]"
weighted_water,261408,8,0.007189704100600928,224.42190370270535,0.0,"[0.00016974603026359046, 0.0011824508483883453, 0.0003989807745346139, 0.0015570065273827261, 0.00014586690805917161, 0.000848948055251732, 0.00026523907499177474, 0.0007074763095694141, 9.265320692705673e-05, 0.00021072471191819895, 2.9864810220846453e-05, 0.00025944352418499753, 0.0002988115125595601, 0.0010224918063488993]"
weighted_water,261408,9,0.006238136763833141,224.42575276440067,0.0,"[0.0001776080364745294, 0.00101928578062243, 0.00032838666768828336, 0.0015584144125798654, 0.00016306304270122008, 0.0, 0.0002853477796370214, 0.0004993782679524488, 0.0, 0.00010541260662515504, 0.0, 8.795056472417142e-05, 0.00076681848126908, 0.0012464711235589368]"
weighted_water,261408,10,0.009461475744582856,224.41411120323144,0.0,"[0.000623105671485464, 0.0007303449819746787, 0.000856579530898757, 0.0017289829794574865, 0.0009631749916368814, 0.0007975784422518486, 0.0, 0.0012823258004189691, 1.1072171504475223e-05, 7.206432672160633e-05, 0.0008118990615743237, 0.00017735453999168435, 0.0002629793537463155, 0.0011440138929203656]"
weighted_water,261408,11,0.009718297306340532,224.41298541377483,0.0,"[0.001340356890708467, 0.0008471411559191074, 0.00043525032057317313, 0.0010929189495985506, 0.0009736927419147934, 0.000541665792521214, 0.0002786065362604133, 0.0, 0.0009174464226811994, 0.0006488398216630267, 0.0, 0.00047233372906998783, 0.0021700449454305987, 0.0]"
weighted_water,261408,12,0.008820666656715437,224.4152751545846,0.0,"[0.0013662306940074788, 0.0008808623009389435, 0.00025982137725880723, 0.001523447565890322, 1.7209940103377466e-05, 0.0007105109566638156, 0.00018984121150274395, 0.0003923716579703495, 0.0005927375329497016, 4.4210761877481634e-05, 0.0001413134389687974, 0.00031026423135057296, 0.0015764134809611618, 0.0008154315062718844]"
weighted_water,261409,0,0.002356939995733263,224.43773890261008,0.0,"[0.00012383441102581331, 0.000809550877052668, 0.00018187740711828515, 0.0, 0.00019756340953999677, 0.00010576825854527276, 0.00046639747340166673, 0.0, 3.3206829946142844e-05, 0.0, 0.0, 0.00012423871366170058, 9.667758341349819e-05, 0.00021782503202821824]"
weighted_water,261409,1,0.006299929006721959,224.41990683236116,0.0,"[0.00016546020197896278, 2.3920618959523194e-05, 0.0, 0.004738105243869437, 0.0002534905271180677, 0.0002797351028535651, 0.00021913074191839507, 0.0002932982631435535, 8.252693275646943e-06, 0.0, 0.0, 7.43341066395589e-05, 8.412571827554386e-05, 0.00016007578868970423]"
weighted_water,261409,2,0.00670867905187022,224.41939926288367,0.0,"[0.0002180805213332704, 2.39623285455587e-05, 0.0001663068604090329, 0.004519047744573083, 0.000231948805215341, 0.0002030144406101626, 0.0002121198666436332, 0.0007763533529013855, 3.038406443453444e-06, 0.0, 1.0394369722698728e-06, 0.0, 8.409278257641305e-05, 0.0002696745056466164]"
weighted_water,261409,3,0.006620739517374465,224.4195385988956,0.0,"[0.00022344986115979345, 2.258197881465363e-05, 0.00015881149221608578, 0.004604912415551033, 0.00021467203178252464, 4.6756622219763666e-05, 0.00018978422293324247, 0.0007932655344375538, 2.410787579682965e-06, 0.0, 1.3383455495731645e-05, 0.0, 0.00014789932503758504, 0.00020281179014681403]"
weighted_water,261409,4,0.005343652315886973,224.42040021595807,0.0,"[0.0002319651681994283, 0.0007696788768704105, 0.0001489301023996994, 0.003562450613487334, 0.00022823078940707273, 4.399214129696361e-05, 0.0002471726706267633, 0.0, 0.0, 0.0, 4.5521000884658845e-06, 0.0, 0.00010667985351083471, 0.0]"
weighted_water,261409,5,0.006651076398394618,224.41941535830296,0.0,"[0.00023696181534405003, 2.2015355110456345e-05, 0.00016707306386404334, 0.004506100937773178, 0.00022785221469238986, 0.0001960792647278804, 0.00020725621659921793, 0.0007743457511978802, 3.0749168231023725e-06, 0.0, 3.277886825006496e-05, 0.0, 8.40760999684565e-05, 0.0001934618940438979]"
weighted_water,261409,6,0.0033892892227370256,224.43616164952803,0.0,"[0.00024005813576345912, 0.000734353208762785, 0.00016357095289882574, 5.169479267619358e-05, 0.00020974256637117927, 0.00011261889532265126, 0.0004834356213757641, 0.0009300524422914098, 9.25415223412662e-06, 0.0, 1.0022627956243344e-06, 0.00013274559300933188, 9.103745876784263e-05, 0.0002297231404678329]"
weighted_water,261409,7,0.001610571194089873,224.44213838436752,0.0,"[0.0002861443222177254, 6.652815353072844e-05, 0.0001773114331644362, 0.0, 0.00023625963319650134, 0.00012676459815403148, 0.0, 0.0002983743258393741, 1.9293202373033417e-05, 0.0, 0.0001387768777429142, 0.00010451496736104861, 9.370206624748991e-05, 6.290161426258996e-05]"
weighted_water,261409,8,0.0036183488160487524,224.43170678811643,0.0,"[0.0003261226268633312, 0.0007296554321058934, 0.0001577207875902007, 0.00099977527435507, 0.0002022555167060762, 5.179785163914306e-05, 0.0005160047980224695, 0.00035122751633611353, 2.938686081454173e-06, 2.01249280489071e-06, 4.8013151175935976e-05, 8.720263935033823e-05, 0.00010030954703767779, 4.3312495980157675e-05]"
weighted_water,261409,9,0.006988679019709723,224.4163971618895,0.0,"[0.00034919775575705236, 0.0004144721372574551, 0.00015611208015900668, 0.004518246124402105, 0.00020900479384481738, 0.0, 0.00020238269702159542, 0.0007467060450901436, 1.9822241861555997e-06, 2.3434772665155475e-06, 0.0001584552698020408, 0.0, 0.00020081489907705687, 2.8961515845776613e-05]"
weighted_water,261409,10,0.006814777637266844,224.4171614458858,0.0,"[0.0003900811967921463, 0.0002565675967284044, 0.00015053962450175078, 0.004501068852558697, 0.00020479761694680487, 5.743715128448838e-05, 0.00026756183286755095, 0.000751060229045239, 1.8658969420030412e-06, 2.083098192648201e-08, 0.0, 0.0, 0.00019738518097289247, 3.639162764494091e-05]"
weighted_water,261409,11,0.006742856147910056,224.41843673216314,0.0,"[0.0004229358696912374, 1.8621739048992926e-05, 0.00017300677189084867, 0.004485737789580254, 0.00022553523658286464, 1.9839372847088365e-05, 0.00022386069357749363, 0.0007495227748405958, 1.5385241319122417e-06, 2.493663971483995e-07, 0.0001181647689668494, 0.0, 0.0001524639390135775, 0.00015137930134119358]"
weighted_water,261409,12,0.004985814220424653,224.4222086433099,0.0,"[0.00134980264690761, 0.0005388744577450994, 7.432492893536417e-05, 0.0016638447426747841, 0.0002737080952672433, 5.808668692654933e-05, 0.00015937591987775495, 0.0, 6.907149341612888e-07, 5.3624096351935924e-05, 0.00014293318307003887, 0.00034948192241162095, 0.00020693735182296413, 0.00011412947349952799]"
weighted_water,261409,13,0.004364684785703181,224.42921288201384,0.0,"[0.0013743107453794928, 0.0005387977097300641, 4.7739660769763393e-05, 0.0, 0.00032956108891355287, 9.654890414659766e-05, 0.00014899234553957848, 0.0006918228388857858, 3.0986647310151204e-05, 0.0003334536294418849, 0.0, 0.0004289524616017832, 0.00022402175745364324, 0.0001194969965308829]"
weighted_water,261410,0,0.002781586002167604,224.43831045887103,0.0,"[0.0, 3.629209613739247e-05, 0.0011590873981298126, 5.57024633701216e-05, 1.7290028587903616e-05, 1.3205785960630227e-05, 0.0005936740481899672, 0.0, 0.0005767890432148832, 2.9795029810054837e-05, 0.0, 0.00026192347847553996, 3.782663029129835e-05, 0.0]"
weighted_water,261410,1,0.003747094695949721,224.43409233480355,0.0,"[0.0, 4.1033505120849836e-05, 0.0010159470432502542, 0.0008262560381972949, 0.00012959327876829984, 0.00044686786091311634, 0.0002470945426205044, 4.665662851218831e-05, 0.00021786291251841829, 0.00023381315759015908, 3.862844834368464e-06, 0.0, 0.00015082024998410893, 0.0003872866336401586]"
weighted_water,261410,2,0.0036477380390724148,224.43546316208193,0.0,"[0.0, 4.417925697672695e-05, 0.0011627096001507982, 0.0004109505334227362, 0.00011161532969542148, 0.0002554162041978325, 0.0003209958052120206, 9.293235245466227e-05, 0.00038453878878882405, 0.00016587642574690872, 8.77810527913087e-05, 1.334346573047602e-05, 0.0, 0.0005973992239046994]"
weighted_water,261410,3,0.0030798200899248432,224.43748458520716,0.0,"[0.0, 5.105621000957613e-05, 0.0011637264632791682, 0.0, 0.0001450727855718748, 0.00028292114912417216, 0.0003095644714966945, 9.849855976673357e-05, 0.00023585462411324686, 0.00017979330354803675, 0.0, 1.4513116692498493e-05, 0.0, 0.0005988194063228416]"
weighted_water,261410,4,0.002414418229318639,224.43943480081865,0.0,"[0.0, 5.111770233621049e-05, 0.0003341021333011881, 0.0005336106146132009, 0.00031528788157396376, 0.00044055683940774317, 0.00021214428952153624, 8.216005556262228e-05, 0.00027465535812316405, 6.970145540706381e-05, 3.27190938590036e-06, 1.2204866349379043e-05, 4.0915824455647616e-05, 4.4689299281019216e-05]"
weighted_water,261410,5,0.0032728116059100283,224.43640011543732,0.0,"[0.0, 6.385893458708826e-05, 0.0011890122716941263, 0.0, 0.000315643656487158, 0.0003940260316374637, 0.00026387495807173923, 0.0001011315209314058, 0.0003622802256874237, 9.088492631145685e-05, 1.0768629795712978e-05, 4.409383439455211e-06, 0.0, 0.00047692106726699877]"
weighted_water,261410,6,0.004301688101658372,224.43045153356945,0.0,"[0.0, 8.332603995076724e-05, 0.0016390653617720536, 0.0009928460482582593, 0.0, 0.0002900555436175837, 0.0, 0.0003904840700900595, 0.00035261412427209414, 0.0, 8.655139019448418e-06, 0.0, 0.0005446417746781062, 0.0]"
weighted_water,261410,7,0.004233640101929384,224.43079642770283,0.0,"[0.0, 8.341891204015449e-05, 0.0012723445065899752, 0.0012976546224939677, 0.00011912201164404455, 0.00026664863374557433, 2.64143976503279e-05, 8.583139611900779e-05, 0.0003613921246771941, 8.893330887271691e-05, 1.5863719501293953e-05, 2.8990501507520755e-05, 0.0004648635639372539, 0.00012216240315035155]"
weighted_water,261410,8,0.003903655344381854,224.43379333781803,0.0,"[0.0, 8.368884233495532e-05, 0.0009811101756614792, 0.0011516432975675563, 6.72853720993864e-05, 0.0, 8.689359867682282e-05, 0.00018164634171720468, 0.0003266809178629152, 7.617613245909168e-05, 3.682318590057903e-06, 0.0005622497165410608, 0.00038242757148013694, 1.7105939118641478e-07]"
weighted_water,261410,9,0.0031964013297905557,224.43670027845573,0.0,"[0.0, 9.866332625277592e-05, 0.0012465383651131328, 5.791817389994728e-07, 0.00010328866387118539, 0.00019362916907344493, 0.0005792073746906795, 0.00015970580730478786, 0.0003287541818294432, 2.4493969129063008e-05, 0.0, 0.00024743070327881147, 0.00021411058750823216, 0.0]"
weighted_water,261410,10,0.0032900039019366756,224.43589257196342,0.0,"[0.0, 0.00012222751213528173, 0.0007416212681322727, 0.0008822102370378195, 0.00010704253276799715, 4.879964354608793e-05, 0.0004283848876344878, 6.084269432540397e-05, 0.00037116994765680033, 2.110252999909416e-05, 6.816370919573545e-06, 0.0, 0.00044298795017853816, 5.679832760331833e-05]"
weighted_water,261410,11,0.0024735785315640963,224.43929212888978,0.0,"[0.0, 0.00012596116402084927, 0.0005608523239737553, 0.00036908238047003163, 0.0, 0.00045887435201997953, 0.0002801857487435879, 1.7282256557890636e-05, 0.00036996145916856724, 0.00011971025080583941, 2.017132154954826e-05, 0.0, 8.363500572880561e-05, 6.786226852524124e-05]"
weighted_water,261410,12,0.004600980814389336,224.43021402034583,0.0,"[0.0, 0.00028713786187409095, 0.0010948724192064154, 0.0007069289921447364, 0.0010533645346477928, 0.0, 0.0, 6.942486073333448e-05, 0.00041960250429144545, 4.340200825048104e-06, 0.0, 0.0, 0.0004268088579313512, 0.0005385005827351207]"
weighted_water,261411,0,0.00338590517139578,224.43945083926198,0.0,"[0.0, 0.000600913267133833, 0.0002724462252458958, 0.0, 4.19238469420726e-05, 0.0, 6.977329676509786e-05, 0.0012566512327955306, 0.0, 0.0, 0.0, 5.16178611109564e-05, 0.0005633222099547372, 0.000529257231447657]"
weighted_water,261411,1,0.0029258563734538318,224.4394977944119,0.0,"[0.0, 0.000600913267133833, 0.0002724462252458958, 0.00010327341201278848, 4.19238469420726e-05, 0.0, 6.977329676509786e-05, 0.0012566512327955306, 0.0, 0.0, 0.0, 5.16178611109564e-05, 0.0, 0.000529257231447657]"
weighted_water,261411,2,0.0034891785834085687,224.43893447220196,0.0,"[0.0, 0.000600913267133833, 0.0002724462252458958, 0.00010327341201278848, 4.19238469420726e-05, 0.0, 6.977329676509786e-05, 0.0012566512327955306, 0.0, 0.0, 0.0, 5.16178611109564e-05, 0.0005633222099547372, 0.000529257231447657]"
weighted_water,261411,3,0.0018565836205619085,224.44302846948895,0.0,"[2.676800680291655e-05, 0.00041106790639316624, 0.0, 5.0719376396459675e-05, 8.609529962160985e-05, 0.0, 0.0, 0.0005758698749189502, 0.0007060631564288058, 0.0, 0.0, 0.0, 0.0, 0.0]"
weighted_water,261411,4,0.00262802816822409,224.44065297833586,0.0,"[2.676800680291655e-05, 0.00041106790639316624, 0.00027925859422383924, 5.0719376396459675e-05, 8.609529962160985e-05, 0.0, 0.00020775363433269274, 0.0005758698749189502, 0.0007060631564288058, 0.0, 0.0, 0.0002844323191056498, 0.0, 0.0]"
weighted_water,261411,5,0.003851222925747899,224.43514738130457,0.0,"[6.923846991671809e-05, 0.0005009166382292114, 0.0002735484545333581, 0.00016629971647461517, 0.0005509674181779753, 0.000912691628894852, 0.0, 0.0010329180436483634, 8.615167934359952e-05, 0.0, 1.544797915279557e-05, 1.8833414642226154e-05, 0.00013719644243868255, 8.701304029550127e-05]"
weighted_water,261411,6,0.003746192438928974,224.43798281804465,0.0,"[0.00010513389584664553, 0.00045431505543742733, 0.00026933435855876436, 0.00024759311122794433, 9.219472578927339e-05, 9.77667488790252e-05, 0.0, 0.001077971248838397, 0.0007393940917047384, 0.0, 0.0, 0.0003443954163136848, 0.00031809378633307394, 0.0]"
weighted_water,261411,7,0.003570404119944775,224.43824036782675,0.0,"[0.00013557421937556056, 0.0003108522409002616, 0.00020739956956411726, 0.00011098490669660604, 1.6832112885014017e-06, 0.0008316499336111104, 0.000225808096556726, 0.00030225977222485376, 0.0006928706939461036, 0.0, 0.0, 0.0004677316128919969, 0.00028358986288893744, 0.0]"
weighted_water,261411,8,0.003885703257899392,224.43491195262285,0.0,"[0.00026722712372757965, 0.00034647809281000285, 0.0001594145144654446, 0.0006029599141893086, 7.464454295940748e-05, 0.0008809377873340332, 5.8164263681907154e-05, 0.0004999659254562716, 0.0, 0.00035250740328788286, 0.0, 0.00020496554955425723, 0.0004384381404332963, 0.0]"
weighted_water,261411,9,0.004713809028737152,224.43259850046422,0.0,"[0.00026768442125872665, 0.00029335088895633595, 0.0, 0.001090528762863191, 4.119541975970822e-06, 0.0012839623827970157, 0.00011139578150348458, 0.0004791636380698089, 5.628272245377774e-05, 0.0, 0.0003415194719331903, 0.0007843416804407047, 0.0, 1.4597364849458349e-06]"
weighted_water,261411,10,0.005391588092912371,224.43025408573226,0.0,"[0.0003241650128649171, 0.00034187182616480437, 0.00021998404328389941, 0.000981118143184427, 0.00012134874123734274, 0.0013220762723141983, 1.3485702812143156e-06, 0.0, 1.1024707288785823e-05, 0.00045058173664912123, 0.0, 0.0009060742390468271, 0.0007091670523697512, 2.8277482270818316e-06]"
weighted_water,261411,11,0.005240332956808656,224.431614935222,0.0,"[0.00044492543823257776, 0.0004339603576586109, 0.00023279092918907163, 0.0009414445846840672, 9.678178703301002e-05, 7.99161844457707e-05, 4.658089297942833e-05, 0.0009978044176221098, 0.0006191421918848584, 0.0, 0.00010620791969788962, 0.0007119333558552564, 0.0005288448975260051, 0.0]"
weighted_water,261411,12,0.005675518869553329,224.42941963284585,0.0,"[0.0006054892704541581, 0.00037962369664865515, 8.188898546217672e-05, 0.0010182971263870706, 8.337491106241425e-05, 0.0008279615227271958, 0.0, 0.0003380324874332091, 0.0, 0.0010918897830303304, 0.0, 0.0008810663453533575, 0.0003678947409947607, 0.0]"
weighted_water,261411,13,0.005744111068602464,224.42485381105683,0.0,"[0.0015812409451422338, 0.00027720474747859516, 0.0, 0.00026588780671448544, 0.0, 0.0017358552947378543, 0.00013490095736707106, 0.00027617532174989976, 0.00018955777033544637, 0.00025720984833944665, 0.0, 0.0002740809598235711, 0.0007519974169138604, 0.0]"
weighted_water,261411,14,0.0063665347637454055,224.42054057325635,0.0,"[0.0023805930569542845, 0.0, 0.0, 0.00021218761548697431, 0.0, 0.0017157831472423566, 0.00014842382481247725, 0.00021535328045136802, 0.00018616194673769896, 0.00039232756516946037, 0.0, 0.0003774687872703876, 0.0007175239376026664, 2.071160201773008e-05]"
weighted_water,261412,0,0.0007560006128642769,224.44515117594082,0.0,"[0.0002431407379268406, 0.0, 1.4941761832980443e-06, 1.027007440124068e-05, 0.00011359531398277057, 6.29410728324981e-08, 1.3752782265662241e-06, 8.46001405046416e-05, 0.0, 0.0, 4.364547431813411e-06, 0.0, 0.0, 0.00029709740313427316]"
weighted_water,261412,1,0.0017663175293096225,224.44177887537958,0.0,"[0.0002465314565703073, 0.00044340353113831067, 2.9842403626237058e-06, 4.8482295758615975e-06, 0.0, 3.63971848516817e-06, 2.7072151136710105e-05, 0.00012193529934736096, 0.00040816394085126497, 2.737530258118011e-07, 0.00014131655873711446, 0.00013723723411127647, 1.7077210535285453e-05, 0.00021183420543252694]"
weighted_water,261412,2,0.0009542459190355541,224.44497959629487,0.0,"[0.00024999995675481013, 0.0, 1.1708788651350936e-05, 1.0670254698065286e-05, 7.128249474318454e-05, 1.671298784358415e-07, 7.513827458264107e-07, 0.00010728442584589884, 0.0, 0.0, 1.944671560762437e-05, 0.00018677336736927914, 0.0, 0.0002961614027410786]"
weighted_water,261412,3,0.000982812747942733,224.44471740405677,0.0,"[0.0002961718907285323, 0.0, 5.667606565094883e-06, 1.1298647946346772e-05, 5.047157007306218e-05, 6.515495872372688e-08, 1.5023154013799509e-06, 8.792426797595189e-05, 9.862740479851296e-05, 1.4738856821734779e-05, 5.503636201375614e-05, 5.075202153886807e-05, 5.7432252173825334e-06, 0.00030481342390338675]"
weighted_water,261412,4,0.00175281978818328,224.4421862172808,0.0,"[0.00029694763746638197, 0.0003151621239069455, 1.251762405713949e-05, 5.386092500225806e-06, 2.148376264758148e-06, 1.7904537304705565e-07, 4.210154955869017e-07, 0.0001859728061110168, 0.00039164475417780746, 0.0, 6.233823557161987e-05, 0.00016144275589514834, 0.0, 0.0003186593213636027]"
weighted_water,261412,5,0.0016077144234110774,224.4431087397797,0.0,"[0.00029791758893120526, 0.00018354579096509113, 1.2530318054970409e-05, 5.451705572645494e-06, 2.8388816049878604e-06, 1.936435624790354e-06, 0.0, 0.0002050124909677618, 0.0003932021026147991, 2.914520934140547e-05, 6.975739997218371e-05, 0.00011375850567105905, 8.271372072650061e-05, 0.00020990427336367687]"
weighted_water,261412,6,0.001486709035658521,224.44395516428798,0.0,"[0.0003434690579876448, 3.282234990293073e-06, 9.820973264187886e-06, 1.447290346479421e-05, 0.0, 2.2721886697057562e-06, 2.260900299886319e-05, 0.00042045726666309536, 0.00039976509204399185, 4.645984633124307e-05, 0.0001294704430565522, 2.063086178014667e-05, 7.399916440800286e-05, 0.0]"
weighted_water,261412,7,0.0016410163316067678,224.44239673011745,0.0,"[0.00047877337229792143, 2.4134077097896324e-05, 8.867466770674336e-06, 5.251237871312422e-06, 0.00012927644158747676, 3.7912324488178046e-06, 5.2814072547646075e-06, 0.0003800251919811975, 0.0, 2.6565657415133337e-07, 0.00010460406870173623, 0.00014310132429342656, 0.00013502255428431584, 0.00022262230044307665]"
weighted_water,261412,8,0.0018426371166664316,224.44133381115884,0.0,"[0.0005696885357465058, 6.541001002541312e-05, 0.0, 9.696762159614934e-06, 0.0001231362686543101, 2.304398042492454e-06, 3.046726343694698e-05, 0.00011514655643810176, 0.00012319105302547434, 9.509007664416525e-07, 0.00028652988051867603, 0.00016324652019076633, 2.861281620078093e-05, 0.00032425615146090706]"
weighted_water,261412,9,0.0021398542940094167,224.43798891848283,0.0,"[0.00076503519968962, 0.00035912767837971296, 0.0, 5.447826122170186e-06, 0.00010964579641284335, 3.0003173304578775e-07, 9.885997877711457e-06, 0.00022444690577356084, 8.45022966746746e-06, 2.1717712471818583e-07, 9.186107677985855e-05, 0.00016198763228020686, 8.29966281202527e-05, 0.00032045211404824815]"
weighted_water,261412,10,0.002459705553559646,224.43640188588705,0.0,"[0.0012573936225418567, 1.81788128070501e-05, 7.505837925094787e-06, 0.0, 5.8808948598941676e-05, 1.9777584808624287e-06, 9.668772367065278e-06, 0.00044630352233197216, 0.00020986651169073575, 1.9574656694271866e-07, 0.00012603618555514286, 0.0, 6.682375784788097e-05, 0.0002569460768461008]"
weighted_water,261413,0,0.0029399496119583424,224.43405817670123,0.0,"[0.00048060230847998, 0.000622695301528896, 8.327624637030779e-05, 0.0004809647083016775, 0.00040305461320075604, 4.124555116710067e-05, 0.00026959071130890956, 0.0, 0.00016158650198506354, 0.0, 2.0085665620803296e-05, 0.0, 0.0, 0.0003768480039948481]"
weighted_water,261413,1,0.0032293182208462754,224.431314690099,0.0,"[0.0011317022080591466, 0.0006419963977584408, 8.334623297409975e-05, 0.0, 0.00031180774556869694, 2.53627884345567e-05, 0.0002792178587270301, 0.0, 0.00015881291481898013, 0.0, 1.3956651978840426e-05, 4.050808304106236e-05, 0.00015062183432576134, 0.00039198550515966087]"
weighted_water,261413,2,0.004433769350575194,224.42254639633074,0.0,"[0.0018276452602141893, 0.0007381842368207683, 8.194138113225073e-05, 0.00047555065745191164, 0.0003826557615016201, 2.934344974277826e-05, 0.00027864835685122147, 0.0, 0.00013623485679795655, 0.0, 1.3887077313608328e-05, 8.46730013146244e-05, 0.0, 0.0003850053114342646]"
weighted_water,261413,3,0.006615479886014907,224.41702119438193,0.0,"[0.002291834100559118, 0.0007667421178132897, 8.100193953364279e-05, 0.0004619751803072702, 0.00037985733404423346, 2.4842791060458302e-05, 0.00027786631810089576, 0.0, 0.0001141611596221079, 0.0, 0.0, 0.0, 0.0018190867810809212, 0.0003981121638929698]"
weighted_water,261413,4,0.006686880849901376,224.41694979341804,0.0,"[0.002291834100559118, 0.0007667421178132897, 8.100193953364279e-05, 0.0004619751803072702, 0.00037985733404423346, 2.4842791060458302e-05, 0.00027786631810089576, 0.0, 0.0001141611596221079, 0.0, 0.0, 7.140096388646933e-05, 0.0018190867810809212, 0.0003981121638929698]"
weighted_water,261414,0,0.04315431031012688,224.28326987114403,0.0,"[0.0, 0.008173385860046577, 0.005015348201643409, 0.011371732973421254, 0.0, 0.0, 0.0019718304837391923, 0.005113541292920713, 0.0, 0.0007795031714433055, 0.007402376557179359, 0.0, 0.0033265917697330644, 0.0]"
weighted_water,261414,1,0.05296003453814089,224.22557676498243,0.0,"[0.0, 0.009612728615634402, 0.00975642340753515, 0.008938570268499904, 0.006488350460125949, 0.0027364622908559594, 0.002312454711889947, 0.0067618192242093625, 0.001279730999491652, 0.0013117978469340498, 0.0013142678534577021, 0.0011432171157200056, 0.0013042117437868062, 0.0]"
weighted_water,261414,2,0.04440383534655879,224.25720958192767,0.0,"[0.0009529800182889099, 0.008223749053390846, 0.0021401712760585737, 0.019263079502604693, 4.7074849333987936e-05, 0.00014539462463807138, 0.0021880400894478914, 0.0, 9.569409786980877e-05, 0.002839149909803521, 0.0065975169581517145, 0.0005277393877014693, 0.0013832455792692953, 0.0]"
weighted_water,261414,3,0.039632598517181136,224.28407004564076,0.0,"[0.0015052602713623588, 0.013724305462140342, 0.002280534459967635, 0.0, 0.005952996407547127, 0.0009463680393374489, 0.0002603035685367484, 0.000605232338492417, 0.001580725220538521, 0.0009821604525416026, 0.008203595625884259, 0.0011510823387145901, 0.002440034332118086, 0.0]"
weighted_water,261414,4,0.03041920217343752,224.34098777447883,0.0,"[0.001551255734234255, 0.0062754716417114005, 0.003276764912157, 0.0006163144953801176, 0.002169544072121675, 0.0010662384859063425, 0.000591211627323891, 0.0038505573257775275, 0.0, 0.0006615233126661817, 0.006893299473391127, 0.0009911898350663576, 0.0024758312577016477, 0.0]"
weighted_water,261414,5,0.04739795713994826,224.23379045397522,0.0,"[0.0022228103867232875, 0.013172512567895756, 0.002456216973144897, 0.00917952698947681, 0.006857046149232073, 0.0, 0.002646509499028727, 0.002310859870432747, 0.0014518101879749678, 0.000998782431076737, 0.0016466834915849944, 0.001430652161275955, 0.0030245464321013078, 0.0]"
weighted_water,261414,6,0.047168525769859734,224.248125970009,0.0,"[0.002282468053541522, 0.010604204139274378, 0.00458673416986382, 0.006983159820529026, 0.0056998686281659345, 0.0024675438299292664, 0.0002019993349224444, 0.0015550457666401755, 0.002747670662600626, 0.0010869052474348792, 0.0076170158640642876, 0.0011155475408280919, 0.0002203627120652747, 0.0]"
weighted_water,261414,7,0.05653396306749421,224.19149861113644,0.0,"[0.003112886199366048, 0.013155300647400388, 0.008232915648121765, 0.008837812957356498, 0.006728146176539439, 0.0, 0.002545149916417576, 0.005307813397454781, 0.0011739291754500752, 0.0008138615703446197, 0.0, 0.0018595365372086545, 0.004766610841834372, 0.0]"
weighted_water,261414,8,0.03325362194551809,224.32043125072985,0.0,"[0.004306036673527631, 0.007423962589484087, 0.0028039007396939127, 0.0, 0.0012283576202603258, 0.0, 0.0019245185138467452, 0.005831458721317335, 0.0017437292212786912, 0.002051872965416039, 0.000830957427267389, 0.001048600516346952, 0.004060226957078983, 0.0]"
weighted_water,261415,0,0.00648526591342436,224.4192083286299,0.0,"[0.0, 0.003701243496590602, 0.0, 0.0, 0.0, 0.0, 9.894447713469949e-05, 0.0, 0.001747626535285944, 0.0, 0.0, 0.0007623683172121781, 0.00017508308720093666, 0.0]"
weighted_water,261415,1,0.009074886033494817,224.40873944556944,0.0,"[0.001303208002662504, 0.003181164225374061, 0.0, 0.00023873647397926014, 0.00033956160526646146, 8.742350752575861e-07, 8.478443222091403e-07, 0.0, 0.0, 0.002913241249430056, 0.0001118738096387655, 0.0007626356964052628, 0.00017528811945292838, 4.745477188805064e-05]"
weighted_water,261415,2,0.007300858693836976,224.4092819917638,0.0,"[0.0016445799521530894, 0.003170932160066198, 0.0, 0.0, 6.496071787516016e-05, 0.0, 0.0006846147632593359, 0.0, 0.0008112787104547133, 0.0, 0.0, 0.0007390064416934319, 0.00017014584530513355, 1.5340103029913718e-05]"
weighted_water,261415,3,0.009169724793332883,224.40557471516786,0.0,"[0.0025268929360205833, 0.001766222566627229, 2.5375301123053816e-05, 0.0007077193878383985, 0.0002909297360428721, 1.0212098795304828e-06, 0.0011373884020419711, 0.0017835580672668611, 0.0, 0.0, 0.0, 0.0007372734263451277, 0.00017312014053369083, 2.022361961356561e-05]"
weighted_water,261415,4,0.0093745113722157,224.39486027921015,0.0,"[0.002799855315759989, 0.0035487386591133395, 0.0004196245693785171, 7.187046459478121e-05, 0.00014325631792175478, 1.712514733484466e-07, 5.807409066704242e-05, 6.120870166975091e-05, 0.0, 0.0018620253184432718, 0.00016551160303104006, 0.0, 0.0001769413020614257, 6.723377810143678e-05]"
weighted_water,261415,5,0.010593834515164874,224.38714048495086,0.0,"[0.003828539403818637, 0.00372302668844475, 2.118289357291178e-05, 0.00025501064516022083, 0.0, 8.937640365610388e-07, 0.0, 0.0, 0.0016447607799279596, 0.0, 0.00017599417417465154, 0.0007413314382345158, 0.00017708755032589787, 2.6007177468770104e-05]"
weighted_water,261415,6,0.01353461374481005,224.37844298609537,0.0,"[0.004293608426764787, 0.00309878479209584, 0.0005289222944964403, 0.0007937757910748163, 0.0, 6.160827496173074e-07, 0.001553485617632952, 0.0, 0.0, 0.0022834148702862126, 0.0, 0.0007630793179271416, 0.00019395758428044572, 2.4968967501798216e-05]"
weighted_water,261415,7,0.013011548068697275,224.3836659148249,0.0,"[0.004409613036632324, 0.003361130474777949, 0.0, 7.175377402546762e-05, 0.0, 7.239526138466631e-07, 0.0, 0.0005483581267509594, 0.0014536559514986107, 0.002225384158343669, 0.0, 0.0007611217299463761, 0.00015982491667564992, 1.9981947432424683e-05]"
weighted_water,261415,8,0.012451431335404951,224.3844126217924,0.0,"[0.004856541005264703, 0.002483799474996414, 7.990544612933561e-05, 0.0003063091898662456, 0.00020230981183891978, 2.8347798693937014e-06, 0.0, 0.0007115640722560208, 0.0, 0.0028658219561105962, 0.0, 0.0007410503529432391, 0.00017753960020438166, 2.3755645925702138e-05]"
weighted_water,261416,0,0.010346842462486582,224.40867460686067,0.0,"[0.0, 0.0, 0.004643934184351396, 0.0011193154558245928, 2.9575892639856668e-05, 0.00046572757453060666, 0.00026143510481118926, 0.0008547090636407695, 1.6757598209909806e-05, 1.9663906278042966e-05, 0.0, 0.0001674340492117394, 0.0027682896329884795, 0.0]"
weighted_water,261416,1,0.01067087130235915,224.4019201694535,0.0,"[0.0, 0.004690511216800595, 0.00034549071465355774, 0.0010356258830199923, 5.207728877708529e-05, 0.0003707026109147591, 0.000498297749870857, 0.0011249548774176024, 0.0, 0.0, 0.0, 1.5432941170265723e-05, 0.0025377780197344334, 0.0]"
weighted_water,261416,2,0.016410186471817564,224.35986490564392,0.0,"[0.0, 0.004707933646917974, 0.00749178516179878, 0.0011176821645283188, 3.428617125186539e-05, 0.0003741006549256841, 0.0006965917120429224, 0.0003668488784078672, 1.733654047391166e-07, 1.967719665400102e-05, 0.0007504021763545705, 0.0, 0.000850705343530843, 0.0]"
weighted_water,261416,3,0.011045172722292676,224.39721726353278,0.0,"[0.0001409345351924559, 0.005141372002865681, 0.0005712633987647256, 0.001035048012394596, 2.4977279352036246e-05, 0.0003208980098609765, 0.00018955308015652117, 0.001125214473615663, 0.0, 1.9434214463584164e-05, 0.0, 0.0, 0.0024764777156264365, 0.0]"
weighted_water,261416,4,0.014134848998554658,224.36908112910115,0.0,"[0.00020212686532046392, 0.004835539977752294, 0.005959740761535947, 0.001034141086383757, 4.4987439677133495e-05, 0.00014283175213833507, 0.0, 0.0011285816065636533, 1.0984990709183585e-05, 0.0, 4.539806357768092e-05, 6.124653111241201e-05, 0.0006692699237837975, 0.0]"
weighted_water,261416,5,0.012291180810918387,224.38749614658477,0.0,"[0.0006477317284937574, 0.0045915340416328885, 0.0028250603740086365, 0.0, 5.94787569484317e-05, 0.0, 0.0018256081141520715, 0.0016810227376292848, 1.551869968096811e-05, 1.983638745174398e-05, 0.0005721677564471098, 5.3222214473490826e-05, 0.0, 0.0]"
weighted_water,261416,6,0.005996669636408137,224.43062479962282,0.0,"[0.000717211990699199, 0.0, 0.0002490739864901676, 0.0010964908640454085, 0.0, 0.00036335670861749634, 0.0, 0.0008819308927083842, 3.17911563746362e-06, 1.9456989730138386e-05, 0.00014483382926386998, 5.27342996092355e-05, 0.002468400959606774, 0.0]"
weighted_water,261416,7,0.015776780989080287,224.3626621822352,0.0,"[0.0007536459294619196, 0.004598743065158622, 0.006237643223620305, 0.001110562684351456, 7.361843566189465e-05, 0.00042086735801605615, 0.0, 0.0016800291597546997, 7.874497696383275e-06, 1.9575275005667586e-05, 0.0008647080335556011, 9.513326797681637e-06, 0.0, 0.0]"
weighted_water,261416,8,0.015354887601369667,224.36291108228522,0.0,"[0.001220251656467509, 0.006404547224014305, 0.0033510239084823907, 0.0011164219598316916, 3.207537377853847e-05, 0.00040643345753657296, 0.0006350847558711844, 0.000784573563870298, 0.0, 1.966247900422053e-05, 0.00044135097158465113, 5.671278895099986e-05, 0.0008867494619773041, 0.0]"
weighted_water,261416,9,0.012570351685406909,224.38530787450446,0.0,"[0.00135109387579325, 0.004203555890408973, 0.002066672602701003, 0.000969415528006745, 7.577331906851032e-05, 0.0005022181271750987, 0.0, 0.0009792913553292224, 1.2559497537142688e-05, 0.0, 0.0, 1.2296194442538838e-05, 0.0023974752949444253, 0.0]"
weighted_water,261416,10,0.01612325630479255,224.36226513805516,0.0,"[0.0021705309708404284, 0.004336382584335788, 0.004472049346801094, 0.0011132865990560506, 3.0351267200836077e-05, 0.0005137686971387937, 0.0004676090120100595, 0.0012036810667035915, 1.6516874350819295e-05, 1.948768288287349e-05, 0.0017698850663068091, 9.70713716540903e-06, 0.0, 0.0]"
weighted_water,261416,11,0.01785780771281313,224.34671921392825,0.0,"[0.003185954258876535, 0.006334148636109317, 0.0034999055050348488, 0.0010128546618868837, 3.290553984184737e-05, 0.00041257089552512835, 0.0006416021468300772, 0.0009546504643287561, 1.5775746161290433e-05, 1.9679688657793977e-05, 0.001613395625848563, 0.0001343645437120881, 0.0, 0.0]"
weighted_water,261416,12,0.013168144011448828,224.37238472537894,0.0,"[0.004943892574996136, 0.0036821463968309356, 0.0, 0.0011183061984694244, 8.250538504089551e-05, 0.0, 0.0010262632546025243, 0.0016410770060385261, 1.4240034353403412e-05, 1.982908871243396e-05, 0.00029364713108667354, 8.161951768303211e-05, 0.00026461742363484333, 0.0]"
weighted_water,261416,13,0.012345081212455635,224.38535080507862,0.0,"[0.0056119375264944635, 0.0011540289441006406, 0.0, 0.0, 6.199331925751954e-05, 0.0, 0.003910397401131448, 0.0013640197498444877, 1.5117289014386746e-05, 1.9720197591358488e-05, 9.502764893226613e-05, 0.0001128391360890633, 0.0, 0.0]"
weighted_water,261417,0,0.005118239349391329,224.43885574270408,0.0,"[6.9591352451789635e-06, 0.00011918085351978136, 0.0005819780823395667, 0.0, 0.0, 0.0001616831027122172, 2.8962261532537148e-05, 0.0012559867671691014, 0.0009021737552373763, 2.403443040424597e-05, 9.586172122304356e-05, 0.0, 0.0019414192400082808, 0.0]"
weighted_water,261417,1,0.005879950488086712,224.4328624265885,0.0,"[8.487820719417983e-06, 0.000341047311081448, 0.0, 0.0016989328025108319, 0.0, 0.00016776710323600233, 2.0658895409592454e-05, 0.0013631793611460887, 0.0, 2.4474012272395732e-05, 0.00010007241006081434, 0.0002336525070753101, 0.0019216782645748109, 0.0]"
weighted_water,261417,2,0.007179065817781359,224.4216934600491,0.0,"[1.7852225383817574e-05, 0.0009616503661838999, 0.00048714797567049096, 0.0025854519916527984, 0.0, 0.00010733215372985116, 0.00024039420589762718, 0.0, 4.320167700363186e-05, 5.6062353557450724e-05, 1.2892593516579804e-05, 0.0007587076265461019, 0.0019083726486391105, 0.0]"
weighted_water,261417,3,0.010810302419439236,224.41111867055622,0.0,"[2.097344633037299e-05, 0.001019022628094493, 0.0012170089450934509, 0.0022294034063354024, 0.0014842842454936467, 0.00010640019287773074, 0.00014176565839996337, 0.0008287607775500651, 0.00042090977326949354, 0.0004335134830420234, 0.00012819458841632612, 0.0009192498345280759, 0.001851017120198682, 9.79831980951016e-06]"
weighted_water,261417,4,0.00915755969063954,224.41526326511874,0.0,"[3.0886439560045936e-05, 0.0010234385446908421, 0.0005189383310373722, 0.0035646961642919603, 0.0, 0.00010807532873866254, 0.00015271187573732828, 0.0001302011069237699, 8.26742521605393e-05, 5.273766017224441e-05, 3.3764103197084776e-07, 0.001447131644410596, 0.0018303460787672924, 0.00021538462311691416]"
weighted_water,261417,5,0.0062933251532314325,224.42691684020963,0.0,"[3.094523256736642e-05, 0.0010090053192865218, 0.00029860261725716007, 0.0016906234783739614, 0.0, 5.607741639408692e-05, 0.00015152426089229913, 0.0, 0.0, 3.346807206918739e-05, 3.1447368171228873e-06, 0.0009427161414045656, 0.0018311461091155537, 0.00024607176905360714]"
weighted_water,261417,6,0.0088482970723955,224.41999291320707,0.0,"[3.7458878974271636e-05, 0.0007666562820575485, 0.0004569071023324885, 0.0027386126374490598, 2.511078420746151e-05, 0.00042461263648578605, 0.0001330961882977058, 0.002957609444527154, 0.0, 6.532710618690473e-05, 0.0, 0.00046434694979092357, 0.000726067049588881, 5.2492012497317625e-05]"
weighted_water,261417,7,0.012146281446354067,224.40214724572144,0.0,"[4.25529377434888e-05, 0.0, 0.003145003286470771, 0.0020815006102414503, 0.0029172643230230004, 0.00010311090501072828, 0.000399568615646871, 0.0, 0.0, 0.0, 0.0010138890859086808, 0.0005108713965005329, 0.0017502415012469962, 0.00018227878456154745]"
weighted_water,261417,8,0.012500572679749019,224.40166988343807,0.0,"[4.2827453035718045e-05, 0.0, 0.0031092020119583897, 0.00235836101944373, 0.0027076743364782795, 7.067915086815557e-05, 0.000285916262219314, 0.0, 0.0002184941966739522, 0.0, 0.0008447217739557014, 0.0008696461787529468, 0.0017648967446380972, 0.00022815355172473348]"
weighted_water,261417,9,0.008866066511505125,224.41900720062912,0.0,"[5.216089575045362e-05, 0.0, 0.001232519421348543, 0.003187574059616763, 0.0, 0.00033798035712245936, 0.00017275252963605125, 0.0, 0.002023986847514886, 0.0, 0.0003070783619109204, 0.0010517857563901237, 0.0004682501119038663, 3.197817031105869e-05]"
weighted_water,261418,0,0.011384816375607612,224.3993178600002,0.0,"[0.00031996852010836486, 0.003075047015582856, 0.0019183273424439261, 0.000798595123507958, 0.00028572354509678557, 0.0012313343678948575, 0.0005014053126075256, 0.0015314835633977548, 2.3125881047639013e-05, 1.9950829560668233e-05, 0.0006893720728933291, 0.0009904828014659476, 0.0, 0.0]"
weighted_water,261418,1,0.007130980097511857,224.42592642748963,0.0,"[0.0003412837152496072, 0.0, 0.0018887481997879037, 0.0, 0.00031540097770649364, 0.0008381995284269947, 0.0004872634172243301, 0.001469592988989875, 0.0, 1.2357158632546493e-05, 0.0, 0.0013578846572267812, 0.00019211723751987126, 0.00022813221674745376]"
weighted_water,261418,2,0.00844602695429215,224.42441035645868,0.0,"[0.0004139054093673734, 0.0, 0.0016027210307603278, 6.749149410068148e-05, 0.0003969943007572032, 0.0011500513772169131, 0.0004716219345903588, 0.00162431672844562, 0.0, 1.3065017934881876e-05, 0.0013358559576124287, 2.6940811530216328e-05, 0.0009709227536030421, 0.0003721401383731033]"
weighted_water,261418,3,0.010933648023827368,224.4124895948952,0.0,"[0.0005047389946627027, 0.0, 0.0023789033957221737, 0.0007876194790442761, 0.00034471808245470305, 0.002273136648972581, 0.000418161678225693, 0.001661886831646328, 0.0009451209230497892, 9.729401739085112e-06, 0.0009344125093853996, 0.0, 0.00021724761116655015, 0.00045797246775808884]"
weighted_water,261418,4,0.009033931703286735,224.41356332713494,0.0,"[0.0008987580664346337, 0.0006559839955863285, 0.002256059063524131, 0.00012584074024860512, 0.0002197369443243686, 0.001133700002625215, 0.0004652616064320362, 0.00036672749264196657, 0.0006250750368410561, 6.804891853130053e-06, 0.0008765427566824924, 0.0009902290000779362, 0.000413212106014834, 0.0]"
weighted_water,261419,0,0.008859677306235067,224.40918743185475,0.0,"[0.00036365753105852217, 0.0031543426422049018, 0.0004445172810717377, 0.00030287464662909257, 0.001549056713417684, 0.00019998856813585895, 0.0, 0.0021797109277967557, 0.00010919102042625092, 5.889012690680519e-05, 0.00012834675658679744, 0.0003421386137726205, 0.0, 2.6962478228038652e-05]"
weighted_water,261419,1,0.011935548395370235,224.3925766339195,0.0,"[0.0005166666135702446, 0.002906623226311707, 0.002729809399463605, 0.0008936354362864389, 0.0013263116431985068, 0.0, 0.0012288883601927617, 0.0017216550540145438, 0.00042562512027569116, 0.0, 0.00018633354205673666, 0.0, 0.0, 0.0]"
weighted_water,261419,2,0.00982678980721695,224.405054300354,0.0,"[0.0006546794835976622, 0.002916237915464295, 0.0013797843590092568, 0.0, 0.0013572317351188794, 0.0, 6.8108960360044e-05, 0.0027582646445805286, 0.0, 0.0002988793208217451, 0.00016416611884314587, 0.00022943726942139563, 0.0, 0.0]"
weighted_water,261419,3,0.013274422309733157,224.3857578005093,0.0,"[0.0006797428118403289, 0.0031595471874925523, 0.0031364902186672363, 0.0005458710026474351, 0.0015224068467815826, 0.0013388189217764118, 0.00014150088532809935, 0.001754403697877085, 0.0002999472341189196, 0.00016753289420770186, 0.00019137780780163397, 0.000336782801194168, 0.0, 0.0]"
weighted_water,261419,4,0.00970761751665721,224.40759751102,0.0,"[0.000718729179104595, 0.0016431144293576685, 0.000668445617401383, 0.0014980571289511225, 0.0017467086231068413, 0.0003643050899176199, 0.0005018879815592307, 0.002500199363422522, 0.0, 0.0, 0.0, 6.617010383622696e-05, 0.0, 0.0]"
weighted_water,261419,5,0.009945652822356526,224.4010705222996,0.0,"[0.0007635952752607534, 0.0035218171053542253, 0.000796977569409851, 0.0002904273520376807, 0.0015175746886085771, 0.0, 0.0008084339980396712, 0.001740147860163327, 0.00021672128770506785, 2.6517252894881825e-05, 0.00018790593065024533, 7.55345022322466e-05, 0.0, 0.0]"
weighted_water,261419,6,0.010950057375062714,224.39518296161842,0.0,"[0.0007742438299234892, 0.0030002640430815434, 0.002751791535131075, 0.0008716501853355945, 0.0, 0.0, 0.0012001315215616878, 0.0017092239670171978, 0.0004558025213597728, 0.0, 0.00018694977165235337, 0.0, 0.0, 0.0]"
weighted_water,261419,7,0.012221618819512146,224.38647746268737,0.0,"[0.0008172883631311322, 0.0029333529463468847, 0.003238383258342997, 0.0007811045945336192, 0.0016738039759709017, 0.00036216593278864305, 0.0009177038097754832, 0.0008983702145660183, 0.00030859751211061333, 8.124700031617407e-05, 0.000190716016167398, 0.0, 1.8885195462280943e-05, 0.0]"
weighted_water,261419,8,0.012000230293386219,224.38791952641017,0.0,"[0.0011283885592783894, 0.002904856109133631, 0.003198919514586047, 0.00045646985531157735, 0.0016439699108409314, 0.0, 0.0, 0.0, 0.00031942789545197353, 0.000279550702290621, 0.0001724558849692131, 0.0005653030112045668, 0.0006962460795163551, 0.0006346427708029143]"
weighted_water,261419,9,0.012910376153172018,224.3860992346906,0.0,"[0.0011283885592783894, 0.002904856109133631, 0.003198919514586047, 0.00045646985531157735, 0.0016439699108409314, 0.0, 0.0009101458597857976, 0.0, 0.00031942789545197353, 0.000279550702290621, 0.0001724558849692131, 0.0005653030112045668, 0.0006962460795163551, 0.0006346427708029143]"
weighted_comfort,261400,0,36.83019515933151,0.0008048406685077225,0.0,"[3.443646488151385, 5.192799723380794, 0.7760897979969168, 2.3847074806495887, 1.4369290082085702, 5.366000000279006, 2.9269450367749776, 3.7587304836622324, 2.305597338131327, 4.7358064753934, 0.11928063371241107, 1.1862924929985512, 1.747345759766473, 1.4500244402258637]"
weighted_comfort,261400,1,36.83023184459039,0.0007681554096237164,0.0,"[3.443646488151385, 5.192799723380794, 0.7760897979969168, 2.3847074806495887, 1.4374260055606187, 5.366000000279006, 2.9269450367749776, 3.7587304836622324, 2.305597338131327, 4.7358064753934, 0.11928063371241107, 1.1862924929985512, 1.7468854476733024, 1.4500244402258637]"
weighted_comfort,261400,2,36.83044239484079,0.0005576051592228737,0.0,"[3.443646488151385, 5.192799723380794, 0.7760897979969168, 2.3847074806495887, 1.4379931204850422, 5.366000000279006, 2.9269450367749776, 3.7587304836622324, 2.305597338131327, 4.7358064753934, 0.11928063371241107, 1.1862924929985512, 1.7465288829992838, 1.4500244402258637]"
weighted_comfort,261400,3,36.831101802790826,0.0,0.0,"[3.443646488151385, 5.192799723380794, 0.7760897979969168, 2.3847074806495887, 1.4391127592708217, 5.366000000279006, 2.9269450367749776, 3.7587304836622324, 2.305597338131327, 4.7358064753934, 0.11928063371241107, 1.1862924929985512, 1.746068652163544, 1.4500244402258637]"
weighted_comfort,261400,4,36.829966763454095,0.0010332365459113646,0.0,"[3.443646488151385, 5.192799723380794, 0.7760897979969168, 2.3847074806495887, 1.4419108664413767, 5.366000000279006, 2.9269450367749776, 3.7587304836622324, 2.305597338131327, 4.7358064753934, 0.11928063371241107, 1.1862924929985512, 1.7421355056562566, 1.4500244402258637]"
weighted_comfort,261400,5,36.830949514024795,5.048597521195575e-05,0.0,"[3.443646488151385, 5.192799723380794, 0.7760897979969168, 2.3847074806495887, 1.4419108664413767, 5.366000000279006, 2.9269450367749776, 3.7587304836622324, 2.305597338131327, 4.7358064753934, 0.11928063371241107, 1.1862924929985512, 1.7431182562269558, 1.4500244402258637]"
weighted_comfort,261401,0,36.831186878947015,0.0,0.0,"[7.655281633948682, 3.4881172407067558, 0.19596806144924614, 3.094662219399405, 0.6812776857816447, 1.4262622191999113, 6.246317826120829, 3.076190462194919, 1.8384693045049707, 1.1053554443694487, 3.332443554550401, 2.34965460734208, 1.8236838311361152, 0.5175027882426017]"
weighted_comfort,261401,1,36.82983493638675,0.0011650636132465308,0.0,"[7.655281633948682, 3.4881172407067558, 0.2676681273298825, 3.094662219399405, 0.6812776857816447, 1.4262622191999113, 6.246317826120829, 3.076190462194919, 1.8384693045049707, 1.1053554443694487, 3.2593915461095015, 2.34965460734208, 1.8236838311361152, 0.5175027882426017]"
weighted_comfort,261402,0,36.83579012466911,0.0,0.0,"[2.646800686110422, 5.090570849989144, 2.4766710939468446, 1.598712861831296, 2.70122099200442, 3.999078629053569, 2.3943122611308882, 5.044953927372173, 1.7142471366559553, 1.295172128593768, 5.452435975376847, 0.0, 0.8396481879426873, 1.5819653946610868]"
weighted_comfort,261403,0,36.833398240360054,0.0,0.0,"[2.1389504559624366, 4.197784988228302, 2.6077571898167102, 2.389059418405058, 4.768404906330487, 3.552851658173421, 3.8135105017154114, 1.3844162499034862, 3.0856912978028754, 1.678662980931484, 2.809663356271323, 0.1907176663720175, 2.9881564717904787, 1.227771098656558]"
weighted_comfort,261404,0,36.83099999706416,2.935838239181976e-09,0.0,"[2.319916149344301, 6.555332369556913, 3.0902140762263945, 0.001254521434135476, 2.8880295820939077, 1.0808812494728925, 7.991104943145943, 1.1157461600031295, 1.6541898944897593, 1.096401493026311, 6.057357015571538, 1.2256771121193402, 1.7548954305795932, 0.0]"
weighted_comfort,261404,1,36.83099999946663,5.333795627393556e-10,0.0,"[2.319916149344301, 6.555332369556913, 3.0902140762263945, 0.0012545238598958323, 2.8880295775222273, 1.0808812494728925, 7.991104947694326, 1.1157461600031295, 1.6541898944897593, 1.096401493026311, 6.057357015571538, 1.2256771121193402, 1.7548954305795932, 0.0]"
weighted_comfort,261404,2,36.83099999857314,1.4268515258208936e-09,0.0,"[2.319916149344301, 6.555332369556913, 3.0902140762263945, 0.0012545241577831244, 2.8880295774868547, 1.0808812494728925, 7.991104946538332, 1.1157461600031295, 1.6541898944897593, 1.096401493026311, 6.057357015571538, 1.2256771121193402, 1.7548954305795932, 0.0]"
weighted_comfort,261404,3,36.83100000033622,0.0,0.0,"[2.319916149344301, 6.555332369556913, 3.0902140762263945, 0.0012545244921767387, 2.888029580551563, 1.0808812494728925, 7.991104944902307, 1.1157461600031295, 1.6541898944897593, 1.096401493026311, 6.057357015571538, 1.2256771121193402, 1.7548954305795932, 0.0]"
weighted_comfort,261404,4,36.83099999841478,1.5852172907671047e-09,0.0,"[2.319916149344301, 6.555332369556913, 3.0902140762263945, 0.0012545253527052422, 2.888029581132348, 1.0808812494728925, 7.99110494153955, 1.1157461600031295, 1.6541898944897593, 1.096401493026311, 6.057357015571538, 1.2256771121193402, 1.7548954305795932, 0.0]"
weighted_comfort,261404,5,36.83099999938651,6.134790453415917e-10,0.0,"[2.319916149344301, 6.555332369556913, 3.0902140762263945, 0.0012545301901799128, 2.888029583483581, 1.0808812494728925, 7.991104935322578, 1.1157461600031295, 1.6541898944897593, 1.096401493026311, 6.057357015571538, 1.2256771121193402, 1.7548954305795932, 0.0]"
weighted_comfort,261405,0,36.8314769965204,0.0,0.0,"[3.246272919880652, 2.2304903439514545, 9.42455623861642, 2.2809850283909014, 1.7160077799500777, 2.981092970404397, 3.5927453021394644, 1.1594320267715685, 3.082213458872177, 1.6574924653976313, 3.2853421606311706, 1.5136863949401465, 0.49390495730601347, 0.16725494926832307]"
weighted_comfort,261406,0,36.83059247863913,0.0004075213608629724,0.0,"[3.788256573294039, 8.129299956630074, 0.5141412348317863, 4.423098044404337, 1.1402232988826027, 2.775068968782909, 0.6464374712417951, 2.504307918214066, 6.633367573023377, 0.7539197261223692, 1.306358375628564, 0.8745475666443838, 3.035966137758837, 0.3055996331799927]"
weighted_comfort,261407,0,36.836853679121226,0.0,0.0,"[2.915665366307815, 4.05133448967544, 1.9863205749723338, 3.921322153573231, 1.6662195249958274, 3.753728637907536, 4.772764003212096, 2.4665662536429633, 3.2237322643523614, 2.2922694986387775, 3.032345474620559, 0.0, 1.0824262952133685, 1.6721591420089148]"
weighted_comfort,261408,0,36.83235888016834,0.0,0.0,"[3.6730150680505207, 4.8348140377471545, 2.0173766213704942, 3.078145672651481, 3.2355390995984843, 5.211762146377279, 0.4915750015352067, 3.660626280811253, 2.4884337871181734, 0.828379209630783, 1.3532730861042772, 2.1100102567771746, 2.486554681451743, 1.3628539309443164]"
weighted_comfort,261409,0,36.83104722566244,0.0,0.0,"[6.246347497630015, 1.7775161238435326, 1.2776510596733652, 2.635715016603139, 4.161931758049042, 3.0743253508243953, 2.429830224557887, 1.3041557877912977, 3.602473881908654, 2.774480087488411, 4.270308604037692, 0.9360117868453115, 0.8460030487070188, 1.4942969977026779]"
weighted_comfort,261410,0,36.83228320841305,0.0,0.0,"[7.309089965882431, 6.19092500009099, 0.8698557298072452, 0.9688069378178086, 3.016257864152763, 2.538793393059033, 1.450964525629054, 1.7056601964535587, 3.35811937885096, 3.3839313535333186, 1.932454843152148, 1.043632691921439, 1.7844836374687918, 1.2793076905935155]"
weighted_comfort,261410,1,36.830922842297134,7.715770286864654e-05,0.0,"[7.310868754363146, 5.27884392689151, 1.9007995832922693, 0.7920960466688871, 2.8891868670335845, 2.518222837654034, 1.635003922864465, 1.7493855777579104, 3.3861414577070237, 3.3889272099338603, 1.9656570328230305, 1.0438806440123307, 1.5661795416495499, 1.4057294396455347]"
weighted_comfort,261411,0,36.83232517739859,0.0,0.0,"[4.375809311352961, 4.244366826937996, 3.2675852253188244, 4.889450634070486, 2.4861866615910078, 4.571830897577661, 0.5983176058663828, 2.390987227237046, 0.892720153906743, 2.2520351115360318, 0.6656808769716916, 1.4407025364196864, 4.756652108612069, 0.0]"
weighted_comfort,261412,0,36.83100110095374,0.0,0.0,"[1.535226504212396, 7.573834407529159, 2.3479268503985944, 1.0128861127698368, 2.1002498591186027, 4.693519551034205, 3.810302507156057, 2.072667991020908, 6.073821436050768, 0.0, 1.930013494919395, 1.881603332292703, 1.798949054451114, 0.0]"
weighted_comfort,261413,0,36.831277378114116,0.0,0.0,"[6.072579359563524, 1.5777455904067024, 5.489586891724487, 1.4815367115141118, 0.8130045682109616, 2.8750337378206665, 4.3882859561921, 0.007341573137039981, 5.663215247470172, 2.043240081570589, 1.605291376022546, 1.4102208529621063, 2.245847605961448, 1.158347825557658]"
weighted_comfort,261414,0,36.83650601711808,0.0,0.0,"[5.145446213383662, 2.744056210405094, 1.5923876614675248, 1.3870458149600096, 4.883029427765597, 4.92545583777685, 0.8523847441439547, 4.629790390496273, 0.8562166622584221, 2.638929815260874, 2.2042076051387687, 2.16907992565053, 1.3428845873061275, 1.4655911211043902]"
weighted_comfort,261415,0,36.830985312856455,1.4687143544023229e-05,0.0,"[3.4311324965422925, 2.9413027659366175, 2.9191526283985794, 2.680610087439827, 2.990948906592228, 1.4902082516717448, 2.399670401468302, 6.670346632561367, 1.5599978845781997, 3.8215856617372514, 0.9620546099073106, 1.7565236695027555, 2.9111749996200027, 0.2962763168999807]"
weighted_comfort,261415,1,36.831016224116865,0.0,0.0,"[3.4311324965422925, 2.9421979607382807, 2.9191526283985794, 2.680610087439827, 2.990948906592228, 1.4894022897978891, 2.399670401468302, 6.670346632561367, 1.5599978845781997, 3.8215856617372514, 0.9620546099073106, 1.7564653478353494, 2.9111749996200027, 0.2962763168999807]"
weighted_comfort,261416,0,36.83224068629917,0.0,0.0,"[3.8231016110773415, 3.6703538490052288, 2.2618080487394807, 3.091110871446633, 4.771171612054193, 2.2764471411109346, 5.229998213442585, 1.2722731394240319, 1.4412158484558735, 0.41837293507313783, 1.8967545204017637, 4.384505332605212, 0.8061137248971562, 1.4890138385655967]"
weighted_comfort,261417,0,36.83193365573867,0.0,0.0,"[3.6676774210799294, 2.26238816532651, 2.9177656753312866, 4.695294994334342, 0.9778264287625579, 3.0983694558752872, 2.8984704933530696, 2.865384906315127, 3.3807421863385585, 3.4429743815561706, 0.201835834988728, 0.8495469866469276, 3.985610738422915, 1.5880459874072634]"
weighted_comfort,261418,0,36.83093386023567,6.613976432490176e-05,0.0,"[3.8091719032266385, 5.787430855981316, 2.009037870213629, 1.8926836615539535, 1.5674041889758275, 2.894205097275625, 8.938747074285851, 1.7509367889175262, 2.7901411180923232, 0.0, 3.597275139556527, 1.110467593428897, 0.0, 0.6834325687275614]"
weighted_comfort,261419,0,36.83100000442302,0.0,0.0,"[4.719749367154649, 3.7123024845031543, 1.779532146645603, 5.0987360792109335, 2.3825501470723793, 0.020759600574243885, 3.69884698072847, 2.383626375310908, 3.362986693871344, 3.8138189695809177, 0.019066873706139187, 2.4623612340581547, 2.6242696314074347, 0.752393420598682]"
