method,run,generation,best
NSGA_II,0,0,0.38954940330572885
NSGA_II,0,1,0.3757409503353155
NSGA_II,0,2,0.3056338226536695
NSGA_II,0,3,0.2802980886863943
NSGA_II,0,4,0.27253144512374944
NSGA_II,0,5,0.2666348658041463
NSGA_II,0,6,0.25319461946855565
NSGA_II,0,7,0.25319461946855565
NSGA_II,0,8,0.25319461946855565
NSGA_II,0,9,0.2287182643341357
NSGA_II,0,10,0.2287182643341357
NSGA_II,0,11,0.22860961558003692
NSGA_II,0,12,0.22207580921946057
NSGA_II,0,13,0.21519633837848362
NSGA_II,0,14,0.21511191429203858
NSGA_II,0,15,0.21511191429203858
NSGA_II,0,16,0.21511191429203858
NSGA_II,0,17,0.21511191429203858
NSGA_II,0,18,0.21511191429203858
NSGA_II,0,19,0.21511191429203858
NSGA_II,0,20,0.21511191429203858
NSGA_II,0,21,0.21511191429203858
NSGA_II,0,22,0.21511191429203858
NSGA_II,0,23,0.21511191429203858
NSGA_II,0,24,0.21511191429203858
NSGA_II,0,25,0.21511191429203858
NSGA_II,0,26,0.21568182473208405
NSGA_II,0,27,0.21568182473208405
NSGA_II,0,28,0.21568182473208405
NSGA_II,0,29,0.21528948777122753
NSGA_II,0,30,0.21568182473208405
NSGA_II,0,31,0.21568182473208405
NSGA_II,0,32,0.21568182473208405
NSGA_II,0,33,0.21520481743123368
NSGA_II,0,34,0.216562099338385
NSGA_II,0,35,0.216562099338385
NSGA_II,0,36,0.2200049625912118
NSGA_II,0,37,0.2200049625912118
NSGA_II,0,38,0.2200049625912118
NSGA_II,0,39,0.2200049625912118
NSGA_II,0,40,0.2200049625912118
NSGA_II,0,41,0.2200049625912118
NSGA_II,0,42,0.2200049625912118
NSGA_II,0,43,0.2170640538538629
NSGA_II,0,44,0.2200049625912118
NSGA_II,0,45,0.21897686151088647
NSGA_II,0,46,0.21897686151088647
NSGA_II,0,47,0.2200049625912118
NSGA_II,0,48,0.2200049625912118
NSGA_II,0,49,0.2200049625912118
NSGA_II,0,50,0.2200049625912118
NSGA_II,0,51,0.2200049625912118
NSGA_II,0,52,0.2200049625912118
NSGA_II,0,53,0.2200049625912118
NSGA_II,0,54,0.2196853690518855
NSGA_II,0,55,0.2196853690518855
NSGA_II,0,56,0.2196853690518855
NSGA_II,0,57,0.2196853690518855
NSGA_II,0,58,0.2196853690518855
NSGA_II,0,59,0.2196853690518855
NSGA_II,0,60,0.2196853690518855
NSGA_II,0,61,0.2196853690518855
NSGA_II,0,62,0.2196853690518855
NSGA_II,0,63,0.2196853690518855
NSGA_II,1,0,0.38921801036239495
NSGA_II,1,1,0.3595582493349414
NSGA_II,1,2,0.3025332025006876
NSGA_II,1,3,0.28533114624709915
NSGA_II,1,4,0.23941296298153594
NSGA_II,1,5,0.23941296298153594
NSGA_II,1,6,0.23941296298153594
NSGA_II,1,7,0.22280226146739734
NSGA_II,1,8,0.22117539037002243
NSGA_II,1,9,0.22061112340177735
NSGA_II,1,10,0.21778880988043214
NSGA_II,1,11,0.2171723131129201
NSGA_II,1,12,0.21700379058593014
NSGA_II,1,13,0.21687089638603582
NSGA_II,1,14,0.215627069692709
NSGA_II,1,15,0.215627069692709
NSGA_II,1,16,0.215627069692709
NSGA_II,1,17,0.21584434650117193
NSGA_II,1,18,0.2157368184144982
NSGA_II,1,19,0.2157368184144982
NSGA_II,1,20,0.21548597201817507
NSGA_II,1,21,0.21548597201817507
NSGA_II,1,22,0.21548597201817507
NSGA_II,1,23,0.21548597201817507
NSGA_II,1,24,0.21548597201817507
NSGA_II,1,25,0.21548597201817507
NSGA_II,1,26,0.21548597201817507
NSGA_II,1,27,0.21548597201817507
NSGA_II,1,28,0.21548597201817507
NSGA_II,1,29,0.21548597201817507
NSGA_II,1,30,0.21548597201817507
NSGA_II,1,31,0.21601673017219586
NSGA_II,1,32,0.21601673017219586
NSGA_II,1,33,0.2157191677361587
NSGA_II,1,34,0.21601673017219586
NSGA_II,1,35,0.21601673017219586
NSGA_II,1,36,0.21601673017219586
NSGA_II,1,37,0.21601673017219586
NSGA_II,1,38,0.21601673017219586
NSGA_II,1,39,0.21601673017219586
NSGA_II,1,40,0.21601673017219586
NSGA_II,1,41,0.21981120563804007
NSGA_II,1,42,0.21981120563804007
NSGA_II,1,43,0.21981120563804007
NSGA_II,1,44,0.21981120563804007
NSGA_II,1,45,0.21981120563804007
NSGA_II,1,46,0.21981120563804007
NSGA_II,1,47,0.21981120563804007
NSGA_II,1,48,0.21981120563804007
NSGA_II,1,49,0.21981120563804007
NSGA_II,1,50,0.21981120563804007
NSGA_II,1,51,0.21981120563804007
NSGA_II,1,52,0.21981120563804007
NSGA_II,1,53,0.21981120563804007
NSGA_II,1,54,0.21981120563804007
NSGA_II,1,55,0.21981120563804007
NSGA_II,1,56,0.21981120563804007
NSGA_II,1,57,0.21981120563804007
NSGA_II,1,58,0.21981120563804007
NSGA_II,1,59,0.21981120563804007
NSGA_II,1,60,0.21981120563804007
NSGA_II,1,61,0.21981120563804007
NSGA_II,1,62,0.21981120563804007
NSGA_II,1,63,0.21981120563804007
NSGA_II,2,0,0.3056519293003663
NSGA_II,2,1,0.3056519293003663
NSGA_II,2,2,0.2447089731491354
NSGA_II,2,3,0.2447089731491354
NSGA_II,2,4,0.23000876389860217
NSGA_II,2,5,0.23000876389860217
NSGA_II,2,6,0.22013374152965864
NSGA_II,2,7,0.21953174263135022
NSGA_II,2,8,0.21889703794559234
NSGA_II,2,9,0.21889703794559234
NSGA_II,2,10,0.21784426558588832
NSGA_II,2,11,0.21649709200505987
NSGA_II,2,12,0.21649709200505987
NSGA_II,2,13,0.21649709200505987
NSGA_II,2,14,0.21649709200505987
NSGA_II,2,15,0.2156371632882826
NSGA_II,2,16,0.2156371632882826
NSGA_II,2,17,0.2153447277057436
NSGA_II,2,18,0.2153447277057436
NSGA_II,2,19,0.2153447277057436
NSGA_II,2,20,0.2153447277057436
NSGA_II,2,21,0.2156371632882826
NSGA_II,2,22,0.2156371632882826
NSGA_II,2,23,0.21641084123270482
NSGA_II,2,24,0.21641084123270482
NSGA_II,2,25,0.21641084123270482
NSGA_II,2,26,0.21641084123270482
NSGA_II,2,27,0.21646977425519456
NSGA_II,2,28,0.21646977425519456
NSGA_II,2,29,0.21698978575473207
NSGA_II,2,30,0.2174013468739919
NSGA_II,2,31,0.21837566904334785
NSGA_II,2,32,0.21837566904334785
NSGA_II,2,33,0.21837566904334785
NSGA_II,2,34,0.21926398075287795
NSGA_II,2,35,0.21926398075287795
NSGA_II,2,36,0.21926398075287795
NSGA_II,2,37,0.21926398075287795
NSGA_II,2,38,0.21926398075287795
NSGA_II,2,39,0.21874134428615355
NSGA_II,2,40,0.21926398075287795
NSGA_II,2,41,0.21926398075287795
NSGA_II,2,42,0.21926398075287795
NSGA_II,2,43,0.21926398075287795
NSGA_II,2,44,0.21926398075287795
NSGA_II,2,45,0.21926398075287795
NSGA_II,2,46,0.21926398075287795
NSGA_II,2,47,0.21926398075287795
NSGA_II,2,48,0.21926398075287795
NSGA_II,2,49,0.21926398075287795
NSGA_II,2,50,0.21926398075287795
NSGA_II,2,51,0.21926398075287795
NSGA_II,2,52,0.21926398075287795
NSGA_II,2,53,0.21926398075287795
NSGA_II,2,54,0.21926398075287795
NSGA_II,2,55,0.21926398075287795
NSGA_II,2,56,0.21926398075287795
NSGA_II,2,57,0.21926398075287795
NSGA_II,2,58,0.21926398075287795
NSGA_II,2,59,0.21926398075287795
NSGA_II,2,60,0.21926398075287795
NSGA_II,2,61,0.21926398075287795
NSGA_II,2,62,0.21926398075287795
NSGA_II,2,63,0.21926398075287795
NSGA_II,3,0,0.34648375728049696
NSGA_II,3,1,0.34648375728049696
NSGA_II,3,2,0.34648375728049696
NSGA_II,3,3,0.28034813302542555
NSGA_II,3,4,0.2678652453943895
NSGA_II,3,5,0.2555007925549819
NSGA_II,3,6,0.24935863096562663
NSGA_II,3,7,0.24360170468710488
NSGA_II,3,8,0.24331923627632082
NSGA_II,3,9,0.23734616867276936
NSGA_II,3,10,0.23069828607044163
NSGA_II,3,11,0.23069828607044163
NSGA_II,3,12,0.22542643166317738
NSGA_II,3,13,0.21901893484321908
NSGA_II,3,14,0.21901893484321908
NSGA_II,3,15,0.21901893484321908
NSGA_II,3,16,0.21901893484321908
NSGA_II,3,17,0.2156823607937715
NSGA_II,3,18,0.2156823607937715
NSGA_II,3,19,0.2156823607937715
NSGA_II,3,20,0.2156823607937715
NSGA_II,3,21,0.2156823607937715
NSGA_II,3,22,0.2156823607937715
NSGA_II,3,23,0.2156823607937715
NSGA_II,3,24,0.2156823607937715
NSGA_II,3,25,0.2156823607937715
NSGA_II,3,26,0.2156823607937715
NSGA_II,3,27,0.21569687815175437
NSGA_II,3,28,0.21887361280081122
NSGA_II,3,29,0.21962742119663559
NSGA_II,3,30,0.21962742119663559
NSGA_II,3,31,0.21962742119663559
NSGA_II,3,32,0.21962742119663559
NSGA_II,3,33,0.21962742119663559
NSGA_II,3,34,0.21962742119663559
NSGA_II,3,35,0.21962742119663559
NSGA_II,3,36,0.21962742119663559
NSGA_II,3,37,0.21962742119663559
NSGA_II,3,38,0.21962742119663559
NSGA_II,3,39,0.21962742119663559
NSGA_II,3,40,0.21962742119663559
NSGA_II,3,41,0.21962742119663559
NSGA_II,3,42,0.21962742119663559
NSGA_II,3,43,0.21962742119663559
NSGA_II,3,44,0.21962742119663559
NSGA_II,3,45,0.21962742119663559
NSGA_II,3,46,0.21962742119663559
NSGA_II,3,47,0.21914282121747533
NSGA_II,3,48,0.21962742119663559
NSGA_II,3,49,0.21962742119663559
NSGA_II,3,50,0.21962742119663559
NSGA_II,3,51,0.21962742119663559
NSGA_II,3,52,0.21962742119663559
NSGA_II,3,53,0.21962742119663559
NSGA_II,3,54,0.21962742119663559
NSGA_II,3,55,0.21962742119663559
NSGA_II,3,56,0.21962742119663559
NSGA_II,3,57,0.21962742119663559
NSGA_II,3,58,0.21962742119663559
NSGA_II,3,59,0.21962742119663559
NSGA_II,3,60,0.21962742119663559
NSGA_II,3,61,0.21962742119663559
NSGA_II,3,62,0.21962742119663559
NSGA_II,3,63,0.21962742119663559
NSGA_II,4,0,0.38318569562976645
NSGA_II,4,1,0.38318569562976645
NSGA_II,4,2,0.30032695264271747
NSGA_II,4,3,0.28567325322040504
NSGA_II,4,4,0.26678340387792904
NSGA_II,4,5,0.25994370124058913
NSGA_II,4,6,0.24305971476193058
NSGA_II,4,7,0.24305971476193058
NSGA_II,4,8,0.22993257269249012
NSGA_II,4,9,0.22993257269249012
NSGA_II,4,10,0.2181232170846231
NSGA_II,4,11,0.21780449927017426
NSGA_II,4,12,0.2159323793686459
NSGA_II,4,13,0.2159323793686459
NSGA_II,4,14,0.2159323793686459
NSGA_II,4,15,0.21555251706012613
NSGA_II,4,16,0.21555251706012613
NSGA_II,4,17,0.21555251706012613
NSGA_II,4,18,0.2156994231591828
NSGA_II,4,19,0.2156994231591828
NSGA_II,4,20,0.2156994231591828
NSGA_II,4,21,0.2156994231591828
NSGA_II,4,22,0.2159323793686459
NSGA_II,4,23,0.21538296429422674
NSGA_II,4,24,0.21538296429422674
NSGA_II,4,25,0.21538296429422674
NSGA_II,4,26,0.21538296429422674
NSGA_II,4,27,0.2159323793686459
NSGA_II,4,28,0.21522180829943352
NSGA_II,4,29,0.21522180829943352
NSGA_II,4,30,0.21522180829943352
NSGA_II,4,31,0.21522180829943352
NSGA_II,4,32,0.21522180829943352
NSGA_II,4,33,0.2164027012614871
NSGA_II,4,34,0.2164027012614871
NSGA_II,4,35,0.21624167782135234
NSGA_II,4,36,0.21624167782135234
NSGA_II,4,37,0.21624167782135234
NSGA_II,4,38,0.21624167782135234
NSGA_II,4,39,0.21667535957560044
NSGA_II,4,40,0.21935247491462176
NSGA_II,4,41,0.21935247491462176
NSGA_II,4,42,0.21935247491462176
NSGA_II,4,43,0.21935247491462176
NSGA_II,4,44,0.21935247491462176
NSGA_II,4,45,0.21935247491462176
NSGA_II,4,46,0.21935247491462176
NSGA_II,4,47,0.21935247491462176
NSGA_II,4,48,0.21935247491462176
NSGA_II,4,49,0.21935247491462176
NSGA_II,4,50,0.21935247491462176
NSGA_II,4,51,0.21935247491462176
NSGA_II,4,52,0.21935247491462176
NSGA_II,4,53,0.21935247491462176
NSGA_II,4,54,0.21935247491462176
NSGA_II,4,55,0.21935247491462176
NSGA_II,4,56,0.21935247491462176
NSGA_II,4,57,0.21935247491462176
NSGA_II,4,58,0.21935247491462176
NSGA_II,4,59,0.21935247491462176
NSGA_II,4,60,0.21935247491462176
NSGA_II,4,61,0.21935247491462176
NSGA_II,4,62,0.21935247491462176
NSGA_II,4,63,0.21935247491462176
NSGA_II,5,0,0.28483170028970306
NSGA_II,5,1,0.28483170028970306
NSGA_II,5,2,0.28483170028970306
NSGA_II,5,3,0.28483170028970306
NSGA_II,5,4,0.24611802781552072
NSGA_II,5,5,0.23988131014311193
NSGA_II,5,6,0.23141922314622254
NSGA_II,5,7,0.23141922314622254
NSGA_II,5,8,0.21654778019031604
NSGA_II,5,9,0.21654778019031604
NSGA_II,5,10,0.21538681353701813
NSGA_II,5,11,0.21538681353701813
NSGA_II,5,12,0.21538681353701813
NSGA_II,5,13,0.21538681353701813
NSGA_II,5,14,0.21538681353701813
NSGA_II,5,15,0.21542091525936835
NSGA_II,5,16,0.21542091525936835
NSGA_II,5,17,0.21564590698279226
NSGA_II,5,18,0.21564590698279226
NSGA_II,5,19,0.21564590698279226
NSGA_II,5,20,0.21631436231185358
NSGA_II,5,21,0.2155919771729435
NSGA_II,5,22,0.21654778019031604
NSGA_II,5,23,0.21527003386682755
NSGA_II,5,24,0.21527003386682755
NSGA_II,5,25,0.21654778019031604
NSGA_II,5,26,0.21654778019031604
NSGA_II,5,27,0.21654778019031604
NSGA_II,5,28,0.21654778019031604
NSGA_II,5,29,0.21654778019031604
NSGA_II,5,30,0.21654778019031604
NSGA_II,5,31,0.21654778019031604
NSGA_II,5,32,0.21654778019031604
NSGA_II,5,33,0.21654778019031604
NSGA_II,5,34,0.21654778019031604
NSGA_II,5,35,0.21654778019031604
NSGA_II,5,36,0.21654778019031604
NSGA_II,5,37,0.21654778019031604
NSGA_II,5,38,0.21654778019031604
NSGA_II,5,39,0.21654778019031604
NSGA_II,5,40,0.21654778019031604
NSGA_II,5,41,0.21654778019031604
NSGA_II,5,42,0.21654778019031604
NSGA_II,5,43,0.21654778019031604
NSGA_II,5,44,0.21654778019031604
NSGA_II,5,45,0.21654778019031604
NSGA_II,5,46,0.21654778019031604
NSGA_II,5,47,0.21654778019031604
NSGA_II,5,48,0.21654778019031604
NSGA_II,5,49,0.21654778019031604
NSGA_II,5,50,0.21654778019031604
NSGA_II,5,51,0.21654778019031604
NSGA_II,5,52,0.21654778019031604
NSGA_II,5,53,0.21654778019031604
NSGA_II,5,54,0.21654778019031604
NSGA_II,5,55,0.21654778019031604
NSGA_II,5,56,0.21654778019031604
NSGA_II,5,57,0.21654778019031604
NSGA_II,5,58,0.21654778019031604
NSGA_II,5,59,0.21654778019031604
NSGA_II,5,60,0.21654778019031604
NSGA_II,5,61,0.21654778019031604
NSGA_II,5,62,0.21654778019031604
NSGA_II,5,63,0.21654778019031604
NSGA_II,6,0,0.25434970727786693
NSGA_II,6,1,0.25434970727786693
NSGA_II,6,2,0.25434970727786693
NSGA_II,6,3,0.25077216673246105
NSGA_II,6,4,0.24970766996616248
NSGA_II,6,5,0.23239032439183765
NSGA_II,6,6,0.22290947644116496
NSGA_II,6,7,0.22260988878757923
NSGA_II,6,8,0.22260988878757923
NSGA_II,6,9,0.219806786781155
NSGA_II,6,10,0.21608342224236773
NSGA_II,6,11,0.215828422017246
NSGA_II,6,12,0.21568304817424627
NSGA_II,6,13,0.21568304817424627
NSGA_II,6,14,0.21568304817424627
NSGA_II,6,15,0.21568304817424627
NSGA_II,6,16,0.21568304817424627
NSGA_II,6,17,0.21568304817424627
NSGA_II,6,18,0.21568304817424627
NSGA_II,6,19,0.21637750855003543
NSGA_II,6,20,0.21538224699041766
NSGA_II,6,21,0.21538224699041766
NSGA_II,6,22,0.21589240842647303
NSGA_II,6,23,0.21650242888090745
NSGA_II,6,24,0.21650242888090745
NSGA_II,6,25,0.21943088412265527
NSGA_II,6,26,0.21943088412265527
NSGA_II,6,27,0.21943088412265527
NSGA_II,6,28,0.21943088412265527
NSGA_II,6,29,0.21943088412265527
NSGA_II,6,30,0.21943088412265527
NSGA_II,6,31,0.21943088412265527
NSGA_II,6,32,0.2193066186678256
NSGA_II,6,33,0.2193066186678256
NSGA_II,6,34,0.2193066186678256
NSGA_II,6,35,0.2193066186678256
NSGA_II,6,36,0.2193066186678256
NSGA_II,6,37,0.2193066186678256
NSGA_II,6,38,0.2193066186678256
NSGA_II,6,39,0.2193066186678256
NSGA_II,6,40,0.2193066186678256
NSGA_II,6,41,0.2193066186678256
NSGA_II,6,42,0.2193066186678256
NSGA_II,6,43,0.2193066186678256
NSGA_II,6,44,0.2193066186678256
NSGA_II,6,45,0.2193066186678256
NSGA_II,6,46,0.2193066186678256
NSGA_II,6,47,0.2193066186678256
NSGA_II,6,48,0.2193066186678256
NSGA_II,6,49,0.2193066186678256
NSGA_II,6,50,0.2193066186678256
NSGA_II,6,51,0.2193066186678256
NSGA_II,6,52,0.2193066186678256
NSGA_II,6,53,0.2193066186678256
NSGA_II,6,54,0.2193066186678256
NSGA_II,6,55,0.2193066186678256
NSGA_II,6,56,0.2193066186678256
NSGA_II,6,57,0.2193066186678256
NSGA_II,6,58,0.2193066186678256
NSGA_II,6,59,0.2193066186678256
NSGA_II,6,60,0.2193066186678256
NSGA_II,6,61,0.2193066186678256
NSGA_II,6,62,0.2193066186678256
NSGA_II,6,63,0.2193066186678256
NSGA_II,7,0,0.3017143566264778
NSGA_II,7,1,0.3017143566264778
NSGA_II,7,2,0.2905266240201797
NSGA_II,7,3,0.2669322972572503
NSGA_II,7,4,0.2669322972572503
NSGA_II,7,5,0.26002675872914643
NSGA_II,7,6,0.23930268652394787
NSGA_II,7,7,0.23930268652394787
NSGA_II,7,8,0.23930268652394787
NSGA_II,7,9,0.23604853456510214
NSGA_II,7,10,0.23107502514773876
NSGA_II,7,11,0.2251407216781013
NSGA_II,7,12,0.21510971765259268
NSGA_II,7,13,0.21510971765259268
NSGA_II,7,14,0.21510971765259268
NSGA_II,7,15,0.21510971765259268
NSGA_II,7,16,0.21510971765259268
NSGA_II,7,17,0.21510971765259268
NSGA_II,7,18,0.21510971765259268
NSGA_II,7,19,0.21510971765259268
NSGA_II,7,20,0.21510971765259268
NSGA_II,7,21,0.21510971765259268
NSGA_II,7,22,0.21510971765259268
NSGA_II,7,23,0.21510971765259268
NSGA_II,7,24,0.21510971765259268
NSGA_II,7,25,0.21510971765259268
NSGA_II,7,26,0.21510971765259268
NSGA_II,7,27,0.21510971765259268
NSGA_II,7,28,0.21510971765259268
NSGA_II,7,29,0.2161337926347166
NSGA_II,7,30,0.2161337926347166
NSGA_II,7,31,0.21525345629457515
NSGA_II,7,32,0.2161337926347166
NSGA_II,7,33,0.21569963557686522
NSGA_II,7,34,0.21698104238925642
NSGA_II,7,35,0.21712219859268286
NSGA_II,7,36,0.21712219859268286
NSGA_II,7,37,0.21712219859268286
NSGA_II,7,38,0.2164711119924974
NSGA_II,7,39,0.2164711119924974
NSGA_II,7,40,0.2164711119924974
NSGA_II,7,41,0.2164711119924974
NSGA_II,7,42,0.2164711119924974
NSGA_II,7,43,0.21935680581773442
NSGA_II,7,44,0.21935680581773442
NSGA_II,7,45,0.21935680581773442
NSGA_II,7,46,0.21935680581773442
NSGA_II,7,47,0.21935680581773442
NSGA_II,7,48,0.21935680581773442
NSGA_II,7,49,0.21935680581773442
NSGA_II,7,50,0.21935680581773442
NSGA_II,7,51,0.21935680581773442
NSGA_II,7,52,0.21935680581773442
NSGA_II,7,53,0.21935680581773442
NSGA_II,7,54,0.21935680581773442
NSGA_II,7,55,0.21935680581773442
NSGA_II,7,56,0.21935680581773442
NSGA_II,7,57,0.21935680581773442
NSGA_II,7,58,0.21935680581773442
NSGA_II,7,59,0.21935680581773442
NSGA_II,7,60,0.21935680581773442
NSGA_II,7,61,0.21935680581773442
NSGA_II,7,62,0.21935680581773442
NSGA_II,7,63,0.21935680581773442
NSGA_II,8,0,0.42825789224984334
NSGA_II,8,1,0.42825789224984334
NSGA_II,8,2,0.2732577409188406
NSGA_II,8,3,0.25210895996929467
NSGA_II,8,4,0.25210895996929467
NSGA_II,8,5,0.2236627808853058
NSGA_II,8,6,0.2236627808853058
NSGA_II,8,7,0.2236627808853058
NSGA_II,8,8,0.21626481909898715
NSGA_II,8,9,0.21529995972377383
NSGA_II,8,10,0.21529995972377383
NSGA_II,8,11,0.21529995972377383
NSGA_II,8,12,0.21529995972377383
NSGA_II,8,13,0.21529995972377383
NSGA_II,8,14,0.21570769373506715
NSGA_II,8,15,0.2155423178651732
NSGA_II,8,16,0.2155423178651732
NSGA_II,8,17,0.21529907819635402
NSGA_II,8,18,0.2155423178651732
NSGA_II,8,19,0.2154291420584063
NSGA_II,8,20,0.2154291420584063
NSGA_II,8,21,0.21600310489524865
NSGA_II,8,22,0.21600310489524865
NSGA_II,8,23,0.21537262577050517
NSGA_II,8,24,0.2160804576372522
NSGA_II,8,25,0.2160804576372522
NSGA_II,8,26,0.21621724195879172
NSGA_II,8,27,0.21621724195879172
NSGA_II,8,28,0.21621724195879172
NSGA_II,8,29,0.21621724195879172
NSGA_II,8,30,0.21621724195879172
NSGA_II,8,31,0.21621724195879172
NSGA_II,8,32,0.21891779232941563
NSGA_II,8,33,0.21891779232941563
NSGA_II,8,34,0.21891779232941563
NSGA_II,8,35,0.21891779232941563
NSGA_II,8,36,0.21928521540445814
NSGA_II,8,37,0.21928521540445814
NSGA_II,8,38,0.21928521540445814
NSGA_II,8,39,0.21928521540445814
NSGA_II,8,40,0.21928521540445814
NSGA_II,8,41,0.21928521540445814
NSGA_II,8,42,0.21928521540445814
NSGA_II,8,43,0.21928521540445814
NSGA_II,8,44,0.21928521540445814
NSGA_II,8,45,0.21928521540445814
NSGA_II,8,46,0.21928521540445814
NSGA_II,8,47,0.21928521540445814
NSGA_II,8,48,0.21928521540445814
NSGA_II,8,49,0.21928521540445814
NSGA_II,8,50,0.21928521540445814
NSGA_II,8,51,0.21928521540445814
NSGA_II,8,52,0.21928521540445814
NSGA_II,8,53,0.21928521540445814
NSGA_II,8,54,0.21928521540445814
NSGA_II,8,55,0.21928521540445814
NSGA_II,8,56,0.21928521540445814
NSGA_II,8,57,0.21928521540445814
NSGA_II,8,58,0.21928521540445814
NSGA_II,8,59,0.21928521540445814
NSGA_II,8,60,0.21928521540445814
NSGA_II,8,61,0.21928521540445814
NSGA_II,8,62,0.21928521540445814
NSGA_II,8,63,0.21928521540445814
NSGA_II,9,0,0.36975706848744155
NSGA_II,9,1,0.36975706848744155
NSGA_II,9,2,0.25923432459677487
NSGA_II,9,3,0.25923432459677487
NSGA_II,9,4,0.24488569263316984
NSGA_II,9,5,0.22952164507197156
NSGA_II,9,6,0.2238985890010581
NSGA_II,9,7,0.2238985890010581
NSGA_II,9,8,0.218017763910037
NSGA_II,9,9,0.218017763910037
NSGA_II,9,10,0.2157402707908984
NSGA_II,9,11,0.21570177049131875
NSGA_II,9,12,0.21517423834287724
NSGA_II,9,13,0.21517423834287724
NSGA_II,9,14,0.21517423834287724
NSGA_II,9,15,0.21517423834287724
NSGA_II,9,16,0.21517423834287724
NSGA_II,9,17,0.215500022508524
NSGA_II,9,18,0.215500022508524
NSGA_II,9,19,0.215500022508524
NSGA_II,9,20,0.215500022508524
NSGA_II,9,21,0.21575679929771507
NSGA_II,9,22,0.21575679929771507
NSGA_II,9,23,0.21575679929771507
NSGA_II,9,24,0.21518756554629442
NSGA_II,9,25,0.21575679929771507
NSGA_II,9,26,0.21575679929771507
NSGA_II,9,27,0.218017763910037
NSGA_II,9,28,0.21725060821315004
NSGA_II,9,29,0.21725060821315004
NSGA_II,9,30,0.21765080783489965
NSGA_II,9,31,0.218017763910037
NSGA_II,9,32,0.218017763910037
NSGA_II,9,33,0.218017763910037
NSGA_II,9,34,0.218017763910037
NSGA_II,9,35,0.218017763910037
NSGA_II,9,36,0.21919518387187042
NSGA_II,9,37,0.21927915012497068
NSGA_II,9,38,0.21927915012497068
NSGA_II,9,39,0.21927915012497068
NSGA_II,9,40,0.21927915012497068
NSGA_II,9,41,0.21927915012497068
NSGA_II,9,42,0.21927915012497068
NSGA_II,9,43,0.21927915012497068
NSGA_II,9,44,0.21927915012497068
NSGA_II,9,45,0.21927915012497068
NSGA_II,9,46,0.21927915012497068
NSGA_II,9,47,0.21927915012497068
NSGA_II,9,48,0.21927915012497068
NSGA_II,9,49,0.21927915012497068
NSGA_II,9,50,0.21927915012497068
NSGA_II,9,51,0.21927915012497068
NSGA_II,9,52,0.21927915012497068
NSGA_II,9,53,0.21927915012497068
NSGA_II,9,54,0.21927915012497068
NSGA_II,9,55,0.21927915012497068
NSGA_II,9,56,0.21927915012497068
NSGA_II,9,57,0.21927915012497068
NSGA_II,9,58,0.21927915012497068
NSGA_II,9,59,0.21927915012497068
NSGA_II,9,60,0.21927915012497068
NSGA_II,9,61,0.21927915012497068
NSGA_II,9,62,0.21927915012497068
NSGA_II,9,63,0.21927915012497068
NSGA_II,10,0,0.41729443522444193
NSGA_II,10,1,0.41729443522444193
NSGA_II,10,2,0.3517822377034248
NSGA_II,10,3,0.2770219754516028
NSGA_II,10,4,0.25521546839084486
NSGA_II,10,5,0.2445973224710427
NSGA_II,10,6,0.2283402045480072
NSGA_II,10,7,0.22297891592745506
NSGA_II,10,8,0.22297891592745506
NSGA_II,10,9,0.22297891592745506
NSGA_II,10,10,0.22297891592745506
NSGA_II,10,11,0.2228276736842571
NSGA_II,10,12,0.22259707057941114
NSGA_II,10,13,0.2217470675653769
NSGA_II,10,14,0.2170128007121365
NSGA_II,10,15,0.21647227446184397
NSGA_II,10,16,0.21647227446184397
NSGA_II,10,17,0.21647227446184397
NSGA_II,10,18,0.21537132991950442
NSGA_II,10,19,0.21537132991950442
NSGA_II,10,20,0.21537132991950442
NSGA_II,10,21,0.21590447409779845
NSGA_II,10,22,0.21626528317183807
NSGA_II,10,23,0.21626528317183807
NSGA_II,10,24,0.21525301603103486
NSGA_II,10,25,0.21525301603103486
NSGA_II,10,26,0.21525301603103486
NSGA_II,10,27,0.21525301603103486
NSGA_II,10,28,0.21701641359115956
NSGA_II,10,29,0.21701641359115956
NSGA_II,10,30,0.21631861429172264
NSGA_II,10,31,0.21864955224474653
NSGA_II,10,32,0.21864955224474653
NSGA_II,10,33,0.21929944944903404
NSGA_II,10,34,0.21916929224351767
NSGA_II,10,35,0.21916929224351767
NSGA_II,10,36,0.21929944944903404
NSGA_II,10,37,0.21929944944903404
NSGA_II,10,38,0.21929944944903404
NSGA_II,10,39,0.21929944944903404
NSGA_II,10,40,0.21929944944903404
NSGA_II,10,41,0.21929944944903404
NSGA_II,10,42,0.21929944944903404
NSGA_II,10,43,0.21754877951215132
NSGA_II,10,44,0.21929944944903404
NSGA_II,10,45,0.21929944944903404
NSGA_II,10,46,0.21929944944903404
NSGA_II,10,47,0.21929944944903404
NSGA_II,10,48,0.21929944944903404
NSGA_II,10,49,0.21929944944903404
NSGA_II,10,50,0.21929944944903404
NSGA_II,10,51,0.21929944944903404
NSGA_II,10,52,0.21929944944903404
NSGA_II,10,53,0.21929944944903404
NSGA_II,10,54,0.21929944944903404
NSGA_II,10,55,0.21929944944903404
NSGA_II,10,56,0.21929944944903404
NSGA_II,10,57,0.21929944944903404
NSGA_II,10,58,0.21929944944903404
NSGA_II,10,59,0.21929944944903404
NSGA_II,10,60,0.21929944944903404
NSGA_II,10,61,0.21929944944903404
NSGA_II,10,62,0.21929944944903404
NSGA_II,10,63,0.21929944944903404
NSGA_II,11,0,0.4124041778517377
NSGA_II,11,1,0.3910304644059175
NSGA_II,11,2,0.322259569608514
NSGA_II,11,3,0.2925762117652701
NSGA_II,11,4,0.26381660846415306
NSGA_II,11,5,0.23499353927738756
NSGA_II,11,6,0.23499353927738756
NSGA_II,11,7,0.22726578660015073
NSGA_II,11,8,0.2228834853855396
NSGA_II,11,9,0.22067353052281155
NSGA_II,11,10,0.22067353052281155
NSGA_II,11,11,0.21775414630557538
NSGA_II,11,12,0.2169795944119921
NSGA_II,11,13,0.2169795944119921
NSGA_II,11,14,0.21519586010346134
NSGA_II,11,15,0.21519586010346134
NSGA_II,11,16,0.21519586010346134
NSGA_II,11,17,0.21519586010346134
NSGA_II,11,18,0.21519586010346134
NSGA_II,11,19,0.21519586010346134
NSGA_II,11,20,0.21519586010346134
NSGA_II,11,21,0.21519586010346134
NSGA_II,11,22,0.21519586010346134
NSGA_II,11,23,0.21519586010346134
NSGA_II,11,24,0.21519586010346134
NSGA_II,11,25,0.21519586010346134
NSGA_II,11,26,0.2155219320891357
NSGA_II,11,27,0.2155219320891357
NSGA_II,11,28,0.2157549221513257
NSGA_II,11,29,0.2157549221513257
NSGA_II,11,30,0.2157549221513257
NSGA_II,11,31,0.21552140794118246
NSGA_II,11,32,0.21552140794118246
NSGA_II,11,33,0.21552140794118246
NSGA_II,11,34,0.21552140794118246
NSGA_II,11,35,0.21552140794118246
NSGA_II,11,36,0.21552140794118246
NSGA_II,11,37,0.21598597841394995
NSGA_II,11,38,0.21598597841394995
NSGA_II,11,39,0.21558017927766948
NSGA_II,11,40,0.2155071595861641
NSGA_II,11,41,0.2155071595861641
NSGA_II,11,42,0.2155071595861641
NSGA_II,11,43,0.2155071595861641
NSGA_II,11,44,0.2155071595861641
NSGA_II,11,45,0.2155071595861641
NSGA_II,11,46,0.2155071595861641
NSGA_II,11,47,0.21936337200252778
NSGA_II,11,48,0.21936337200252778
NSGA_II,11,49,0.21936337200252778
NSGA_II,11,50,0.21936337200252778
NSGA_II,11,51,0.21936337200252778
NSGA_II,11,52,0.21936337200252778
NSGA_II,11,53,0.21936337200252778
NSGA_II,11,54,0.21936337200252778
NSGA_II,11,55,0.21936337200252778
NSGA_II,11,56,0.21936337200252778
NSGA_II,11,57,0.21936337200252778
NSGA_II,11,58,0.21936337200252778
NSGA_II,11,59,0.21936337200252778
NSGA_II,11,60,0.21936337200252778
NSGA_II,11,61,0.21936337200252778
NSGA_II,11,62,0.21936337200252778
NSGA_II,11,63,0.21936337200252778
NSGA_II,12,0,0.3103665526947684
NSGA_II,12,1,0.29235062999111167
NSGA_II,12,2,0.29235062999111167
NSGA_II,12,3,0.26426382951678046
NSGA_II,12,4,0.25753189545764577
NSGA_II,12,5,0.2347725396581113
NSGA_II,12,6,0.2304636978383189
NSGA_II,12,7,0.2304636978383189
NSGA_II,12,8,0.22649482761470957
NSGA_II,12,9,0.2215601166647484
NSGA_II,12,10,0.2215601166647484
NSGA_II,12,11,0.22145068784941785
NSGA_II,12,12,0.2180137193468433
NSGA_II,12,13,0.21640566410035147
NSGA_II,12,14,0.21640566410035147
NSGA_II,12,15,0.21640566410035147
NSGA_II,12,16,0.21640566410035147
NSGA_II,12,17,0.21640566410035147
NSGA_II,12,18,0.21640566410035147
NSGA_II,12,19,0.21640566410035147
NSGA_II,12,20,0.21640566410035147
NSGA_II,12,21,0.21640566410035147
NSGA_II,12,22,0.21640566410035147
NSGA_II,12,23,0.21640566410035147
NSGA_II,12,24,0.2154772592991472
NSGA_II,12,25,0.2154772592991472
NSGA_II,12,26,0.2154772592991472
NSGA_II,12,27,0.2154772592991472
NSGA_II,12,28,0.21549782883580723
NSGA_II,12,29,0.21645681403066028
NSGA_II,12,30,0.21755476447162767
NSGA_II,12,31,0.2160257090815473
NSGA_II,12,32,0.2160257090815473
NSGA_II,12,33,0.2160257090815473
NSGA_II,12,34,0.2160257090815473
NSGA_II,12,35,0.21716424722477837
NSGA_II,12,36,0.21924287346285484
NSGA_II,12,37,0.21657033657264987
NSGA_II,12,38,0.21657033657264987
NSGA_II,12,39,0.21657033657264987
NSGA_II,12,40,0.21657033657264987
NSGA_II,12,41,0.21657033657264987
NSGA_II,12,42,0.21657033657264987
NSGA_II,12,43,0.21657033657264987
NSGA_II,12,44,0.21924287346285484
NSGA_II,12,45,0.21924287346285484
NSGA_II,12,46,0.21924287346285484
NSGA_II,12,47,0.21924287346285484
NSGA_II,12,48,0.21924287346285484
NSGA_II,12,49,0.21924287346285484
NSGA_II,12,50,0.21924287346285484
NSGA_II,12,51,0.21924287346285484
NSGA_II,12,52,0.21856264157702646
NSGA_II,12,53,0.21856264157702646
NSGA_II,12,54,0.21924287346285484
NSGA_II,12,55,0.21924287346285484
NSGA_II,12,56,0.21924287346285484
NSGA_II,12,57,0.21924287346285484
NSGA_II,12,58,0.21924287346285484
NSGA_II,12,59,0.21924287346285484
NSGA_II,12,60,0.21924287346285484
NSGA_II,12,61,0.21924287346285484
NSGA_II,12,62,0.21924287346285484
NSGA_II,12,63,0.21924287346285484
NSGA_II,13,0,0.4058294429399387
NSGA_II,13,1,0.3513236939048666
NSGA_II,13,2,0.3513236939048666
NSGA_II,13,3,0.34712152683882946
NSGA_II,13,4,0.29359412959935843
NSGA_II,13,5,0.27341201633460144
NSGA_II,13,6,0.25281931519231593
NSGA_II,13,7,0.24166278933745275
NSGA_II,13,8,0.24166278933745275
NSGA_II,13,9,0.22406382694099175
NSGA_II,13,10,0.22406382694099175
NSGA_II,13,11,0.2216079591025434
NSGA_II,13,12,0.21906681615194068
NSGA_II,13,13,0.21906681615194068
NSGA_II,13,14,0.21692082995561124
NSGA_II,13,15,0.2156266061961544
NSGA_II,13,16,0.21528988312656241
NSGA_II,13,17,0.21528988312656241
NSGA_II,13,18,0.21528988312656241
NSGA_II,13,19,0.21528988312656241
NSGA_II,13,20,0.21528988312656241
NSGA_II,13,21,0.21528988312656241
NSGA_II,13,22,0.21528988312656241
NSGA_II,13,23,0.21528988312656241
NSGA_II,13,24,0.21528988312656241
NSGA_II,13,25,0.21528988312656241
NSGA_II,13,26,0.21528988312656241
NSGA_II,13,27,0.21528988312656241
NSGA_II,13,28,0.21528988312656241
NSGA_II,13,29,0.21528988312656241
NSGA_II,13,30,0.21528988312656241
NSGA_II,13,31,0.21528988312656241
NSGA_II,13,32,0.21528988312656241
NSGA_II,13,33,0.21528988312656241
NSGA_II,13,34,0.21528988312656241
NSGA_II,13,35,0.21522259134652907
NSGA_II,13,36,0.21584467422077278
NSGA_II,13,37,0.21584467422077278
NSGA_II,13,38,0.21584467422077278
NSGA_II,13,39,0.21537490773344783
NSGA_II,13,40,0.21537490773344783
NSGA_II,13,41,0.21537490773344783
NSGA_II,13,42,0.21685078402050192
NSGA_II,13,43,0.2192981168515759
NSGA_II,13,44,0.2156685466815147
NSGA_II,13,45,0.2156685466815147
NSGA_II,13,46,0.2192981168515759
NSGA_II,13,47,0.2192981168515759
NSGA_II,13,48,0.2192981168515759
NSGA_II,13,49,0.2192981168515759
NSGA_II,13,50,0.2192981168515759
NSGA_II,13,51,0.2192981168515759
NSGA_II,13,52,0.2192981168515759
NSGA_II,13,53,0.2192981168515759
NSGA_II,13,54,0.2192981168515759
NSGA_II,13,55,0.2192981168515759
NSGA_II,13,56,0.2192981168515759
NSGA_II,13,57,0.2192981168515759
NSGA_II,13,58,0.2192981168515759
NSGA_II,13,59,0.2192981168515759
NSGA_II,13,60,0.2192981168515759
NSGA_II,13,61,0.2192981168515759
NSGA_II,13,62,0.2192981168515759
NSGA_II,13,63,0.2192981168515759
NSGA_II,14,0,0.39102280679898593
NSGA_II,14,1,0.39102280679898593
NSGA_II,14,2,0.3564863789378748
NSGA_II,14,3,0.28272798824052814
NSGA_II,14,4,0.25282474884541095
NSGA_II,14,5,0.25282474884541095
NSGA_II,14,6,0.24550412356346943
NSGA_II,14,7,0.22324522115344825
NSGA_II,14,8,0.22156847030506946
NSGA_II,14,9,0.2177932653012182
NSGA_II,14,10,0.2153344600040791
NSGA_II,14,11,0.2153344600040791
NSGA_II,14,12,0.2153344600040791
NSGA_II,14,13,0.2153344600040791
NSGA_II,14,14,0.2153344600040791
NSGA_II,14,15,0.2153344600040791
NSGA_II,14,16,0.2153344600040791
NSGA_II,14,17,0.2153344600040791
NSGA_II,14,18,0.2153344600040791
NSGA_II,14,19,0.2153344600040791
NSGA_II,14,20,0.2153344600040791
NSGA_II,14,21,0.2153344600040791
NSGA_II,14,22,0.2162728749000315
NSGA_II,14,23,0.21527106295241855
NSGA_II,14,24,0.21527106295241855
NSGA_II,14,25,0.21527106295241855
NSGA_II,14,26,0.21527106295241855
NSGA_II,14,27,0.21527106295241855
NSGA_II,14,28,0.21527106295241855
NSGA_II,14,29,0.21527106295241855
NSGA_II,14,30,0.21527106295241855
NSGA_II,14,31,0.21527106295241855
NSGA_II,14,32,0.21527106295241855
NSGA_II,14,33,0.21527106295241855
NSGA_II,14,34,0.21527106295241855
NSGA_II,14,35,0.21527106295241855
NSGA_II,14,36,0.21527106295241855
NSGA_II,14,37,0.2162230613838346
NSGA_II,14,38,0.2162230613838346
NSGA_II,14,39,0.2162230613838346
NSGA_II,14,40,0.2162230613838346
NSGA_II,14,41,0.2162230613838346
NSGA_II,14,42,0.2162230613838346
NSGA_II,14,43,0.2153253617796424
NSGA_II,14,44,0.2153253617796424
NSGA_II,14,45,0.2153253617796424
NSGA_II,14,46,0.21605638396907892
NSGA_II,14,47,0.21605638396907892
NSGA_II,14,48,0.21609509744670383
NSGA_II,14,49,0.21609509744670383
NSGA_II,14,50,0.21692099119993039
NSGA_II,14,51,0.21612358865269146
NSGA_II,14,52,0.21612358865269146
NSGA_II,14,53,0.21612358865269146
NSGA_II,14,54,0.21612358865269146
NSGA_II,14,55,0.21661640528737297
NSGA_II,14,56,0.21661640528737297
NSGA_II,14,57,0.21647075553271247
NSGA_II,14,58,0.21547347991869747
NSGA_II,14,59,0.21547347991869747
NSGA_II,14,60,0.21661640528737297
NSGA_II,14,61,0.21771822972455218
NSGA_II,14,62,0.21961349936357966
NSGA_II,14,63,0.21961349936357966
NSGA_II,15,0,0.5051043348732256
NSGA_II,15,1,0.42789167309069936
NSGA_II,15,2,0.34487479035386254
NSGA_II,15,3,0.33416696931685497
NSGA_II,15,4,0.3034012121330321
NSGA_II,15,5,0.30306524398538703
NSGA_II,15,6,0.27128410891544685
NSGA_II,15,7,0.24879006600192802
NSGA_II,15,8,0.24879006600192802
NSGA_II,15,9,0.2256315786121213
NSGA_II,15,10,0.2256315786121213
NSGA_II,15,11,0.21884400188044464
NSGA_II,15,12,0.21793410829412563
NSGA_II,15,13,0.21691018223413963
NSGA_II,15,14,0.21691018223413963
NSGA_II,15,15,0.21691018223413963
NSGA_II,15,16,0.21691018223413963
NSGA_II,15,17,0.2166666459850508
NSGA_II,15,18,0.2160728992507562
NSGA_II,15,19,0.21585814578268098
NSGA_II,15,20,0.21585814578268098
NSGA_II,15,21,0.21573136505352342
NSGA_II,15,22,0.2155237045406234
NSGA_II,15,23,0.2155237045406234
NSGA_II,15,24,0.2155237045406234
NSGA_II,15,25,0.2155237045406234
NSGA_II,15,26,0.21626570374813936
NSGA_II,15,27,0.21626570374813936
NSGA_II,15,28,0.21626570374813936
NSGA_II,15,29,0.21626570374813936
NSGA_II,15,30,0.21626570374813936
NSGA_II,15,31,0.21626570374813936
NSGA_II,15,32,0.21645829427580549
NSGA_II,15,33,0.21645829427580549
NSGA_II,15,34,0.217119628807821
NSGA_II,15,35,0.2165076504404194
NSGA_II,15,36,0.2165076504404194
NSGA_II,15,37,0.2173142852658585
NSGA_II,15,38,0.2173142852658585
NSGA_II,15,39,0.2173142852658585
NSGA_II,15,40,0.2173142852658585
NSGA_II,15,41,0.2173142852658585
NSGA_II,15,42,0.2173142852658585
NSGA_II,15,43,0.2173142852658585
NSGA_II,15,44,0.2173142852658585
NSGA_II,15,45,0.2173142852658585
NSGA_II,15,46,0.2173142852658585
NSGA_II,15,47,0.21703647315703134
NSGA_II,15,48,0.21753321968391884
NSGA_II,15,49,0.21753321968391884
NSGA_II,15,50,0.21753321968391884
NSGA_II,15,51,0.21753321968391884
NSGA_II,15,52,0.2198179821250072
NSGA_II,15,53,0.2198179821250072
NSGA_II,15,54,0.2198179821250072
NSGA_II,15,55,0.2198179821250072
NSGA_II,15,56,0.2198179821250072
NSGA_II,15,57,0.2198179821250072
NSGA_II,15,58,0.2198179821250072
NSGA_II,15,59,0.2198179821250072
NSGA_II,15,60,0.2198179821250072
NSGA_II,15,61,0.2198179821250072
NSGA_II,15,62,0.2198179821250072
NSGA_II,15,63,0.2198179821250072
NSGA_II,16,0,0.36994918301448926
NSGA_II,16,1,0.3505769708224036
NSGA_II,16,2,0.27975722554192106
NSGA_II,16,3,0.27975722554192106
NSGA_II,16,4,0.24939604025661724
NSGA_II,16,5,0.2457091779653338
NSGA_II,16,6,0.2457091779653338
NSGA_II,16,7,0.2423961491801171
NSGA_II,16,8,0.23312245469148274
NSGA_II,16,9,0.22983387760966792
NSGA_II,16,10,0.22611063242522952
NSGA_II,16,11,0.22009797076356258
NSGA_II,16,12,0.22009797076356258
NSGA_II,16,13,0.21913070249064953
NSGA_II,16,14,0.21913070249064953
NSGA_II,16,15,0.21673938520786182
NSGA_II,16,16,0.21603246944473614
NSGA_II,16,17,0.21583942896040612
NSGA_II,16,18,0.21564124012627756
NSGA_II,16,19,0.21564124012627756
NSGA_II,16,20,0.21564124012627756
NSGA_II,16,21,0.21538467494931138
NSGA_II,16,22,0.21583942896040612
NSGA_II,16,23,0.21632728401650791
NSGA_II,16,24,0.21700935053511494
NSGA_II,16,25,0.21682638503462612
NSGA_II,16,26,0.21682638503462612
NSGA_II,16,27,0.21682638503462612
NSGA_II,16,28,0.21806487686171913
NSGA_II,16,29,0.21692025278018484
NSGA_II,16,30,0.21806487686171913
NSGA_II,16,31,0.2198738375839189
NSGA_II,16,32,0.2198738375839189
NSGA_II,16,33,0.2198738375839189
NSGA_II,16,34,0.2198738375839189
NSGA_II,16,35,0.2198738375839189
NSGA_II,16,36,0.2198738375839189
NSGA_II,16,37,0.2198738375839189
NSGA_II,16,38,0.2198738375839189
NSGA_II,16,39,0.2198738375839189
NSGA_II,16,40,0.2198738375839189
NSGA_II,16,41,0.2198738375839189
NSGA_II,16,42,0.2198738375839189
NSGA_II,16,43,0.2198738375839189
NSGA_II,16,44,0.2198738375839189
NSGA_II,16,45,0.2198738375839189
NSGA_II,16,46,0.2198738375839189
NSGA_II,16,47,0.2198738375839189
NSGA_II,16,48,0.2198738375839189
NSGA_II,16,49,0.2198738375839189
NSGA_II,16,50,0.2198738375839189
NSGA_II,16,51,0.2198738375839189
NSGA_II,16,52,0.2198738375839189
NSGA_II,16,53,0.2198738375839189
NSGA_II,16,54,0.2198738375839189
NSGA_II,16,55,0.2198738375839189
NSGA_II,16,56,0.2198738375839189
NSGA_II,16,57,0.2198738375839189
NSGA_II,16,58,0.2198738375839189
NSGA_II,16,59,0.2198738375839189
NSGA_II,16,60,0.2193747138195762
NSGA_II,16,61,0.2193747138195762
NSGA_II,16,62,0.2193747138195762
NSGA_II,16,63,0.2193747138195762
NSGA_II,17,0,0.45584786405568983
NSGA_II,17,1,0.44261727635861126
NSGA_II,17,2,0.3824044577266176
NSGA_II,17,3,0.33510264786904315
NSGA_II,17,4,0.28227898856252664
NSGA_II,17,5,0.28227898856252664
NSGA_II,17,6,0.2694683154532551
NSGA_II,17,7,0.2559426841746346
NSGA_II,17,8,0.2499199404272725
NSGA_II,17,9,0.23886860432316775
NSGA_II,17,10,0.2274960228146771
NSGA_II,17,11,0.22260344294273088
NSGA_II,17,12,0.22189717733888945
NSGA_II,17,13,0.2168965101445179
NSGA_II,17,14,0.21584908409862194
NSGA_II,17,15,0.2154138538040232
NSGA_II,17,16,0.2154138538040232
NSGA_II,17,17,0.2154138538040232
NSGA_II,17,18,0.2154138538040232
NSGA_II,17,19,0.2154138538040232
NSGA_II,17,20,0.2156003475032068
NSGA_II,17,21,0.2156003475032068
NSGA_II,17,22,0.2156003475032068
NSGA_II,17,23,0.2156003475032068
NSGA_II,17,24,0.2156003475032068
NSGA_II,17,25,0.2156003475032068
NSGA_II,17,26,0.21609848520766597
NSGA_II,17,27,0.21609848520766597
NSGA_II,17,28,0.2156478329259143
NSGA_II,17,29,0.2156478329259143
NSGA_II,17,30,0.2156478329259143
NSGA_II,17,31,0.2156478329259143
NSGA_II,17,32,0.2156478329259143
NSGA_II,17,33,0.2163849206224784
NSGA_II,17,34,0.21718597559561337
NSGA_II,17,35,0.21726337260466172
NSGA_II,17,36,0.21726337260466172
NSGA_II,17,37,0.21781314685573427
NSGA_II,17,38,0.21834723512338317
NSGA_II,17,39,0.2176299063320723
NSGA_II,17,40,0.21834723512338317
NSGA_II,17,41,0.21834723512338317
NSGA_II,17,42,0.2188250504628659
NSGA_II,17,43,0.2190137315561513
NSGA_II,17,44,0.21935864880819494
NSGA_II,17,45,0.21933612255626186
NSGA_II,17,46,0.21935864880819494
NSGA_II,17,47,0.21935864880819494
NSGA_II,17,48,0.21935864880819494
NSGA_II,17,49,0.21935864880819494
NSGA_II,17,50,0.21935864880819494
NSGA_II,17,51,0.21935864880819494
NSGA_II,17,52,0.21935864880819494
NSGA_II,17,53,0.21935864880819494
NSGA_II,17,54,0.21935864880819494
NSGA_II,17,55,0.21935864880819494
NSGA_II,17,56,0.21935864880819494
NSGA_II,17,57,0.21935864880819494
NSGA_II,17,58,0.21935864880819494
NSGA_II,17,59,0.21935864880819494
NSGA_II,17,60,0.21935864880819494
NSGA_II,17,61,0.21935864880819494
NSGA_II,17,62,0.21935864880819494
NSGA_II,17,63,0.21935864880819494
NSGA_II,18,0,0.41532532407852996
NSGA_II,18,1,0.41532532407852996
NSGA_II,18,2,0.41196462968859204
NSGA_II,18,3,0.28697729579659825
NSGA_II,18,4,0.28697729579659825
NSGA_II,18,5,0.25285661307895296
NSGA_II,18,6,0.25285661307895296
NSGA_II,18,7,0.24398608093036053
NSGA_II,18,8,0.2307790054683793
NSGA_II,18,9,0.22990013621127692
NSGA_II,18,10,0.22990013621127692
NSGA_II,18,11,0.22990013621127692
NSGA_II,18,12,0.2227624839890378
NSGA_II,18,13,0.2227624839890378
NSGA_II,18,14,0.22216356814470417
NSGA_II,18,15,0.2151668622145148
NSGA_II,18,16,0.2151668622145148
NSGA_II,18,17,0.2151668622145148
NSGA_II,18,18,0.2151668622145148
NSGA_II,18,19,0.2151668622145148
NSGA_II,18,20,0.2151668622145148
NSGA_II,18,21,0.21542060044799433
NSGA_II,18,22,0.21542060044799433
NSGA_II,18,23,0.21542060044799433
NSGA_II,18,24,0.21542060044799433
NSGA_II,18,25,0.21542060044799433
NSGA_II,18,26,0.21542060044799433
NSGA_II,18,27,0.21542060044799433
NSGA_II,18,28,0.21542060044799433
NSGA_II,18,29,0.21542060044799433
NSGA_II,18,30,0.21542060044799433
NSGA_II,18,31,0.21542060044799433
NSGA_II,18,32,0.21542060044799433
NSGA_II,18,33,0.21542060044799433
NSGA_II,18,34,0.21542060044799433
NSGA_II,18,35,0.2155215564314804
NSGA_II,18,36,0.21635577628183303
NSGA_II,18,37,0.21687721467029714
NSGA_II,18,38,0.21591475022121953
NSGA_II,18,39,0.21687721467029714
NSGA_II,18,40,0.21702557261222769
NSGA_II,18,41,0.21702557261222769
NSGA_II,18,42,0.21702557261222769
NSGA_II,18,43,0.21702557261222769
NSGA_II,18,44,0.21929663191364798
NSGA_II,18,45,0.21929663191364798
NSGA_II,18,46,0.21929663191364798
NSGA_II,18,47,0.21929663191364798
NSGA_II,18,48,0.21777343212171915
NSGA_II,18,49,0.21777343212171915
NSGA_II,18,50,0.21929663191364798
NSGA_II,18,51,0.21759794870682087
NSGA_II,18,52,0.21929663191364798
NSGA_II,18,53,0.21929663191364798
NSGA_II,18,54,0.21929663191364798
NSGA_II,18,55,0.21929663191364798
NSGA_II,18,56,0.21929663191364798
NSGA_II,18,57,0.21929663191364798
NSGA_II,18,58,0.21929663191364798
NSGA_II,18,59,0.21929663191364798
NSGA_II,18,60,0.21929663191364798
NSGA_II,18,61,0.21929663191364798
NSGA_II,18,62,0.21929663191364798
NSGA_II,18,63,0.21929663191364798
NSGA_II,19,0,0.30337283773817925
NSGA_II,19,1,0.3004362104007215
NSGA_II,19,2,0.29589765826321046
NSGA_II,19,3,0.2853023860604971
NSGA_II,19,4,0.2655892756914474
NSGA_II,19,5,0.26058825244348094
NSGA_II,19,6,0.24357565629025016
NSGA_II,19,7,0.24357565629025016
NSGA_II,19,8,0.23820779640506531
NSGA_II,19,9,0.23303774425156018
NSGA_II,19,10,0.2301658237008188
NSGA_II,19,11,0.228358327403894
NSGA_II,19,12,0.22310123635489293
NSGA_II,19,13,0.22310123635489293
NSGA_II,19,14,0.2227199187532542
NSGA_II,19,15,0.22221955949148525
NSGA_II,19,16,0.2218660697483298
NSGA_II,19,17,0.22046659845234645
NSGA_II,19,18,0.21954095574402913
NSGA_II,19,19,0.21999633645812058
NSGA_II,19,20,0.22001679194542212
NSGA_II,19,21,0.21982947125676242
NSGA_II,19,22,0.21982947125676242
NSGA_II,19,23,0.21982947125676242
NSGA_II,19,24,0.21920536063597174
NSGA_II,19,25,0.21920536063597174
NSGA_II,19,26,0.21614169674676503
NSGA_II,19,27,0.21614169674676503
NSGA_II,19,28,0.21614169674676503
NSGA_II,19,29,0.21614169674676503
NSGA_II,19,30,0.21614169674676503
NSGA_II,19,31,0.21614169674676503
NSGA_II,19,32,0.21614169674676503
NSGA_II,19,33,0.2162147740495113
NSGA_II,19,34,0.2171307041413284
NSGA_II,19,35,0.21833249141717587
NSGA_II,19,36,0.21833249141717587
NSGA_II,19,37,0.21833249141717587
NSGA_II,19,38,0.21833249141717587
NSGA_II,19,39,0.219071134763736
NSGA_II,19,40,0.219071134763736
NSGA_II,19,41,0.22015895376129768
NSGA_II,19,42,0.2194155038759388
NSGA_II,19,43,0.22015895376129768
NSGA_II,19,44,0.22015895376129768
NSGA_II,19,45,0.22015895376129768
NSGA_II,19,46,0.22015895376129768
NSGA_II,19,47,0.22015895376129768
NSGA_II,19,48,0.22015895376129768
NSGA_II,19,49,0.22015895376129768
NSGA_II,19,50,0.22015895376129768
NSGA_II,19,51,0.22015895376129768
NSGA_II,19,52,0.22015895376129768
NSGA_II,19,53,0.22015895376129768
NSGA_II,19,54,0.22015895376129768
NSGA_II,19,55,0.22015895376129768
NSGA_II,19,56,0.22015895376129768
NSGA_II,19,57,0.22015895376129768
NSGA_II,19,58,0.22015895376129768
NSGA_II,19,59,0.22015895376129768
NSGA_II,19,60,0.22015895376129768
NSGA_II,19,61,0.22015895376129768
NSGA_II,19,62,0.22015895376129768
NSGA_II,19,63,0.22015895376129768
weighted_balanced,0,0,0.38954940330572885
weighted_balanced,0,1,0.3603968484733542
weighted_balanced,0,2,0.26510150937412924
weighted_balanced,0,3,0.23459877715788807
weighted_balanced,0,4,0.22475119056430384
weighted_balanced,0,5,0.21965815832511432
weighted_balanced,0,6,0.21965815832511432
weighted_balanced,0,7,0.21779253262691442
weighted_balanced,0,8,0.21723145760281534
weighted_balanced,0,9,0.21674109010880027
weighted_balanced,0,10,0.2156470091025928
weighted_balanced,0,11,0.21512575418193017
weighted_balanced,0,12,0.21512575418193017
weighted_balanced,0,13,0.21512575418193017
weighted_balanced,0,14,0.21512575418193017
weighted_balanced,0,15,0.21512575418193017
weighted_balanced,0,16,0.21512575418193017
weighted_balanced,0,17,0.21512575418193017
weighted_balanced,0,18,0.21508530988168664
weighted_balanced,0,19,0.21508530988168664
weighted_balanced,0,20,0.21508530988168664
weighted_balanced,0,21,0.21508530988168664
weighted_balanced,0,22,0.21508530988168664
weighted_balanced,0,23,0.21508530988168664
weighted_balanced,0,24,0.21508530988168664
weighted_balanced,0,25,0.21508530988168664
weighted_balanced,0,26,0.21508530988168664
weighted_balanced,0,27,0.21508530988168664
weighted_balanced,0,28,0.21508530988168664
weighted_balanced,0,29,0.21508530988168664
weighted_balanced,0,30,0.21508530988168664
weighted_balanced,0,31,0.21508530988168664
weighted_balanced,0,32,0.21508530988168664
weighted_balanced,0,33,0.21508530988168664
weighted_balanced,0,34,0.21508530988168664
weighted_balanced,0,35,0.21508530988168664
weighted_balanced,0,36,0.21508530988168664
weighted_balanced,0,37,0.21508530988168664
weighted_balanced,0,38,0.21508530988168664
weighted_balanced,0,39,0.21508530988168664
weighted_balanced,0,40,0.21508530988168664
weighted_balanced,0,41,0.21508530988168664
weighted_balanced,0,42,0.21508530988168664
weighted_balanced,0,43,0.21508530988168664
weighted_balanced,0,44,0.21508530988168664
weighted_balanced,0,45,0.21508530988168664
weighted_balanced,0,46,0.21508530988168664
weighted_balanced,0,47,0.21508530988168664
weighted_balanced,0,48,0.21508530988168664
weighted_balanced,0,49,0.21508530988168664
weighted_balanced,0,50,0.21508530988168664
weighted_balanced,0,51,0.21508530988168664
weighted_balanced,0,52,0.21508530988168664
weighted_balanced,0,53,0.21508530988168664
weighted_balanced,0,54,0.21508530988168664
weighted_balanced,0,55,0.21508530988168664
weighted_balanced,0,56,0.21508530988168664
weighted_balanced,0,57,0.21508530988168664
weighted_balanced,0,58,0.21508530988168664
weighted_balanced,0,59,0.21508530988168664
weighted_balanced,0,60,0.21508530988168664
weighted_balanced,0,61,0.21508530988168664
weighted_balanced,0,62,0.21508530988168664
weighted_balanced,0,63,0.21508530988168664
weighted_balanced,1,0,0.38921801036239495
weighted_balanced,1,1,0.30642316425332106
weighted_balanced,1,2,0.27249374900725015
weighted_balanced,1,3,0.27137714240403205
weighted_balanced,1,4,0.24395568797661188
weighted_balanced,1,5,0.23917361357804598
weighted_balanced,1,6,0.23727123195842156
weighted_balanced,1,7,0.23644530713909737
weighted_balanced,1,8,0.22285869077661627
weighted_balanced,1,9,0.22050549552784415
weighted_balanced,1,10,0.21845665325254893
weighted_balanced,1,11,0.21632055686374577
weighted_balanced,1,12,0.21595326793446407
weighted_balanced,1,13,0.21516580241976427
weighted_balanced,1,14,0.21516580241976427
weighted_balanced,1,15,0.21516580241976427
weighted_balanced,1,16,0.21516580241976427
weighted_balanced,1,17,0.21512083481706398
weighted_balanced,1,18,0.21510695778194752
weighted_balanced,1,19,0.21510695778194752
weighted_balanced,1,20,0.21510695778194752
weighted_balanced,1,21,0.21509115100531737
weighted_balanced,1,22,0.21509115100531737
weighted_balanced,1,23,0.21509115100531737
weighted_balanced,1,24,0.21509115100531737
weighted_balanced,1,25,0.21509115100531737
weighted_balanced,1,26,0.21509115100531737
weighted_balanced,1,27,0.21509115100531737
weighted_balanced,1,28,0.21509115100531737
weighted_balanced,1,29,0.21509115100531737
weighted_balanced,1,30,0.21508640315041627
weighted_balanced,1,31,0.21508640315041627
weighted_balanced,1,32,0.21508640315041627
weighted_balanced,1,33,0.21508640315041627
weighted_balanced,1,34,0.21508580519626502
weighted_balanced,1,35,0.21508580519626502
weighted_balanced,1,36,0.21508580519626502
weighted_balanced,1,37,0.21508580519626502
weighted_balanced,1,38,0.21508580519626502
weighted_balanced,1,39,0.2150858013430474
weighted_balanced,1,40,0.2150858010823571
weighted_balanced,1,41,0.2150857354053434
weighted_balanced,1,42,0.2150857354053434
weighted_balanced,1,43,0.2150857354053434
weighted_balanced,1,44,0.2150857354053434
weighted_balanced,1,45,0.21508572853730007
weighted_balanced,1,46,0.21508572853730007
weighted_balanced,1,47,0.21508572853730007
weighted_balanced,1,48,0.21508572853730007
weighted_balanced,1,49,0.21508572853730007
weighted_balanced,1,50,0.21508572853730007
weighted_balanced,1,51,0.21508572839513404
weighted_balanced,1,52,0.215085727827188
weighted_balanced,1,53,0.215085727827188
weighted_balanced,1,54,0.21508572764891662
weighted_balanced,1,55,0.21508572764891662
weighted_balanced,1,56,0.21508572764891662
weighted_balanced,1,57,0.21508572764891662
weighted_balanced,1,58,0.21508572764891662
weighted_balanced,1,59,0.21508572764891662
weighted_balanced,1,60,0.21508572764891662
weighted_balanced,1,61,0.21508572764086217
weighted_balanced,1,62,0.21508572763995087
weighted_balanced,1,63,0.21508572763850714
weighted_balanced,2,0,0.3056519293003663
weighted_balanced,2,1,0.2704690989444967
weighted_balanced,2,2,0.2701382780692002
weighted_balanced,2,3,0.25197294135641285
weighted_balanced,2,4,0.23866073268074883
weighted_balanced,2,5,0.2365645586926747
weighted_balanced,2,6,0.22968960583343095
weighted_balanced,2,7,0.2265545570308959
weighted_balanced,2,8,0.22099281665683052
weighted_balanced,2,9,0.2207375608798141
weighted_balanced,2,10,0.2207375608798141
weighted_balanced,2,11,0.2207375608798141
weighted_balanced,2,12,0.21686838215476703
weighted_balanced,2,13,0.21633711955356127
weighted_balanced,2,14,0.21633711955356127
weighted_balanced,2,15,0.21633711955356127
weighted_balanced,2,16,0.21633291181002237
weighted_balanced,2,17,0.215308498473033
weighted_balanced,2,18,0.21509937444010088
weighted_balanced,2,19,0.21509937444010088
weighted_balanced,2,20,0.21509937444010088
weighted_balanced,2,21,0.21509937444010088
weighted_balanced,2,22,0.21509937444010088
weighted_balanced,2,23,0.21509937444010088
weighted_balanced,2,24,0.21509937444010088
weighted_balanced,2,25,0.21509937444010088
weighted_balanced,2,26,0.215094768682608
weighted_balanced,2,27,0.215094768682608
weighted_balanced,2,28,0.215094768682608
weighted_balanced,2,29,0.215094768682608
weighted_balanced,2,30,0.215094768682608
weighted_balanced,2,31,0.215094768682608
weighted_balanced,2,32,0.215094768682608
weighted_balanced,2,33,0.215094768682608
weighted_balanced,2,34,0.215094768682608
weighted_balanced,2,35,0.2150941335334114
weighted_balanced,2,36,0.2150941335334114
weighted_balanced,2,37,0.21509331721911343
weighted_balanced,2,38,0.21509331721911343
weighted_balanced,2,39,0.21509331721911343
weighted_balanced,2,40,0.21509331721911343
weighted_balanced,2,41,0.21509331721911343
weighted_balanced,2,42,0.21509331721911343
weighted_balanced,2,43,0.21509331721911343
weighted_balanced,2,44,0.21509331721911343
weighted_balanced,2,45,0.21509331721911343
weighted_balanced,2,46,0.21509331721911343
weighted_balanced,2,47,0.21509331721911343
weighted_balanced,2,48,0.21509331721911343
weighted_balanced,2,49,0.21509331721911343
weighted_balanced,2,50,0.21509331721911343
weighted_balanced,2,51,0.21509331721911343
weighted_balanced,2,52,0.21509331721911343
weighted_balanced,2,53,0.21509331721911343
weighted_balanced,2,54,0.21509331721911343
weighted_balanced,2,55,0.21509331721911343
weighted_balanced,2,56,0.21509331721911343
weighted_balanced,2,57,0.21509331721911343
weighted_balanced,2,58,0.21509331721911343
weighted_balanced,2,59,0.21509331721911343
weighted_balanced,2,60,0.21509331721911343
weighted_balanced,2,61,0.21509331721911343
weighted_balanced,2,62,0.21509331721911343
weighted_balanced,2,63,0.21509331721911343
weighted_balanced,3,0,0.34648375728049696
weighted_balanced,3,1,0.34648375728049696
weighted_balanced,3,2,0.32494876268627154
weighted_balanced,3,3,0.28502130345558485
weighted_balanced,3,4,0.2759198878163517
weighted_balanced,3,5,0.2564988256404523
weighted_balanced,3,6,0.2544584847856367
weighted_balanced,3,7,0.24074402491940436
weighted_balanced,3,8,0.23529884914600277
weighted_balanced,3,9,0.2253640751993974
weighted_balanced,3,10,0.21861531048647267
weighted_balanced,3,11,0.21721328588865355
weighted_balanced,3,12,0.2170738413841568
weighted_balanced,3,13,0.21620518381076984
weighted_balanced,3,14,0.21567713805920952
weighted_balanced,3,15,0.2155627370381974
weighted_balanced,3,16,0.21544789589336363
weighted_balanced,3,17,0.21513379221439402
weighted_balanced,3,18,0.21512602523418492
weighted_balanced,3,19,0.21511482370951146
weighted_balanced,3,20,0.21511482370951146
weighted_balanced,3,21,0.21511482370951146
weighted_balanced,3,22,0.21511482370951146
weighted_balanced,3,23,0.2151014430864739
weighted_balanced,3,24,0.21508749103620178
weighted_balanced,3,25,0.21508478893122535
weighted_balanced,3,26,0.21508478893122535
weighted_balanced,3,27,0.21508478893122535
weighted_balanced,3,28,0.21508478893122535
weighted_balanced,3,29,0.21508478893122535
weighted_balanced,3,30,0.21508478893122535
weighted_balanced,3,31,0.21508478893122535
weighted_balanced,3,32,0.21508478893122535
weighted_balanced,3,33,0.21508478893122535
weighted_balanced,3,34,0.21508478893122535
weighted_balanced,3,35,0.21508478893122535
weighted_balanced,3,36,0.21508478893122535
weighted_balanced,3,37,0.21508478893122535
weighted_balanced,3,38,0.21508478893122535
weighted_balanced,3,39,0.21508478893122535
weighted_balanced,3,40,0.21508478893122535
weighted_balanced,3,41,0.21508478893122535
weighted_balanced,3,42,0.21508478893122535
weighted_balanced,3,43,0.21508478893122535
weighted_balanced,3,44,0.21508478893122535
weighted_balanced,3,45,0.21508478893122535
weighted_balanced,3,46,0.21508478893122535
weighted_balanced,3,47,0.21508478893122535
weighted_balanced,3,48,0.21508478893122535
weighted_balanced,3,49,0.21508478893122535
weighted_balanced,3,50,0.21508478893122535
weighted_balanced,3,51,0.21508478893122535
weighted_balanced,3,52,0.21508478893122535
weighted_balanced,3,53,0.21508478893122535
weighted_balanced,3,54,0.21508478893122535
weighted_balanced,3,55,0.21508478893122535
weighted_balanced,3,56,0.21508478893122535
weighted_balanced,3,57,0.21508478893122535
weighted_balanced,3,58,0.21508478893122535
weighted_balanced,3,59,0.21508478893122535
weighted_balanced,3,60,0.21508478893122535
weighted_balanced,3,61,0.21508478893122535
weighted_balanced,3,62,0.21508478893122535
weighted_balanced,3,63,0.21508478893122535
weighted_balanced,4,0,0.38318569562976645
weighted_balanced,4,1,0.3421008719796417
weighted_balanced,4,2,0.3075201826293764
weighted_balanced,4,3,0.29369831769797816
weighted_balanced,4,4,0.2593047126753164
weighted_balanced,4,5,0.2430321615467777
weighted_balanced,4,6,0.2407061023159472
weighted_balanced,4,7,0.2407061023159472
weighted_balanced,4,8,0.23327325625068832
weighted_balanced,4,9,0.22079433782525187
weighted_balanced,4,10,0.22079433782525187
weighted_balanced,4,11,0.21888559001229768
weighted_balanced,4,12,0.21618190244123883
weighted_balanced,4,13,0.21602822035247526
weighted_balanced,4,14,0.21567731010962388
weighted_balanced,4,15,0.21565043802272357
weighted_balanced,4,16,0.21544962154814018
weighted_balanced,4,17,0.2152324741407041
weighted_balanced,4,18,0.2152324741407041
weighted_balanced,4,19,0.2152324741407041
weighted_balanced,4,20,0.21515475353349245
weighted_balanced,4,21,0.21515475353349245
weighted_balanced,4,22,0.21515475353349245
weighted_balanced,4,23,0.21515475353349245
weighted_balanced,4,24,0.21510010381498024
weighted_balanced,4,25,0.21510010381498024
weighted_balanced,4,26,0.21510010381498024
weighted_balanced,4,27,0.21510010381498024
weighted_balanced,4,28,0.21510010381498024
weighted_balanced,4,29,0.21510010381498024
weighted_balanced,4,30,0.21510010381498024
weighted_balanced,4,31,0.21510010381498024
weighted_balanced,4,32,0.21510010381498024
weighted_balanced,4,33,0.21510010381498024
weighted_balanced,4,34,0.21509846163991486
weighted_balanced,4,35,0.21509846163991486
weighted_balanced,4,36,0.21509846163991486
weighted_balanced,4,37,0.21509846163991486
weighted_balanced,4,38,0.21509846163991486
weighted_balanced,4,39,0.21509846163991486
weighted_balanced,4,40,0.21509846163991486
weighted_balanced,4,41,0.21509846163991486
weighted_balanced,4,42,0.21509846163991486
weighted_balanced,4,43,0.21509846163991486
weighted_balanced,4,44,0.21509846163991486
weighted_balanced,4,45,0.21509846163991486
weighted_balanced,4,46,0.21509846163991486
weighted_balanced,4,47,0.21509846163991486
weighted_balanced,4,48,0.21509846163991486
weighted_balanced,4,49,0.21509846163991486
weighted_balanced,4,50,0.21509846163991486
weighted_balanced,4,51,0.21509846163991486
weighted_balanced,4,52,0.21509846163991486
weighted_balanced,4,53,0.21509846163991486
weighted_balanced,4,54,0.21509846163991486
weighted_balanced,4,55,0.21509846163991486
weighted_balanced,4,56,0.21509846163991486
weighted_balanced,4,57,0.21509846163991486
weighted_balanced,4,58,0.21509846163991486
weighted_balanced,4,59,0.21509846163991486
weighted_balanced,4,60,0.21509846163991486
weighted_balanced,4,61,0.21509846163991486
weighted_balanced,4,62,0.21509846163991486
weighted_balanced,4,63,0.21509846163991486
weighted_balanced,5,0,0.28483170028970306
weighted_balanced,5,1,0.28483170028970306
weighted_balanced,5,2,0.28255042525425056
weighted_balanced,5,3,0.2651475000483867
weighted_balanced,5,4,0.2631938488796518
weighted_balanced,5,5,0.23833061033595612
weighted_balanced,5,6,0.23074044834046722
weighted_balanced,5,7,0.22031647538360996
weighted_balanced,5,8,0.21842609684910178
weighted_balanced,5,9,0.21842609684910178
weighted_balanced,5,10,0.21723189753543506
weighted_balanced,5,11,0.21634529133549968
weighted_balanced,5,12,0.21634529133549968
weighted_balanced,5,13,0.21592524554336331
weighted_balanced,5,14,0.21528489204721926
weighted_balanced,5,15,0.21528489204721926
weighted_balanced,5,16,0.21526480998349687
weighted_balanced,5,17,0.21516205303773014
weighted_balanced,5,18,0.21516205303773014
weighted_balanced,5,19,0.21513862198380831
weighted_balanced,5,20,0.21510867547393972
weighted_balanced,5,21,0.21510867547393972
weighted_balanced,5,22,0.21510867547393972
weighted_balanced,5,23,0.21510867547393972
weighted_balanced,5,24,0.21509419119075668
weighted_balanced,5,25,0.21509419119075668
weighted_balanced,5,26,0.21509419119075668
weighted_balanced,5,27,0.21509419119075668
weighted_balanced,5,28,0.21509419119075668
weighted_balanced,5,29,0.21509419119075668
weighted_balanced,5,30,0.21509419119075668
weighted_balanced,5,31,0.21509419119075668
weighted_balanced,5,32,0.21509419119075668
weighted_balanced,5,33,0.21509419119075668
weighted_balanced,5,34,0.21509419119075668
weighted_balanced,5,35,0.21509419119075668
weighted_balanced,5,36,0.21509419119075668
weighted_balanced,5,37,0.21509419119075668
weighted_balanced,5,38,0.21509419119075668
weighted_balanced,5,39,0.2150849985180217
weighted_balanced,5,40,0.2150849985180217
weighted_balanced,5,41,0.2150849985180217
weighted_balanced,5,42,0.2150849985180217
weighted_balanced,5,43,0.21508492928854026
weighted_balanced,5,44,0.21508459537186803
weighted_balanced,5,45,0.21508459537186803
weighted_balanced,5,46,0.21508459537186803
weighted_balanced,5,47,0.21508459537186803
weighted_balanced,5,48,0.21508453825471918
weighted_balanced,5,49,0.21508453825471918
weighted_balanced,5,50,0.2150845312080954
weighted_balanced,5,51,0.21508452468629266
weighted_balanced,5,52,0.21508452417374443
weighted_balanced,5,53,0.21508452391800037
weighted_balanced,5,54,0.21508452391800037
weighted_balanced,5,55,0.2150845238465253
weighted_balanced,5,56,0.2150845238465253
weighted_balanced,5,57,0.21508452383946597
weighted_balanced,5,58,0.2150845238172256
weighted_balanced,5,59,0.21508452381332904
weighted_balanced,5,60,0.21508452381107548
weighted_balanced,5,61,0.21508452381080295
weighted_balanced,5,62,0.2150845238101945
weighted_balanced,5,63,0.2150845238101945
weighted_balanced,6,0,0.25434970727786693
weighted_balanced,6,1,0.25434970727786693
weighted_balanced,6,2,0.25434970727786693
weighted_balanced,6,3,0.2520553132995643
weighted_balanced,6,4,0.2340042184843182
weighted_balanced,6,5,0.2189750318418932
weighted_balanced,6,6,0.21754100021408002
weighted_balanced,6,7,0.2163474018924834
weighted_balanced,6,8,0.2163474018924834
weighted_balanced,6,9,0.21616698983579447
weighted_balanced,6,10,0.2157138927334223
weighted_balanced,6,11,0.2157138927334223
weighted_balanced,6,12,0.2151944753894598
weighted_balanced,6,13,0.2151944753894598
weighted_balanced,6,14,0.2151944753894598
weighted_balanced,6,15,0.2151944753894598
weighted_balanced,6,16,0.2151944753894598
weighted_balanced,6,17,0.21517221949392307
weighted_balanced,6,18,0.21517221949392307
weighted_balanced,6,19,0.21514830513048447
weighted_balanced,6,20,0.21511211142414988
weighted_balanced,6,21,0.21511211142414988
weighted_balanced,6,22,0.2150925511348969
weighted_balanced,6,23,0.2150925511348969
weighted_balanced,6,24,0.2150925511348969
weighted_balanced,6,25,0.2150925511348969
weighted_balanced,6,26,0.2150925511348969
weighted_balanced,6,27,0.2150925511348969
weighted_balanced,6,28,0.2150925511348969
weighted_balanced,6,29,0.2150925511348969
weighted_balanced,6,30,0.2150925511348969
weighted_balanced,6,31,0.2150925511348969
weighted_balanced,6,32,0.2150925511348969
weighted_balanced,6,33,0.2150925511348969
weighted_balanced,6,34,0.2150925511348969
weighted_balanced,6,35,0.2150925511348969
weighted_balanced,6,36,0.2150925511348969
weighted_balanced,6,37,0.2150925511348969
weighted_balanced,6,38,0.2150925511348969
weighted_balanced,6,39,0.2150925511348969
weighted_balanced,6,40,0.2150925511348969
weighted_balanced,6,41,0.2150925511348969
weighted_balanced,6,42,0.2150925511348969
weighted_balanced,6,43,0.2150925511348969
weighted_balanced,6,44,0.2150925511348969
weighted_balanced,6,45,0.2150925511348969
weighted_balanced,6,46,0.2150924051934103
weighted_balanced,6,47,0.2150924051934103
weighted_balanced,6,48,0.2150910219464887
weighted_balanced,6,49,0.2150910219464887
weighted_balanced,6,50,0.2150910219464887
weighted_balanced,6,51,0.2150910219464887
weighted_balanced,6,52,0.2150910219464887
weighted_balanced,6,53,0.2150910219464887
weighted_balanced,6,54,0.2150910219464887
weighted_balanced,6,55,0.2150910219464887
weighted_balanced,6,56,0.2150910219464887
weighted_balanced,6,57,0.2150910219464887
weighted_balanced,6,58,0.2150910219464887
weighted_balanced,6,59,0.2150910219464887
weighted_balanced,6,60,0.2150910219464887
weighted_balanced,6,61,0.2150910219464887
weighted_balanced,6,62,0.2150910219464887
weighted_balanced,6,63,0.2150910219464887
weighted_balanced,7,0,0.3017143566264778
weighted_balanced,7,1,0.2755183873972174
weighted_balanced,7,2,0.2725777026283055
weighted_balanced,7,3,0.26246519138827634
weighted_balanced,7,4,0.23230790639632315
weighted_balanced,7,5,0.23226353979805053
weighted_balanced,7,6,0.23223224654156113
weighted_balanced,7,7,0.22822944394089242
weighted_balanced,7,8,0.22675034737811678
weighted_balanced,7,9,0.22675034737811678
weighted_balanced,7,10,0.22521357762414065
weighted_balanced,7,11,0.22194774315810095
weighted_balanced,7,12,0.2210297598205212
weighted_balanced,7,13,0.2198520838919385
weighted_balanced,7,14,0.2198520838919385
weighted_balanced,7,15,0.2198520838919385
weighted_balanced,7,16,0.21814204905424453
weighted_balanced,7,17,0.21686216372185965
weighted_balanced,7,18,0.21686216372185965
weighted_balanced,7,19,0.2152936778963972
weighted_balanced,7,20,0.21517026355327273
weighted_balanced,7,21,0.21517026355327273
weighted_balanced,7,22,0.21517026355327273
weighted_balanced,7,23,0.21517026355327273
weighted_balanced,7,24,0.21512594775369878
weighted_balanced,7,25,0.21512594775369878
weighted_balanced,7,26,0.21508682938714263
weighted_balanced,7,27,0.21508682938714263
weighted_balanced,7,28,0.21508682938714263
weighted_balanced,7,29,0.21508682938714263
weighted_balanced,7,30,0.21508682938714263
weighted_balanced,7,31,0.21508682938714263
weighted_balanced,7,32,0.21508682938714263
weighted_balanced,7,33,0.2150867403920117
weighted_balanced,7,34,0.21508577647086327
weighted_balanced,7,35,0.21508577647086327
weighted_balanced,7,36,0.21508577647086327
weighted_balanced,7,37,0.2150852894164533
weighted_balanced,7,38,0.2150849484504875
weighted_balanced,7,39,0.2150849484504875
weighted_balanced,7,40,0.21508461965179723
weighted_balanced,7,41,0.2150845985749255
weighted_balanced,7,42,0.21508455213405697
weighted_balanced,7,43,0.21508454975284885
weighted_balanced,7,44,0.21508454975284885
weighted_balanced,7,45,0.21508454975284885
weighted_balanced,7,46,0.21508454975284885
weighted_balanced,7,47,0.21508452531079153
weighted_balanced,7,48,0.21508452531079153
weighted_balanced,7,49,0.21508452433876157
weighted_balanced,7,50,0.21508452415193013
weighted_balanced,7,51,0.2150845239441213
weighted_balanced,7,52,0.21508452386730273
weighted_balanced,7,53,0.21508452386730273
weighted_balanced,7,54,0.21508452386730273
weighted_balanced,7,55,0.21508452384725607
weighted_balanced,7,56,0.21508452384725607
weighted_balanced,7,57,0.2150845238432013
weighted_balanced,7,58,0.2150845238165544
weighted_balanced,7,59,0.21508452381512477
weighted_balanced,7,60,0.21508452381049767
weighted_balanced,7,61,0.21508452381049767
weighted_balanced,7,62,0.21508452380953072
weighted_balanced,7,63,0.21508452380953072
weighted_balanced,8,0,0.42825789224984334
weighted_balanced,8,1,0.3196714933190602
weighted_balanced,8,2,0.31170319123203694
weighted_balanced,8,3,0.2947913186869518
weighted_balanced,8,4,0.25749549105009606
weighted_balanced,8,5,0.232143907728653
weighted_balanced,8,6,0.21683065341422525
weighted_balanced,8,7,0.21683065341422525
weighted_balanced,8,8,0.21629965749336116
weighted_balanced,8,9,0.21598347406085763
weighted_balanced,8,10,0.21513896129224475
weighted_balanced,8,11,0.21513896129224475
weighted_balanced,8,12,0.21513896129224475
weighted_balanced,8,13,0.21513896129224475
weighted_balanced,8,14,0.21513896129224475
weighted_balanced,8,15,0.21513896129224475
weighted_balanced,8,16,0.21511335698594847
weighted_balanced,8,17,0.21511335698594847
weighted_balanced,8,18,0.21510054172408793
weighted_balanced,8,19,0.21510054172408793
weighted_balanced,8,20,0.21510054172408793
weighted_balanced,8,21,0.21509028476877975
weighted_balanced,8,22,0.21509028476877975
weighted_balanced,8,23,0.21509028476877975
weighted_balanced,8,24,0.21509028476877975
weighted_balanced,8,25,0.21509028476877975
weighted_balanced,8,26,0.21509028476877975
weighted_balanced,8,27,0.21509028476877975
weighted_balanced,8,28,0.21509028476877975
weighted_balanced,8,29,0.21509028476877975
weighted_balanced,8,30,0.21509028476877975
weighted_balanced,8,31,0.21509028476877975
weighted_balanced,8,32,0.21509028476877975
weighted_balanced,8,33,0.21509028476877975
weighted_balanced,8,34,0.21509028476877975
weighted_balanced,8,35,0.21509028476877975
weighted_balanced,8,36,0.21509028476877975
weighted_balanced,8,37,0.21509028476877975
weighted_balanced,8,38,0.21509028476877975
weighted_balanced,8,39,0.21508750716657546
weighted_balanced,8,40,0.21508750716657546
weighted_balanced,8,41,0.21508750716657546
weighted_balanced,8,42,0.21508750716657546
weighted_balanced,8,43,0.21508750716657546
weighted_balanced,8,44,0.21508750716657546
weighted_balanced,8,45,0.21508750716657546
weighted_balanced,8,46,0.21508750716657546
weighted_balanced,8,47,0.21508750716657546
weighted_balanced,8,48,0.21508750716657546
weighted_balanced,8,49,0.21508750716657546
weighted_balanced,8,50,0.21508750716657546
weighted_balanced,8,51,0.21508750716657546
weighted_balanced,8,52,0.21508750716657546
weighted_balanced,8,53,0.21508750716657546
weighted_balanced,8,54,0.21508551126401243
weighted_balanced,8,55,0.21508551126401243
weighted_balanced,8,56,0.21508551126401243
weighted_balanced,8,57,0.21508551126401243
weighted_balanced,8,58,0.21508551126401243
weighted_balanced,8,59,0.21508551126401243
weighted_balanced,8,60,0.21508551126401243
weighted_balanced,8,61,0.21508551126401243
weighted_balanced,8,62,0.21508551126401243
weighted_balanced,8,63,0.21508551126401243
weighted_balanced,9,0,0.36975706848744155
weighted_balanced,9,1,0.3242040002292128
weighted_balanced,9,2,0.296050823395446
weighted_balanced,9,3,0.27151607351660206
weighted_balanced,9,4,0.25872846450672465
weighted_balanced,9,5,0.2192237766053156
weighted_balanced,9,6,0.2192237766053156
weighted_balanced,9,7,0.2192237766053156
weighted_balanced,9,8,0.21862571633442046
weighted_balanced,9,9,0.21669148532935117
weighted_balanced,9,10,0.21548897109601697
weighted_balanced,9,11,0.21548897109601697
weighted_balanced,9,12,0.21548897109601697
weighted_balanced,9,13,0.21528023234703747
weighted_balanced,9,14,0.21528023234703747
weighted_balanced,9,15,0.21525250367603105
weighted_balanced,9,16,0.21525250367603105
weighted_balanced,9,17,0.21525250367603105
weighted_balanced,9,18,0.21525250367603105
weighted_balanced,9,19,0.21520259307812856
weighted_balanced,9,20,0.21520259307812856
weighted_balanced,9,21,0.21510154625156952
weighted_balanced,9,22,0.21510154625156952
weighted_balanced,9,23,0.21510154625156952
weighted_balanced,9,24,0.21510154625156952
weighted_balanced,9,25,0.21509129262062268
weighted_balanced,9,26,0.21509129262062268
weighted_balanced,9,27,0.21509072578540198
weighted_balanced,9,28,0.21508492049994749
weighted_balanced,9,29,0.21508492049994749
weighted_balanced,9,30,0.21508492049994749
weighted_balanced,9,31,0.21508492049994749
weighted_balanced,9,32,0.21508492049994749
weighted_balanced,9,33,0.21508492049994749
weighted_balanced,9,34,0.21508492049994749
weighted_balanced,9,35,0.21508492049994749
weighted_balanced,9,36,0.21508478470860706
weighted_balanced,9,37,0.21508478470860706
weighted_balanced,9,38,0.21508478470860706
weighted_balanced,9,39,0.21508478470860706
weighted_balanced,9,40,0.21508478470860706
weighted_balanced,9,41,0.21508464308853176
weighted_balanced,9,42,0.21508464308853176
weighted_balanced,9,43,0.21508464308853176
weighted_balanced,9,44,0.21508464308853176
weighted_balanced,9,45,0.21508464308853176
weighted_balanced,9,46,0.21508456040619764
weighted_balanced,9,47,0.21508456040619764
weighted_balanced,9,48,0.21508454047652825
weighted_balanced,9,49,0.21508452726775187
weighted_balanced,9,50,0.21508452563921263
weighted_balanced,9,51,0.21508452563921263
weighted_balanced,9,52,0.21508452563921263
weighted_balanced,9,53,0.21508452413189516
weighted_balanced,9,54,0.21508452413189516
weighted_balanced,9,55,0.21508452413189516
weighted_balanced,9,56,0.21508452413189516
weighted_balanced,9,57,0.21508452413189516
weighted_balanced,9,58,0.21508452405063375
weighted_balanced,9,59,0.21508452401581007
weighted_balanced,9,60,0.21508452401581007
weighted_balanced,9,61,0.21508452392874292
weighted_balanced,9,62,0.21508452392874292
weighted_balanced,9,63,0.21508452392874292
weighted_balanced,10,0,0.41729443522444193
weighted_balanced,10,1,0.3262764312059214
weighted_balanced,10,2,0.31856533352784566
weighted_balanced,10,3,0.2846337922149463
weighted_balanced,10,4,0.2490396803309379
weighted_balanced,10,5,0.24020467789507452
weighted_balanced,10,6,0.23202598441596442
weighted_balanced,10,7,0.2235673452535039
weighted_balanced,10,8,0.22013950021567621
weighted_balanced,10,9,0.2160203774053931
weighted_balanced,10,10,0.21538883959606925
weighted_balanced,10,11,0.21538883959606925
weighted_balanced,10,12,0.21538883959606925
weighted_balanced,10,13,0.21538883959606925
weighted_balanced,10,14,0.21511469004100525
weighted_balanced,10,15,0.21511469004100525
weighted_balanced,10,16,0.21510238834776751
weighted_balanced,10,17,0.21510238834776751
weighted_balanced,10,18,0.21510238834776751
weighted_balanced,10,19,0.21510238834776751
weighted_balanced,10,20,0.21509007207954323
weighted_balanced,10,21,0.21509007207954323
weighted_balanced,10,22,0.21509007207954323
weighted_balanced,10,23,0.21509007207954323
weighted_balanced,10,24,0.21509007207954323
weighted_balanced,10,25,0.21509007207954323
weighted_balanced,10,26,0.21509007207954323
weighted_balanced,10,27,0.21509007207954323
weighted_balanced,10,28,0.21509007207954323
weighted_balanced,10,29,0.21509007207954323
weighted_balanced,10,30,0.21509007207954323
weighted_balanced,10,31,0.21508789535081468
weighted_balanced,10,32,0.21508789535081468
weighted_balanced,10,33,0.21508789535081468
weighted_balanced,10,34,0.21508789535081468
weighted_balanced,10,35,0.21508789535081468
weighted_balanced,10,36,0.21508789535081468
weighted_balanced,10,37,0.21508789535081468
weighted_balanced,10,38,0.21508789535081468
weighted_balanced,10,39,0.21508789535081468
weighted_balanced,10,40,0.21508789535081468
weighted_balanced,10,41,0.21508789535081468
weighted_balanced,10,42,0.21508789535081468
weighted_balanced,10,43,0.21508789535081468
weighted_balanced,10,44,0.21508789535081468
weighted_balanced,10,45,0.21508789535081468
weighted_balanced,10,46,0.21508789535081468
weighted_balanced,10,47,0.21508789535081468
weighted_balanced,10,48,0.21508789535081468
weighted_balanced,10,49,0.21508789535081468
weighted_balanced,10,50,0.21508789535081468
weighted_balanced,10,51,0.21508789535081468
weighted_balanced,10,52,0.21508789535081468
weighted_balanced,10,53,0.21508789535081468
weighted_balanced,10,54,0.21508789535081468
weighted_balanced,10,55,0.21508789535081468
weighted_balanced,10,56,0.21508789535081468
weighted_balanced,10,57,0.21508789535081468
weighted_balanced,10,58,0.21508789535081468
weighted_balanced,10,59,0.21508789535081468
weighted_balanced,10,60,0.21508789535081468
weighted_balanced,10,61,0.21508789535081468
weighted_balanced,10,62,0.21508789535081468
weighted_balanced,10,63,0.21508789535081468
weighted_balanced,11,0,0.4124041778517377
weighted_balanced,11,1,0.4124041778517377
weighted_balanced,11,2,0.33296055959743376
weighted_balanced,11,3,0.2577837670056831
weighted_balanced,11,4,0.2577837670056831
weighted_balanced,11,5,0.24589891744950845
weighted_balanced,11,6,0.23488648242924196
weighted_balanced,11,7,0.23488648242924196
weighted_balanced,11,8,0.21970808381934886
weighted_balanced,11,9,0.21970808381934886
weighted_balanced,11,10,0.2172347900716992
weighted_balanced,11,11,0.2172347900716992
weighted_balanced,11,12,0.21560485019489478
weighted_balanced,11,13,0.21560485019489478
weighted_balanced,11,14,0.21560485019489478
weighted_balanced,11,15,0.21510228027946104
weighted_balanced,11,16,0.21510228027946104
weighted_balanced,11,17,0.21510228027946104
weighted_balanced,11,18,0.21510228027946104
weighted_balanced,11,19,0.21510228027946104
weighted_balanced,11,20,0.21510228027946104
weighted_balanced,11,21,0.21510228027946104
weighted_balanced,11,22,0.21510228027946104
weighted_balanced,11,23,0.21510228027946104
weighted_balanced,11,24,0.21510228027946104
weighted_balanced,11,25,0.21510228027946104
weighted_balanced,11,26,0.21510228027946104
weighted_balanced,11,27,0.21510228027946104
weighted_balanced,11,28,0.21510228027946104
weighted_balanced,11,29,0.21510228027946104
weighted_balanced,11,30,0.21510228027946104
weighted_balanced,11,31,0.21510228027946104
weighted_balanced,11,32,0.21510228027946104
weighted_balanced,11,33,0.2150866471363419
weighted_balanced,11,34,0.2150866471363419
weighted_balanced,11,35,0.2150866471363419
weighted_balanced,11,36,0.2150866471363419
weighted_balanced,11,37,0.2150866471363419
weighted_balanced,11,38,0.21508535835381923
weighted_balanced,11,39,0.21508518372866378
weighted_balanced,11,40,0.21508518372866378
weighted_balanced,11,41,0.21508497746168112
weighted_balanced,11,42,0.21508464051974358
weighted_balanced,11,43,0.21508464051974358
weighted_balanced,11,44,0.21508453475901113
weighted_balanced,11,45,0.21508453475901113
weighted_balanced,11,46,0.21508453475901113
weighted_balanced,11,47,0.2150845285167325
weighted_balanced,11,48,0.21508452462669297
weighted_balanced,11,49,0.21508452462669297
weighted_balanced,11,50,0.21508452462669297
weighted_balanced,11,51,0.21508452442384177
weighted_balanced,11,52,0.21508452382919568
weighted_balanced,11,53,0.21508452382919568
weighted_balanced,11,54,0.21508452382919568
weighted_balanced,11,55,0.21508452382919568
weighted_balanced,11,56,0.21508452382465532
weighted_balanced,11,57,0.21508452382465532
weighted_balanced,11,58,0.21508452381928927
weighted_balanced,11,59,0.21508452381928927
weighted_balanced,11,60,0.21508452381894966
weighted_balanced,11,61,0.21508452381084228
weighted_balanced,11,62,0.21508452381084228
weighted_balanced,11,63,0.21508452381010407
weighted_balanced,12,0,0.3103665526947684
weighted_balanced,12,1,0.2645826388225963
weighted_balanced,12,2,0.24259236341303914
weighted_balanced,12,3,0.24259236341303914
weighted_balanced,12,4,0.23481744876341146
weighted_balanced,12,5,0.23378060645355841
weighted_balanced,12,6,0.22851107922040054
weighted_balanced,12,7,0.22612250661545974
weighted_balanced,12,8,0.2209997169565677
weighted_balanced,12,9,0.21771961109570284
weighted_balanced,12,10,0.21705765130501817
weighted_balanced,12,11,0.21705765130501817
weighted_balanced,12,12,0.21576193514908415
weighted_balanced,12,13,0.21576193514908415
weighted_balanced,12,14,0.21576193514908415
weighted_balanced,12,15,0.21545540138236552
weighted_balanced,12,16,0.21511989384894872
weighted_balanced,12,17,0.21511989384894872
weighted_balanced,12,18,0.21511989384894872
weighted_balanced,12,19,0.21511989384894872
weighted_balanced,12,20,0.21511989384894872
weighted_balanced,12,21,0.21511989384894872
weighted_balanced,12,22,0.21511989384894872
weighted_balanced,12,23,0.21511989384894872
weighted_balanced,12,24,0.21511989384894872
weighted_balanced,12,25,0.21511989384894872
weighted_balanced,12,26,0.21510011309872518
weighted_balanced,12,27,0.21510011309872518
weighted_balanced,12,28,0.21510011309872518
weighted_balanced,12,29,0.21510011309872518
weighted_balanced,12,30,0.21510011309872518
weighted_balanced,12,31,0.21510011309872518
weighted_balanced,12,32,0.21510011309872518
weighted_balanced,12,33,0.21510011309872518
weighted_balanced,12,34,0.21510011309872518
weighted_balanced,12,35,0.21510011309872518
weighted_balanced,12,36,0.21510011309872518
weighted_balanced,12,37,0.21510011309872518
weighted_balanced,12,38,0.21510011309872518
weighted_balanced,12,39,0.21510011309872518
weighted_balanced,12,40,0.21510011309872518
weighted_balanced,12,41,0.21510011309872518
weighted_balanced,12,42,0.21510011309872518
weighted_balanced,12,43,0.21510011309872518
weighted_balanced,12,44,0.2150981081555202
weighted_balanced,12,45,0.2150981081555202
weighted_balanced,12,46,0.2150981081555202
weighted_balanced,12,47,0.2150981081555202
weighted_balanced,12,48,0.2150981081555202
weighted_balanced,12,49,0.2150981081555202
weighted_balanced,12,50,0.2150981081555202
weighted_balanced,12,51,0.2150981081555202
weighted_balanced,12,52,0.2150981081555202
weighted_balanced,12,53,0.2150981081555202
weighted_balanced,12,54,0.2150981081555202
weighted_balanced,12,55,0.2150981081555202
weighted_balanced,12,56,0.2150981081555202
weighted_balanced,12,57,0.2150981081555202
weighted_balanced,12,58,0.2150981081555202
weighted_balanced,12,59,0.2150981081555202
weighted_balanced,12,60,0.2150981081555202
weighted_balanced,12,61,0.2150981081555202
weighted_balanced,12,62,0.2150981081555202
weighted_balanced,12,63,0.2150981081555202
weighted_balanced,13,0,0.4058294429399387
weighted_balanced,13,1,0.3315654015146544
weighted_balanced,13,2,0.29732456081209657
weighted_balanced,13,3,0.2645918658183813
weighted_balanced,13,4,0.24073364311220088
weighted_balanced,13,5,0.22833823772048806
weighted_balanced,13,6,0.21773143349777108
weighted_balanced,13,7,0.21773143349777108
weighted_balanced,13,8,0.21773143349777108
weighted_balanced,13,9,0.21702116786598027
weighted_balanced,13,10,0.21688513659716174
weighted_balanced,13,11,0.2159614799944268
weighted_balanced,13,12,0.21520041584956837
weighted_balanced,13,13,0.21520041584956837
weighted_balanced,13,14,0.21520041584956837
weighted_balanced,13,15,0.21515956734013247
weighted_balanced,13,16,0.21515956734013247
weighted_balanced,13,17,0.21515956734013247
weighted_balanced,13,18,0.21508811354808138
weighted_balanced,13,19,0.21508811354808138
weighted_balanced,13,20,0.21508811354808138
weighted_balanced,13,21,0.21508811354808138
weighted_balanced,13,22,0.21508811354808138
weighted_balanced,13,23,0.21508811354808138
weighted_balanced,13,24,0.21508811354808138
weighted_balanced,13,25,0.21508811354808138
weighted_balanced,13,26,0.21508811354808138
weighted_balanced,13,27,0.21508811354808138
weighted_balanced,13,28,0.21508488930069367
weighted_balanced,13,29,0.21508488930069367
weighted_balanced,13,30,0.21508488930069367
weighted_balanced,13,31,0.21508488930069367
weighted_balanced,13,32,0.21508488930069367
weighted_balanced,13,33,0.21508488930069367
weighted_balanced,13,34,0.21508488930069367
weighted_balanced,13,35,0.21508488930069367
weighted_balanced,13,36,0.21508488930069367
weighted_balanced,13,37,0.21508488930069367
weighted_balanced,13,38,0.21508488930069367
weighted_balanced,13,39,0.21508488930069367
weighted_balanced,13,40,0.21508488930069367
weighted_balanced,13,41,0.21508488930069367
weighted_balanced,13,42,0.21508488930069367
weighted_balanced,13,43,0.21508488930069367
weighted_balanced,13,44,0.21508488930069367
weighted_balanced,13,45,0.21508488930069367
weighted_balanced,13,46,0.21508488930069367
weighted_balanced,13,47,0.21508488930069367
weighted_balanced,13,48,0.21508488930069367
weighted_balanced,13,49,0.21508488930069367
weighted_balanced,13,50,0.21508488930069367
weighted_balanced,13,51,0.21508488930069367
weighted_balanced,13,52,0.21508488930069367
weighted_balanced,13,53,0.21508488930069367
weighted_balanced,13,54,0.21508488930069367
weighted_balanced,13,55,0.21508488930069367
weighted_balanced,13,56,0.21508488930069367
weighted_balanced,13,57,0.21508488930069367
weighted_balanced,13,58,0.21508488930069367
weighted_balanced,13,59,0.21508488930069367
weighted_balanced,13,60,0.21508488930069367
weighted_balanced,13,61,0.21508488930069367
weighted_balanced,13,62,0.21508488930069367
weighted_balanced,13,63,0.21508488930069367
weighted_balanced,14,0,0.39102280679898593
weighted_balanced,14,1,0.3061498937021206
weighted_balanced,14,2,0.3061498937021206
weighted_balanced,14,3,0.2806672782233964
weighted_balanced,14,4,0.23567860480917768
weighted_balanced,14,5,0.23153736483574436
weighted_balanced,14,6,0.22583019444694366
weighted_balanced,14,7,0.22033643123001603
weighted_balanced,14,8,0.21883957204583493
weighted_balanced,14,9,0.21874284231791322
weighted_balanced,14,10,0.2166698317202647
weighted_balanced,14,11,0.21622137049130402
weighted_balanced,14,12,0.21622137049130402
weighted_balanced,14,13,0.21590565335584955
weighted_balanced,14,14,0.21554704480362583
weighted_balanced,14,15,0.21554704480362583
weighted_balanced,14,16,0.21539610786002011
weighted_balanced,14,17,0.21515118352854304
weighted_balanced,14,18,0.21515118352854304
weighted_balanced,14,19,0.21515118352854304
weighted_balanced,14,20,0.21515118352854304
weighted_balanced,14,21,0.21511387839659393
weighted_balanced,14,22,0.21509988768137722
weighted_balanced,14,23,0.21509988768137722
weighted_balanced,14,24,0.21509988768137722
weighted_balanced,14,25,0.21509988768137722
weighted_balanced,14,26,0.21509988768137722
weighted_balanced,14,27,0.21509988768137722
weighted_balanced,14,28,0.21509988768137722
weighted_balanced,14,29,0.21509988768137722
weighted_balanced,14,30,0.21509988768137722
weighted_balanced,14,31,0.2150853798590584
weighted_balanced,14,32,0.2150853798590584
weighted_balanced,14,33,0.2150853798590584
weighted_balanced,14,34,0.2150853798590584
weighted_balanced,14,35,0.2150853798590584
weighted_balanced,14,36,0.2150853798590584
weighted_balanced,14,37,0.2150853798590584
weighted_balanced,14,38,0.21508470582412353
weighted_balanced,14,39,0.21508470582412353
weighted_balanced,14,40,0.21508470582412353
weighted_balanced,14,41,0.21508470582412353
weighted_balanced,14,42,0.21508470582412353
weighted_balanced,14,43,0.21508470582412353
weighted_balanced,14,44,0.21508470582412353
weighted_balanced,14,45,0.21508470582412353
weighted_balanced,14,46,0.21508470582412353
weighted_balanced,14,47,0.21508470582412353
weighted_balanced,14,48,0.21508470582412353
weighted_balanced,14,49,0.21508470582412353
weighted_balanced,14,50,0.21508470582412353
weighted_balanced,14,51,0.21508470582412353
weighted_balanced,14,52,0.21508470582412353
weighted_balanced,14,53,0.21508470582412353
weighted_balanced,14,54,0.21508470582412353
weighted_balanced,14,55,0.21508470582412353
weighted_balanced,14,56,0.21508470582412353
weighted_balanced,14,57,0.21508470582412353
weighted_balanced,14,58,0.21508470582412353
weighted_balanced,14,59,0.21508470582412353
weighted_balanced,14,60,0.21508470582412353
weighted_balanced,14,61,0.21508470582412353
weighted_balanced,14,62,0.21508470582412353
weighted_balanced,14,63,0.21508470582412353
weighted_balanced,15,0,0.5051043348732256
weighted_balanced,15,1,0.32744118835541064
weighted_balanced,15,2,0.32744118835541064
weighted_balanced,15,3,0.3197093167009772
weighted_balanced,15,4,0.26031673596558325
weighted_balanced,15,5,0.2595911124943906
weighted_balanced,15,6,0.23153491182988736
weighted_balanced,15,7,0.22071091999568127
weighted_balanced,15,8,0.21908542746546222
weighted_balanced,15,9,0.21725073079089882
weighted_balanced,15,10,0.21611851188246586
weighted_balanced,15,11,0.21591799180918347
weighted_balanced,15,12,0.21553789889441052
weighted_balanced,15,13,0.21537895077929858
weighted_balanced,15,14,0.21537895077929858
weighted_balanced,15,15,0.21515749140002244
weighted_balanced,15,16,0.2151208869169308
weighted_balanced,15,17,0.2151208869169308
weighted_balanced,15,18,0.21510603073434803
weighted_balanced,15,19,0.21510603073434803
weighted_balanced,15,20,0.21510603073434803
weighted_balanced,15,21,0.21508941389818484
weighted_balanced,15,22,0.21508941389818484
weighted_balanced,15,23,0.21508941389818484
weighted_balanced,15,24,0.21508941389818484
weighted_balanced,15,25,0.21508941389818484
weighted_balanced,15,26,0.21508941389818484
weighted_balanced,15,27,0.21508941389818484
weighted_balanced,15,28,0.21508941389818484
weighted_balanced,15,29,0.21508941389818484
weighted_balanced,15,30,0.2150868060463641
weighted_balanced,15,31,0.2150868060463641
weighted_balanced,15,32,0.21508465294302914
weighted_balanced,15,33,0.21508465294302914
weighted_balanced,15,34,0.21508465294302914
weighted_balanced,15,35,0.21508465294302914
weighted_balanced,15,36,0.21508465294302914
weighted_balanced,15,37,0.21508465294302914
weighted_balanced,15,38,0.21508465294302914
weighted_balanced,15,39,0.21508465294302914
weighted_balanced,15,40,0.21508465294302914
weighted_balanced,15,41,0.2150846149628311
weighted_balanced,15,42,0.2150846149628311
weighted_balanced,15,43,0.2150846149628311
weighted_balanced,15,44,0.2150846149628311
weighted_balanced,15,45,0.2150846149628311
weighted_balanced,15,46,0.2150846149628311
weighted_balanced,15,47,0.2150846149628311
weighted_balanced,15,48,0.2150846149628311
weighted_balanced,15,49,0.2150846149628311
weighted_balanced,15,50,0.2150846149628311
weighted_balanced,15,51,0.21508461400907147
weighted_balanced,15,52,0.21508461400907147
weighted_balanced,15,53,0.21508461400907147
weighted_balanced,15,54,0.21508461395918121
weighted_balanced,15,55,0.21508461382243765
weighted_balanced,15,56,0.21508461371582227
weighted_balanced,15,57,0.21508461371582227
weighted_balanced,15,58,0.21508461371582227
weighted_balanced,15,59,0.21508461371582227
weighted_balanced,15,60,0.21508461366265116
weighted_balanced,15,61,0.21508461360038694
weighted_balanced,15,62,0.21508461356005032
weighted_balanced,15,63,0.21508461356005032
weighted_balanced,16,0,0.36994918301448926
weighted_balanced,16,1,0.36994918301448926
weighted_balanced,16,2,0.28822664380948915
weighted_balanced,16,3,0.28822664380948915
weighted_balanced,16,4,0.2405314521943654
weighted_balanced,16,5,0.2405314521943654
weighted_balanced,16,6,0.22934678481340387
weighted_balanced,16,7,0.22879014173592718
weighted_balanced,16,8,0.2205849241342432
weighted_balanced,16,9,0.21872114866778622
weighted_balanced,16,10,0.2183467142742237
weighted_balanced,16,11,0.2183467142742237
weighted_balanced,16,12,0.21736468188246288
weighted_balanced,16,13,0.21631328384010468
weighted_balanced,16,14,0.21614555147323447
weighted_balanced,16,15,0.21512489809095187
weighted_balanced,16,16,0.21512489809095187
weighted_balanced,16,17,0.21512489809095187
weighted_balanced,16,18,0.21512489809095187
weighted_balanced,16,19,0.21512178624479075
weighted_balanced,16,20,0.21512178624479075
weighted_balanced,16,21,0.2150933230079451
weighted_balanced,16,22,0.2150876838935711
weighted_balanced,16,23,0.2150876838935711
weighted_balanced,16,24,0.2150876838935711
weighted_balanced,16,25,0.2150876838935711
weighted_balanced,16,26,0.2150876838935711
weighted_balanced,16,27,0.2150876838935711
weighted_balanced,16,28,0.2150876838935711
weighted_balanced,16,29,0.2150876838935711
weighted_balanced,16,30,0.2150876838935711
weighted_balanced,16,31,0.21508507697364113
weighted_balanced,16,32,0.21508507697364113
weighted_balanced,16,33,0.21508507697364113
weighted_balanced,16,34,0.21508507697364113
weighted_balanced,16,35,0.21508507697364113
weighted_balanced,16,36,0.21508507697364113
weighted_balanced,16,37,0.21508507697364113
weighted_balanced,16,38,0.21508507697364113
weighted_balanced,16,39,0.21508507697364113
weighted_balanced,16,40,0.21508507697364113
weighted_balanced,16,41,0.21508507697364113
weighted_balanced,16,42,0.21508507697364113
weighted_balanced,16,43,0.21508507697364113
weighted_balanced,16,44,0.21508507697364113
weighted_balanced,16,45,0.21508507697364113
weighted_balanced,16,46,0.21508507697364113
weighted_balanced,16,47,0.21508507697364113
weighted_balanced,16,48,0.21508507697364113
weighted_balanced,16,49,0.21508507697364113
weighted_balanced,16,50,0.21508507697364113
weighted_balanced,16,51,0.21508507697364113
weighted_balanced,16,52,0.21508507697364113
weighted_balanced,16,53,0.21508507697364113
weighted_balanced,16,54,0.21508507697364113
weighted_balanced,16,55,0.21508507697364113
weighted_balanced,16,56,0.21508507697364113
weighted_balanced,16,57,0.21508507697364113
weighted_balanced,16,58,0.21508507697364113
weighted_balanced,16,59,0.21508507697364113
weighted_balanced,16,60,0.21508507697364113
weighted_balanced,16,61,0.21508507697364113
weighted_balanced,16,62,0.21508507697364113
weighted_balanced,16,63,0.21508507697364113
weighted_balanced,17,0,0.45584786405568983
weighted_balanced,17,1,0.4168850444901976
weighted_balanced,17,2,0.3182335140206615
weighted_balanced,17,3,0.27562254813737014
weighted_balanced,17,4,0.27562254813737014
weighted_balanced,17,5,0.22436276327988022
weighted_balanced,17,6,0.22250897232874853
weighted_balanced,17,7,0.22250897232874853
weighted_balanced,17,8,0.22249189998747543
weighted_balanced,17,9,0.21925498417118766
weighted_balanced,17,10,0.21925498417118766
weighted_balanced,17,11,0.2186701817324556
weighted_balanced,17,12,0.21519606732669277
weighted_balanced,17,13,0.21519606732669277
weighted_balanced,17,14,0.21519606732669277
weighted_balanced,17,15,0.21519606732669277
weighted_balanced,17,16,0.21519606732669277
weighted_balanced,17,17,0.21519439685312228
weighted_balanced,17,18,0.21519439685312228
weighted_balanced,17,19,0.21519439685312228
weighted_balanced,17,20,0.21519439685312228
weighted_balanced,17,21,0.21519439685312228
weighted_balanced,17,22,0.2151131765405676
weighted_balanced,17,23,0.2151131765405676
weighted_balanced,17,24,0.2151131765405676
weighted_balanced,17,25,0.2151131765405676
weighted_balanced,17,26,0.2151001939434093
weighted_balanced,17,27,0.2151001939434093
weighted_balanced,17,28,0.21509864245731253
weighted_balanced,17,29,0.21509864245731253
weighted_balanced,17,30,0.2150934789582099
weighted_balanced,17,31,0.2150934789582099
weighted_balanced,17,32,0.2150934789582099
weighted_balanced,17,33,0.2150934789582099
weighted_balanced,17,34,0.2150934789582099
weighted_balanced,17,35,0.21508877286975045
weighted_balanced,17,36,0.21508877286975045
weighted_balanced,17,37,0.21508877286975045
weighted_balanced,17,38,0.21508877286975045
weighted_balanced,17,39,0.21508877286975045
weighted_balanced,17,40,0.21508482554615357
weighted_balanced,17,41,0.21508482554615357
weighted_balanced,17,42,0.21508478154028923
weighted_balanced,17,43,0.21508478154028923
weighted_balanced,17,44,0.215084644627441
weighted_balanced,17,45,0.215084644627441
weighted_balanced,17,46,0.215084644627441
weighted_balanced,17,47,0.215084644627441
weighted_balanced,17,48,0.21508457534999378
weighted_balanced,17,49,0.2150845313794908
weighted_balanced,17,50,0.21508452524025773
weighted_balanced,17,51,0.21508452524025773
weighted_balanced,17,52,0.2150845249535301
weighted_balanced,17,53,0.21508452459714017
weighted_balanced,17,54,0.2150845242327954
weighted_balanced,17,55,0.2150845238405443
weighted_balanced,17,56,0.2150845238405443
weighted_balanced,17,57,0.2150845238405443
weighted_balanced,17,58,0.21508452383711688
weighted_balanced,17,59,0.2150845238096123
weighted_balanced,17,60,0.21508452380954485
weighted_balanced,17,61,0.21508452380954485
weighted_balanced,17,62,0.21508452380954485
weighted_balanced,17,63,0.21508452380953016
weighted_balanced,18,0,0.41532532407852996
weighted_balanced,18,1,0.3275728506257675
weighted_balanced,18,2,0.29671160355703197
weighted_balanced,18,3,0.2821156250972803
weighted_balanced,18,4,0.23756075233724774
weighted_balanced,18,5,0.23756075233724774
weighted_balanced,18,6,0.23756075233724774
weighted_balanced,18,7,0.2249865028448622
weighted_balanced,18,8,0.21881435222754056
weighted_balanced,18,9,0.21819949601275487
weighted_balanced,18,10,0.21587592439885037
weighted_balanced,18,11,0.21587592439885037
weighted_balanced,18,12,0.21557711458763323
weighted_balanced,18,13,0.21535202428226996
weighted_balanced,18,14,0.21522623746295885
weighted_balanced,18,15,0.21522623746295885
weighted_balanced,18,16,0.2152142767832724
weighted_balanced,18,17,0.215157231830414
weighted_balanced,18,18,0.21509724787872164
weighted_balanced,18,19,0.21509724787872164
weighted_balanced,18,20,0.21509724787872164
weighted_balanced,18,21,0.21508559453463613
weighted_balanced,18,22,0.21508559453463613
weighted_balanced,18,23,0.21508559453463613
weighted_balanced,18,24,0.21508559453463613
weighted_balanced,18,25,0.21508559453463613
weighted_balanced,18,26,0.21508559453463613
weighted_balanced,18,27,0.21508559453463613
weighted_balanced,18,28,0.21508559453463613
weighted_balanced,18,29,0.21508559453463613
weighted_balanced,18,30,0.21508559453463613
weighted_balanced,18,31,0.21508559453463613
weighted_balanced,18,32,0.21508559453463613
weighted_balanced,18,33,0.21508559453463613
weighted_balanced,18,34,0.21508559453463613
weighted_balanced,18,35,0.21508559453463613
weighted_balanced,18,36,0.21508559453463613
weighted_balanced,18,37,0.21508559453463613
weighted_balanced,18,38,0.21508559453463613
weighted_balanced,18,39,0.21508559453463613
weighted_balanced,18,40,0.21508559453463613
weighted_balanced,18,41,0.21508559453463613
weighted_balanced,18,42,0.21508559453463613
weighted_balanced,18,43,0.21508559453463613
weighted_balanced,18,44,0.21508559453463613
weighted_balanced,18,45,0.21508559453463613
weighted_balanced,18,46,0.21508559453463613
weighted_balanced,18,47,0.21508559453463613
weighted_balanced,18,48,0.21508559453463613
weighted_balanced,18,49,0.21508559453463613
weighted_balanced,18,50,0.21508559453463613
weighted_balanced,18,51,0.21508559453463613
weighted_balanced,18,52,0.21508559453463613
weighted_balanced,18,53,0.21508559453463613
weighted_balanced,18,54,0.21508559453463613
weighted_balanced,18,55,0.21508559453463613
weighted_balanced,18,56,0.21508559453463613
weighted_balanced,18,57,0.21508559453463613
weighted_balanced,18,58,0.21508559453463613
weighted_balanced,18,59,0.21508559453463613
weighted_balanced,18,60,0.21508559453463613
weighted_balanced,18,61,0.21508559453463613
weighted_balanced,18,62,0.21508559453463613
weighted_balanced,18,63,0.21508559453463613
weighted_balanced,19,0,0.30337283773817925
weighted_balanced,19,1,0.29400703451910426
weighted_balanced,19,2,0.29400703451910426
weighted_balanced,19,3,0.29400703451910426
weighted_balanced,19,4,0.24601923412961438
weighted_balanced,19,5,0.24104546452160708
weighted_balanced,19,6,0.22589290390087213
weighted_balanced,19,7,0.22589290390087213
weighted_balanced,19,8,0.22267125057068934
weighted_balanced,19,9,0.21712400786623826
weighted_balanced,19,10,0.21712400786623826
weighted_balanced,19,11,0.21712400786623826
weighted_balanced,19,12,0.2151310733956657
weighted_balanced,19,13,0.2151310733956657
weighted_balanced,19,14,0.2151310733956657
weighted_balanced,19,15,0.2151310733956657
weighted_balanced,19,16,0.2151310733956657
weighted_balanced,19,17,0.2151310733956657
weighted_balanced,19,18,0.2151310733956657
weighted_balanced,19,19,0.2151310733956657
weighted_balanced,19,20,0.2151310733956657
weighted_balanced,19,21,0.2151310733956657
weighted_balanced,19,22,0.2151273077431579
weighted_balanced,19,23,0.2151273077431579
weighted_balanced,19,24,0.2151273077431579
weighted_balanced,19,25,0.2150978431972715
weighted_balanced,19,26,0.21508638397222676
weighted_balanced,19,27,0.21508638397222676
weighted_balanced,19,28,0.21508638397222676
weighted_balanced,19,29,0.2150849128124522
weighted_balanced,19,30,0.2150849128124522
weighted_balanced,19,31,0.21508487405402665
weighted_balanced,19,32,0.21508487405402665
weighted_balanced,19,33,0.21508487405402665
weighted_balanced,19,34,0.21508487405402665
weighted_balanced,19,35,0.21508487405402665
weighted_balanced,19,36,0.21508487405402665
weighted_balanced,19,37,0.21508474147848397
weighted_balanced,19,38,0.21508474147848397
weighted_balanced,19,39,0.21508474147848397
weighted_balanced,19,40,0.21508474147848397
weighted_balanced,19,41,0.21508474147848397
weighted_balanced,19,42,0.21508474147848397
weighted_balanced,19,43,0.21508474147848397
weighted_balanced,19,44,0.21508474147848397
weighted_balanced,19,45,0.21508474147848397
weighted_balanced,19,46,0.21508474147848397
weighted_balanced,19,47,0.21508474147848397
weighted_balanced,19,48,0.21508474147848397
weighted_balanced,19,49,0.21508474147848397
weighted_balanced,19,50,0.21508474147848397
weighted_balanced,19,51,0.21508474147848397
weighted_balanced,19,52,0.21508474147848397
weighted_balanced,19,53,0.21508474147848397
weighted_balanced,19,54,0.21508474147848397
weighted_balanced,19,55,0.21508474147848397
weighted_balanced,19,56,0.21508474147848397
weighted_balanced,19,57,0.21508474147848397
weighted_balanced,19,58,0.21508474147848397
weighted_balanced,19,59,0.21508474147848397
weighted_balanced,19,60,0.21508474147848397
weighted_balanced,19,61,0.21508474147848397
weighted_balanced,19,62,0.21508474147848397
weighted_balanced,19,63,0.21508474147848397
weighted_water,0,0,0.38954940330572885
weighted_water,0,1,0.3603968484733542
weighted_water,0,2,0.26846606890346814
weighted_water,0,3,0.23858627650221814
weighted_water,0,4,0.23531721129925784
weighted_water,0,5,0.23421469690993815
weighted_water,0,6,0.224820673243572
weighted_water,0,7,0.2311594443850051
weighted_water,0,8,0.2632298854466106
weighted_water,0,9,0.2736932765262272
weighted_water,0,10,0.29270647601069477
weighted_water,0,11,0.29098586427781686
weighted_water,0,12,0.26521297721248577
weighted_water,0,13,0.32113627160730707
weighted_water,0,14,0.37530223215631986
weighted_water,0,15,0.4122308924406789
weighted_water,0,16,0.43830079401895045
weighted_water,0,17,0.44613382524379575
weighted_water,0,18,0.4838553298828085
weighted_water,0,19,0.5100460186206013
weighted_water,0,20,0.5343663027041619
weighted_water,0,21,0.5500427377021809
weighted_water,0,22,0.587779242574465
weighted_water,0,23,0.6167128177172319
weighted_water,0,24,0.6313041919091698
weighted_water,0,25,0.6405792255840363
weighted_water,0,26,0.6623501146704911
weighted_water,0,27,0.6902520400115814
weighted_water,0,28,0.7048605756118939
weighted_water,0,29,0.72433579212446
weighted_water,0,30,0.728496746905552
weighted_water,0,31,0.7441202257676041
weighted_water,0,32,0.7441202257676041
weighted_water,0,33,0.7582571588656443
weighted_water,0,34,0.7778106360486754
weighted_water,0,35,0.7844984185573445
weighted_water,0,36,0.7880017999028616
weighted_water,0,37,0.7899412702424361
weighted_water,0,38,0.7926145682587477
weighted_water,0,39,0.7938297230123031
weighted_water,0,40,0.7971256116328939
weighted_water,0,41,0.799357400017673
weighted_water,0,42,0.7998794531762305
weighted_water,0,43,0.7998794531762305
weighted_water,0,44,0.7998794531762305
weighted_water,0,45,0.8001623352034472
weighted_water,0,46,0.8001623352034472
weighted_water,0,47,0.8001623352034472
weighted_water,0,48,0.8005064268694718
weighted_water,0,49,0.8004822098462004
weighted_water,0,50,0.8004443053529217
weighted_water,0,51,0.8008709846762712
weighted_water,0,52,0.8009068143478468
weighted_water,0,53,0.8011039554386491
weighted_water,0,54,0.8011658440740562
weighted_water,0,55,0.8011955549324625
weighted_water,0,56,0.8011955549324625
weighted_water,0,57,0.8012105074573146
weighted_water,0,58,0.8012169229221545
weighted_water,0,59,0.8012706542613504
weighted_water,0,60,0.8013990602085671
weighted_water,0,61,0.8014658984789724
weighted_water,0,62,0.8014724529026391
weighted_water,0,63,0.8015130636660075
weighted_water,1,0,0.38921801036239495
weighted_water,1,1,0.30642316425332106
weighted_water,1,2,0.27249374900725015
weighted_water,1,3,0.2613143694091384
weighted_water,1,4,0.2531530048327193
weighted_water,1,5,0.23558774988596498
weighted_water,1,6,0.22961152082838426
weighted_water,1,7,0.22961152082838426
weighted_water,1,8,0.22961152082838426
weighted_water,1,9,0.23994406571951385
weighted_water,1,10,0.25125580430882155
weighted_water,1,11,0.25754464788455506
weighted_water,1,12,0.25754464788455506
weighted_water,1,13,0.263525248332663
weighted_water,1,14,0.3203516415406246
weighted_water,1,15,0.33103094109252773
weighted_water,1,16,0.40820587585668544
weighted_water,1,17,0.35226822467465946
weighted_water,1,18,0.4419896837581417
weighted_water,1,19,0.4161568966612671
weighted_water,1,20,0.4340797225529082
weighted_water,1,21,0.4662012124735402
weighted_water,1,22,0.4881143460553585
weighted_water,1,23,0.5732258499374931
weighted_water,1,24,0.5771613702502943
weighted_water,1,25,0.5852232747184694
weighted_water,1,26,0.60183110701
weighted_water,1,27,0.619312661208459
weighted_water,1,28,0.683184012639973
weighted_water,1,29,0.7077588276799442
weighted_water,1,30,0.7220634914729581
weighted_water,1,31,0.7263553528793684
weighted_water,1,32,0.7329842359777968
weighted_water,1,33,0.74000175668786
weighted_water,1,34,0.74000175668786
weighted_water,1,35,0.7618844375264489
weighted_water,1,36,0.7620524016650578
weighted_water,1,37,0.7775768375800094
weighted_water,1,38,0.7763857780730572
weighted_water,1,39,0.7810363255100278
weighted_water,1,40,0.7850470466752841
weighted_water,1,41,0.7875337403469687
weighted_water,1,42,0.7853882862746434
weighted_water,1,43,0.7881353099249674
weighted_water,1,44,0.7902692217611994
weighted_water,1,45,0.7916156720308214
weighted_water,1,46,0.7920038311170815
weighted_water,1,47,0.7946719580960033
weighted_water,1,48,0.7949856318795797
weighted_water,1,49,0.795572803855904
weighted_water,1,50,0.7960887433620396
weighted_water,1,51,0.7988324947266866
weighted_water,1,52,0.799171346706317
weighted_water,1,53,0.799171346706317
weighted_water,1,54,0.7998024653303606
weighted_water,1,55,0.8000190987691427
weighted_water,1,56,0.8001050081182256
weighted_water,1,57,0.8001050081182256
weighted_water,1,58,0.8003428574189866
weighted_water,1,59,0.8003428574189866
weighted_water,1,60,0.8007650771555275
weighted_water,1,61,0.8008436324272615
weighted_water,1,62,0.8010525606502448
weighted_water,1,63,0.8011936050154674
weighted_water,2,0,0.3056519293003663
weighted_water,2,1,0.2704690989444967
weighted_water,2,2,0.24329350952826864
weighted_water,2,3,0.23537364496589103
weighted_water,2,4,0.21959299501631996
weighted_water,2,5,0.21959299501631996
weighted_water,2,6,0.2189986172523612
weighted_water,2,7,0.24233499455666152
weighted_water,2,8,0.26598427271951885
weighted_water,2,9,0.29203269992071396
weighted_water,2,10,0.2927441368582268
weighted_water,2,11,0.30854665826250727
weighted_water,2,12,0.310894025671426
weighted_water,2,13,0.3497775068049265
weighted_water,2,14,0.36955919700053386
weighted_water,2,15,0.4511114401516455
weighted_water,2,16,0.48891916157076687
weighted_water,2,17,0.406989882604889
weighted_water,2,18,0.4965374282724591
weighted_water,2,19,0.5473585820596234
weighted_water,2,20,0.5655222464004697
weighted_water,2,21,0.6151507336134
weighted_water,2,22,0.6505972213309595
weighted_water,2,23,0.6766401483026591
weighted_water,2,24,0.7047626949175151
weighted_water,2,25,0.7276756132723844
weighted_water,2,26,0.7485532164737326
weighted_water,2,27,0.7578306787626614
weighted_water,2,28,0.7556415282990814
weighted_water,2,29,0.7794761942311591
weighted_water,2,30,0.7815662553364995
weighted_water,2,31,0.7790833594010599
weighted_water,2,32,0.7826485430517285
weighted_water,2,33,0.7826485430517285
weighted_water,2,34,0.7839834903286632
weighted_water,2,35,0.7860349915607708
weighted_water,2,36,0.7887033522969815
weighted_water,2,37,0.7887322995446506
weighted_water,2,38,0.7913096932913164
weighted_water,2,39,0.7918503962032052
weighted_water,2,40,0.7927486349283145
weighted_water,2,41,0.7933151653999103
weighted_water,2,42,0.7938497529425204
weighted_water,2,43,0.7981738422906699
weighted_water,2,44,0.7992320879497138
weighted_water,2,45,0.8001145525910541
weighted_water,2,46,0.8001145525910541
weighted_water,2,47,0.8001520287909716
weighted_water,2,48,0.8002078028725093
weighted_water,2,49,0.8009947821317741
weighted_water,2,50,0.8011222156248407
weighted_water,2,51,0.8012136084399883
weighted_water,2,52,0.8014111771525736
weighted_water,2,53,0.8014422018504939
weighted_water,2,54,0.8014508335782242
weighted_water,2,55,0.8014362300319879
weighted_water,2,56,0.8014785575769766
weighted_water,2,57,0.8015192818908734
weighted_water,2,58,0.8015231416764259
weighted_water,2,59,0.801534459408005
weighted_water,2,60,0.8015463611902283
weighted_water,2,61,0.8015505350948766
weighted_water,2,62,0.8015581457424137
weighted_water,2,63,0.801555372165662
weighted_water,3,0,0.34648375728049696
weighted_water,3,1,0.34648375728049696
weighted_water,3,2,0.310924352730297
weighted_water,3,3,0.2515834991314456
weighted_water,3,4,0.24849148312583294
weighted_water,3,5,0.2259495533935505
weighted_water,3,6,0.2259495533935505
weighted_water,3,7,0.22711167688269046
weighted_water,3,8,0.22894137682423585
weighted_water,3,9,0.2814278485715574
weighted_water,3,10,0.3193819801243677
weighted_water,3,11,0.32934712999068516
weighted_water,3,12,0.3414246056848594
weighted_water,3,13,0.3414246056848594
weighted_water,3,14,0.3487472675086404
weighted_water,3,15,0.36098805496475295
weighted_water,3,16,0.4027949276375809
weighted_water,3,17,0.4127772568533443
weighted_water,3,18,0.4256225336702923
weighted_water,3,19,0.5223730389420279
weighted_water,3,20,0.5223730389420279
weighted_water,3,21,0.5628844962276504
weighted_water,3,22,0.5910260428128536
weighted_water,3,23,0.6190408446373771
weighted_water,3,24,0.6309354564914239
weighted_water,3,25,0.6458421540886233
weighted_water,3,26,0.6587743512611848
weighted_water,3,27,0.689254247367797
weighted_water,3,28,0.693063807775793
weighted_water,3,29,0.7007813517235819
weighted_water,3,30,0.705164988162745
weighted_water,3,31,0.705164988162745
weighted_water,3,32,0.732078471594412
weighted_water,3,33,0.7355515905423704
weighted_water,3,34,0.7625950779032986
weighted_water,3,35,0.7698390856502665
weighted_water,3,36,0.7772327483826326
weighted_water,3,37,0.7804884863464959
weighted_water,3,38,0.7867312533148212
weighted_water,3,39,0.7883453402963868
weighted_water,3,40,0.788799025947826
weighted_water,3,41,0.7932791354745651
weighted_water,3,42,0.7934692715645989
weighted_water,3,43,0.7956101909531552
weighted_water,3,44,0.7971914388828399
weighted_water,3,45,0.797128413803583
weighted_water,3,46,0.7981445104061161
weighted_water,3,47,0.798850908240969
weighted_water,3,48,0.798850908240969
weighted_water,3,49,0.798850908240969
weighted_water,3,50,0.7995572825003182
weighted_water,3,51,0.7998883438248985
weighted_water,3,52,0.7998883438248985
weighted_water,3,53,0.7999389233034951
weighted_water,3,54,0.8003389061791315
weighted_water,3,55,0.8003963429084211
weighted_water,3,56,0.8003963429084211
weighted_water,3,57,0.8008509511168086
weighted_water,3,58,0.8008509511168086
weighted_water,3,59,0.8008545227976618
weighted_water,3,60,0.8008560833042101
weighted_water,3,61,0.8009601306175873
weighted_water,3,62,0.8010043938307674
weighted_water,3,63,0.8012599747589204
weighted_water,4,0,0.38318569562976645
weighted_water,4,1,0.3421008719796417
weighted_water,4,2,0.2683118702986028
weighted_water,4,3,0.2575370418607344
weighted_water,4,4,0.24894571441851515
weighted_water,4,5,0.2306200937406732
weighted_water,4,6,0.22238528680205924
weighted_water,4,7,0.22238528680205924
weighted_water,4,8,0.2501842143456816
weighted_water,4,9,0.2281332952166139
weighted_water,4,10,0.249543826261019
weighted_water,4,11,0.3111756993956858
weighted_water,4,12,0.39326454517734677
weighted_water,4,13,0.3712412222488492
weighted_water,4,14,0.413600782551589
weighted_water,4,15,0.4233897035298128
weighted_water,4,16,0.4752554358539583
weighted_water,4,17,0.45430671938623673
weighted_water,4,18,0.4038166255308481
weighted_water,4,19,0.4707999460302604
weighted_water,4,20,0.4977864561047629
weighted_water,4,21,0.5443931058879427
weighted_water,4,22,0.5481225753249496
weighted_water,4,23,0.5994080118260894
weighted_water,4,24,0.6478521497480296
weighted_water,4,25,0.6699994671285332
weighted_water,4,26,0.712312583399641
weighted_water,4,27,0.7163613968033584
weighted_water,4,28,0.7152440899177694
weighted_water,4,29,0.7416629207593096
weighted_water,4,30,0.7498731100105028
weighted_water,4,31,0.7585821226210092
weighted_water,4,32,0.7585821226210092
weighted_water,4,33,0.769924304327512
weighted_water,4,34,0.778936184160062
weighted_water,4,35,0.7788983491552844
weighted_water,4,36,0.7843610335161296
weighted_water,4,37,0.7875029975839893
weighted_water,4,38,0.788043431449153
weighted_water,4,39,0.788043431449153
weighted_water,4,40,0.7884938630510778
weighted_water,4,41,0.7931879688595583
weighted_water,4,42,0.7940433930221434
weighted_water,4,43,0.7944610374295858
weighted_water,4,44,0.7972042088089716
weighted_water,4,45,0.7963506962401908
weighted_water,4,46,0.7976471235446386
weighted_water,4,47,0.7979824788765641
weighted_water,4,48,0.7979824788765641
weighted_water,4,49,0.7987364997961551
weighted_water,4,50,0.7992484270423599
weighted_water,4,51,0.800418471743397
weighted_water,4,52,0.8004225688334068
weighted_water,4,53,0.8004225688334068
weighted_water,4,54,0.800786374893355
weighted_water,4,55,0.800786374893355
weighted_water,4,56,0.8007715985741263
weighted_water,4,57,0.8009227840208961
weighted_water,4,58,0.8008211648952545
weighted_water,4,59,0.8010460310877308
weighted_water,4,60,0.8011745160106157
weighted_water,4,61,0.8012094296886603
weighted_water,4,62,0.8013605521071043
weighted_water,4,63,0.8013738862082846
weighted_water,5,0,0.28483170028970306
weighted_water,5,1,0.28483170028970306
weighted_water,5,2,0.28255042525425056
weighted_water,5,3,0.27723175298444547
weighted_water,5,4,0.26026870251471956
weighted_water,5,5,0.24463348180761185
weighted_water,5,6,0.22247915108062605
weighted_water,5,7,0.22247915108062605
weighted_water,5,8,0.22247915108062605
weighted_water,5,9,0.22247915108062605
weighted_water,5,10,0.2459169335325252
weighted_water,5,11,0.2932225748753857
weighted_water,5,12,0.28409058062376213
weighted_water,5,13,0.29935613750841555
weighted_water,5,14,0.29935613750841555
weighted_water,5,15,0.32734533360137286
weighted_water,5,16,0.32734533360137286
weighted_water,5,17,0.38723463646082906
weighted_water,5,18,0.44709585774264426
weighted_water,5,19,0.4766523671660142
weighted_water,5,20,0.5500263188703746
weighted_water,5,21,0.5362046363050899
weighted_water,5,22,0.5951188509838821
weighted_water,5,23,0.6142989249669185
weighted_water,5,24,0.656566239712635
weighted_water,5,25,0.6748710857548263
weighted_water,5,26,0.6768895111529768
weighted_water,5,27,0.7085419511313646
weighted_water,5,28,0.7085419511313646
weighted_water,5,29,0.7320775851425779
weighted_water,5,30,0.7320775851425779
weighted_water,5,31,0.7320775851425779
weighted_water,5,32,0.7454557077023345
weighted_water,5,33,0.7591839991057547
weighted_water,5,34,0.7591839991057547
weighted_water,5,35,0.7663315887585439
weighted_water,5,36,0.7783855245694647
weighted_water,5,37,0.7808288551859779
weighted_water,5,38,0.7813175724382773
weighted_water,5,39,0.7847015175006214
weighted_water,5,40,0.7908369637886179
weighted_water,5,41,0.7936453941067961
weighted_water,5,42,0.7946307606312164
weighted_water,5,43,0.7971415653268843
weighted_water,5,44,0.7971491762287444
weighted_water,5,45,0.7968671518525021
weighted_water,5,46,0.7968671518525021
weighted_water,5,47,0.7968671518525021
weighted_water,5,48,0.7971849224541836
weighted_water,5,49,0.7975982568800465
weighted_water,5,50,0.7981425062548513
weighted_water,5,51,0.7981635175717705
weighted_water,5,52,0.7991185823255805
weighted_water,5,53,0.7991946596450821
weighted_water,5,54,0.7994787989602096
weighted_water,5,55,0.7997174805700873
weighted_water,5,56,0.800000786495792
weighted_water,5,57,0.8002493658415518
weighted_water,5,58,0.8002493658415518
weighted_water,5,59,0.8007457913395832
weighted_water,5,60,0.8008430469505994
weighted_water,5,61,0.801114444999591
weighted_water,5,62,0.8011714528449835
weighted_water,5,63,0.8011817950072355
weighted_water,6,0,0.25434970727786693
weighted_water,6,1,0.25434970727786693
weighted_water,6,2,0.25434970727786693
weighted_water,6,3,0.2520788106028914
weighted_water,6,4,0.21852466950563076
weighted_water,6,5,0.21653666663989915
weighted_water,6,6,0.21653666663989915
weighted_water,6,7,0.2203549126213459
weighted_water,6,8,0.22164377087367199
weighted_water,6,9,0.2581006464007185
weighted_water,6,10,0.32356643853782263
weighted_water,6,11,0.34482960586518496
weighted_water,6,12,0.4054244392585086
weighted_water,6,13,0.4490315951994507
weighted_water,6,14,0.4656177946335918
weighted_water,6,15,0.49519651825565814
weighted_water,6,16,0.6092116752992525
weighted_water,6,17,0.6206928988424275
weighted_water,6,18,0.6499347337824187
weighted_water,6,19,0.6890087200872801
weighted_water,6,20,0.706095167378192
weighted_water,6,21,0.7097913578571505
weighted_water,6,22,0.7400759352971715
weighted_water,6,23,0.742832439912339
weighted_water,6,24,0.7481370269616949
weighted_water,6,25,0.7671388694942252
weighted_water,6,26,0.7693785854676884
weighted_water,6,27,0.7798737342542181
weighted_water,6,28,0.7866466790525604
weighted_water,6,29,0.7866466790525604
weighted_water,6,30,0.7890582811225322
weighted_water,6,31,0.7890582811225322
weighted_water,6,32,0.7913764086461247
weighted_water,6,33,0.7920594422700105
weighted_water,6,34,0.7920594422700105
weighted_water,6,35,0.7948870364513956
weighted_water,6,36,0.795564760648897
weighted_water,6,37,0.7968392989643472
weighted_water,6,38,0.7984332559114103
weighted_water,6,39,0.7992530321987631
weighted_water,6,40,0.7993560203454103
weighted_water,6,41,0.7993560203454103
weighted_water,6,42,0.7998676622928296
weighted_water,6,43,0.800349990880178
weighted_water,6,44,0.800498129174531
weighted_water,6,45,0.8007742088818633
weighted_water,6,46,0.8006894625554873
weighted_water,6,47,0.8007066616242332
weighted_water,6,48,0.8008878121248338
weighted_water,6,49,0.8008878121248338
weighted_water,6,50,0.8010581157591464
weighted_water,6,51,0.8012056081088132
weighted_water,6,52,0.8012557619737984
weighted_water,6,53,0.8013373946227089
weighted_water,6,54,0.8013373946227089
weighted_water,6,55,0.8014051006615703
weighted_water,6,56,0.8014369101253537
weighted_water,6,57,0.8014369101253537
weighted_water,6,58,0.8014784425278557
weighted_water,6,59,0.8014784425278557
weighted_water,6,60,0.8015259171322152
weighted_water,6,61,0.801555534903802
weighted_water,6,62,0.801555534903802
weighted_water,6,63,0.8015604844402899
weighted_water,7,0,0.3017143566264778
weighted_water,7,1,0.2755183873972174
weighted_water,7,2,0.2755183873972174
weighted_water,7,3,0.25540250347418253
weighted_water,7,4,0.2367784466867725
weighted_water,7,5,0.23648457402412176
weighted_water,7,6,0.22791713195120683
weighted_water,7,7,0.22791713195120683
weighted_water,7,8,0.26358423850844215
weighted_water,7,9,0.25172792068630406
weighted_water,7,10,0.31056343297930755
weighted_water,7,11,0.31056343297930755
weighted_water,7,12,0.33829152241484894
weighted_water,7,13,0.3560668381332542
weighted_water,7,14,0.4425843676392889
weighted_water,7,15,0.4466354306270001
weighted_water,7,16,0.4501293897277458
weighted_water,7,17,0.49954561334978304
weighted_water,7,18,0.532956925739885
weighted_water,7,19,0.5423277869594589
weighted_water,7,20,0.5675490006620523
weighted_water,7,21,0.6012475885940611
weighted_water,7,22,0.6172614323422028
weighted_water,7,23,0.6503904883926456
weighted_water,7,24,0.6613660392589475
weighted_water,7,25,0.6866585225848335
weighted_water,7,26,0.7199411722363571
weighted_water,7,27,0.7202550869837768
weighted_water,7,28,0.7301493311923505
weighted_water,7,29,0.7496251776495999
weighted_water,7,30,0.7569600409998709
weighted_water,7,31,0.76095566611845
weighted_water,7,32,0.7736198424085167
weighted_water,7,33,0.7823494118661114
weighted_water,7,34,0.7867213186197953
weighted_water,7,35,0.7901254416252118
weighted_water,7,36,0.7930741633459656
weighted_water,7,37,0.7945650951232259
weighted_water,7,38,0.7980346592039848
weighted_water,7,39,0.7944384009859474
weighted_water,7,40,0.7984781796235505
weighted_water,7,41,0.7994521244184324
weighted_water,7,42,0.7996413524365601
weighted_water,7,43,0.8002018082719673
weighted_water,7,44,0.8003277154506563
weighted_water,7,45,0.8004950101730803
weighted_water,7,46,0.8008368367160805
weighted_water,7,47,0.8008549583120909
weighted_water,7,48,0.8008549583120909
weighted_water,7,49,0.8009540948563374
weighted_water,7,50,0.8009491299766228
weighted_water,7,51,0.8009491299766228
weighted_water,7,52,0.8009491299766228
weighted_water,7,53,0.8009491299766228
weighted_water,7,54,0.8009671152936559
weighted_water,7,55,0.8010385875840965
weighted_water,7,56,0.8013439178626055
weighted_water,7,57,0.8013754417677751
weighted_water,7,58,0.8013756712702407
weighted_water,7,59,0.8014484962730487
weighted_water,7,60,0.801447434432173
weighted_water,7,61,0.801447434432173
weighted_water,7,62,0.8015090312480059
weighted_water,7,63,0.801558528375219
weighted_water,8,0,0.42825789224984334
weighted_water,8,1,0.3196714933190602
weighted_water,8,2,0.2627628975534761
weighted_water,8,3,0.23577478956054604
weighted_water,8,4,0.22658195590106825
weighted_water,8,5,0.22658195590106825
weighted_water,8,6,0.21690060637844863
weighted_water,8,7,0.21689739721531584
weighted_water,8,8,0.2221456491863015
weighted_water,8,9,0.2489758185683531
weighted_water,8,10,0.2754179145181993
weighted_water,8,11,0.2798848799895176
weighted_water,8,12,0.31668246291303104
weighted_water,8,13,0.33352757569627367
weighted_water,8,14,0.3693410370128207
weighted_water,8,15,0.36190167181279786
weighted_water,8,16,0.4228929408731883
weighted_water,8,17,0.45213315679568233
weighted_water,8,18,0.5002671359893963
weighted_water,8,19,0.5088940874029074
weighted_water,8,20,0.5190899266646208
weighted_water,8,21,0.5497077311418967
weighted_water,8,22,0.5613584111129154
weighted_water,8,23,0.6362499391842731
weighted_water,8,24,0.6422116902676295
weighted_water,8,25,0.6679597957322878
weighted_water,8,26,0.6855370013330545
weighted_water,8,27,0.7116690048499196
weighted_water,8,28,0.7295686761556357
weighted_water,8,29,0.7395307611570692
weighted_water,8,30,0.7462691950400662
weighted_water,8,31,0.7570955515587187
weighted_water,8,32,0.7685161176129565
weighted_water,8,33,0.7606772995099038
weighted_water,8,34,0.7751728727627889
weighted_water,8,35,0.7827240934419667
weighted_water,8,36,0.7864363726944333
weighted_water,8,37,0.7890371554784034
weighted_water,8,38,0.790951923464741
weighted_water,8,39,0.7937295803347347
weighted_water,8,40,0.7965581719953799
weighted_water,8,41,0.7976129244948653
weighted_water,8,42,0.7984890747949248
weighted_water,8,43,0.7990062613814207
weighted_water,8,44,0.7996707062251129
weighted_water,8,45,0.7997384096303184
weighted_water,8,46,0.7997384096303184
weighted_water,8,47,0.7998073707264989
weighted_water,8,48,0.8008203298714293
weighted_water,8,49,0.801027775212652
weighted_water,8,50,0.801078697110928
weighted_water,8,51,0.8006930909259203
weighted_water,8,52,0.8012429453609291
weighted_water,8,53,0.8012429453609291
weighted_water,8,54,0.8012852417451589
weighted_water,8,55,0.8012852417451589
weighted_water,8,56,0.8013519702547602
weighted_water,8,57,0.8013571277906582
weighted_water,8,58,0.8013571277906582
weighted_water,8,59,0.8013598319616639
weighted_water,8,60,0.8014328558588218
weighted_water,8,61,0.8014849440508403
weighted_water,8,62,0.8014945849532197
weighted_water,8,63,0.8015327949141146
weighted_water,9,0,0.36975706848744155
weighted_water,9,1,0.3242040002292128
weighted_water,9,2,0.24756306385185883
weighted_water,9,3,0.24756306385185883
weighted_water,9,4,0.24649576170443127
weighted_water,9,5,0.23088947617204206
weighted_water,9,6,0.22274399253398794
weighted_water,9,7,0.21531699304346388
weighted_water,9,8,0.23575638844592522
weighted_water,9,9,0.2747469100897354
weighted_water,9,10,0.2841747153743416
weighted_water,9,11,0.3044366004364728
weighted_water,9,12,0.3546052573414702
weighted_water,9,13,0.4077436117048774
weighted_water,9,14,0.46373988477265066
weighted_water,9,15,0.4666808795890691
weighted_water,9,16,0.4666808795890691
weighted_water,9,17,0.5681882321137536
weighted_water,9,18,0.6304168448368567
weighted_water,9,19,0.6429849026138771
weighted_water,9,20,0.6780863325336236
weighted_water,9,21,0.6922304351263767
weighted_water,9,22,0.6922304351263767
weighted_water,9,23,0.7117086212876822
weighted_water,9,24,0.7166234549891164
weighted_water,9,25,0.7177383471237586
weighted_water,9,26,0.7338232777700415
weighted_water,9,27,0.7543844409358049
weighted_water,9,28,0.7640360100816829
weighted_water,9,29,0.7622183928694221
weighted_water,9,30,0.7700691940052725
weighted_water,9,31,0.7700691940052725
weighted_water,9,32,0.7762543775666871
weighted_water,9,33,0.7822633798640056
weighted_water,9,34,0.7837493476880437
weighted_water,9,35,0.7833099351273656
weighted_water,9,36,0.7838015941643989
weighted_water,9,37,0.7862810905090372
weighted_water,9,38,0.7875962506167816
weighted_water,9,39,0.7896621644717474
weighted_water,9,40,0.7918855515058327
weighted_water,9,41,0.7949157742504848
weighted_water,9,42,0.7977217685943524
weighted_water,9,43,0.798450072907828
weighted_water,9,44,0.7989604125709309
weighted_water,9,45,0.7998437223921793
weighted_water,9,46,0.7998437223921793
weighted_water,9,47,0.8007649852077843
weighted_water,9,48,0.8007856733535177
weighted_water,9,49,0.8010258539016525
weighted_water,9,50,0.8011268955200591
weighted_water,9,51,0.8012928397496747
weighted_water,9,52,0.8012928397496747
weighted_water,9,53,0.8013933691789071
weighted_water,9,54,0.8013933691789071
weighted_water,9,55,0.8013957045099926
weighted_water,9,56,0.8013812247916947
weighted_water,9,57,0.8013812247916947
weighted_water,9,58,0.801405308417787
weighted_water,9,59,0.8014146818730857
weighted_water,9,60,0.8014698584666894
weighted_water,9,61,0.8015086166610552
weighted_water,9,62,0.8015123175182337
weighted_water,9,63,0.8015287320009132
weighted_water,10,0,0.41729443522444193
weighted_water,10,1,0.3262764312059214
weighted_water,10,2,0.2944127468538716
weighted_water,10,3,0.2861731237333227
weighted_water,10,4,0.2613221747193439
weighted_water,10,5,0.23103932067191724
weighted_water,10,6,0.23103932067191724
weighted_water,10,7,0.23437444203502444
weighted_water,10,8,0.2731403613208986
weighted_water,10,9,0.26483111231427964
weighted_water,10,10,0.26483111231427964
weighted_water,10,11,0.27635497706069867
weighted_water,10,12,0.3262031154596817
weighted_water,10,13,0.3896094045601124
weighted_water,10,14,0.3910722611506843
weighted_water,10,15,0.4542866234914638
weighted_water,10,16,0.4649953837685694
weighted_water,10,17,0.5107266480093842
weighted_water,10,18,0.527538132498993
weighted_water,10,19,0.5340620765220838
weighted_water,10,20,0.579453162661567
weighted_water,10,21,0.579453162661567
weighted_water,10,22,0.629847089892568
weighted_water,10,23,0.6589488899886118
weighted_water,10,24,0.6957537138289163
weighted_water,10,25,0.700042807585058
weighted_water,10,26,0.7124605950479195
weighted_water,10,27,0.7135805476875992
weighted_water,10,28,0.7257799303090111
weighted_water,10,29,0.7346842148225808
weighted_water,10,30,0.7433508391659155
weighted_water,10,31,0.7592974216911148
weighted_water,10,32,0.7748989702378835
weighted_water,10,33,0.7814422354009753
weighted_water,10,34,0.7889510912326506
weighted_water,10,35,0.7907770061098419
weighted_water,10,36,0.7956262601363436
weighted_water,10,37,0.798976066631837
weighted_water,10,38,0.8000859113006767
weighted_water,10,39,0.800236180600705
weighted_water,10,40,0.800282877206999
weighted_water,10,41,0.800282877206999
weighted_water,10,42,0.8003923282531344
weighted_water,10,43,0.8003923282531344
weighted_water,10,44,0.8006946214007965
weighted_water,10,45,0.8007259514929411
weighted_water,10,46,0.8007173931524643
weighted_water,10,47,0.8008126689974612
weighted_water,10,48,0.8010050829627616
weighted_water,10,49,0.8010570452489492
weighted_water,10,50,0.8010670046070933
weighted_water,10,51,0.8010733309221263
weighted_water,10,52,0.8011946451525085
weighted_water,10,53,0.801190687687363
weighted_water,10,54,0.8012140313089002
weighted_water,10,55,0.8012353732528886
weighted_water,10,56,0.8014966837662727
weighted_water,10,57,0.8015208904282008
weighted_water,10,58,0.8015368536297331
weighted_water,10,59,0.8015537888822316
weighted_water,10,60,0.8015537888822316
weighted_water,10,61,0.801554764157064
weighted_water,10,62,0.80156061419866
weighted_water,10,63,0.8015629321919245
weighted_water,11,0,0.4124041778517377
weighted_water,11,1,0.3369056051627006
weighted_water,11,2,0.3015629555846232
weighted_water,11,3,0.23120621070868574
weighted_water,11,4,0.2263742043706274
weighted_water,11,5,0.2246242962878101
weighted_water,11,6,0.21551685101352341
weighted_water,11,7,0.21551685101352341
weighted_water,11,8,0.22661142890440159
weighted_water,11,9,0.26898841010796404
weighted_water,11,10,0.29486308569900566
weighted_water,11,11,0.342565574641147
weighted_water,11,12,0.35567902354147996
weighted_water,11,13,0.37080321511323844
weighted_water,11,14,0.45019605768763094
weighted_water,11,15,0.5128820636509386
weighted_water,11,16,0.5810134263244385
weighted_water,11,17,0.6099015902084881
weighted_water,11,18,0.6240199672250463
weighted_water,11,19,0.6739980981505217
weighted_water,11,20,0.6739980981505217
weighted_water,11,21,0.6831674197288005
weighted_water,11,22,0.6831674197288005
weighted_water,11,23,0.7190047851938375
weighted_water,11,24,0.7289180079345077
weighted_water,11,25,0.7347738454843414
weighted_water,11,26,0.7253280513732825
weighted_water,11,27,0.7466843764639379
weighted_water,11,28,0.7470546956473161
weighted_water,11,29,0.7510857339221724
weighted_water,11,30,0.7585851147769547
weighted_water,11,31,0.7658251494034995
weighted_water,11,32,0.7761801944610262
weighted_water,11,33,0.78488998245112
weighted_water,11,34,0.7911757805562574
weighted_water,11,35,0.7911757805562574
weighted_water,11,36,0.7938140697766379
weighted_water,11,37,0.7949486308162208
weighted_water,11,38,0.7963337018259629
weighted_water,11,39,0.7980494051835829
weighted_water,11,40,0.7983139847407453
weighted_water,11,41,0.7986031425056894
weighted_water,11,42,0.7990267961853373
weighted_water,11,43,0.7997443766913767
weighted_water,11,44,0.7998252478136495
weighted_water,11,45,0.800060896419946
weighted_water,11,46,0.8002746811851456
weighted_water,11,47,0.8005041799673758
weighted_water,11,48,0.8004952356257931
weighted_water,11,49,0.8005066993632246
weighted_water,11,50,0.8005679556932357
weighted_water,11,51,0.8005155730653376
weighted_water,11,52,0.8006351293915407
weighted_water,11,53,0.8007218406822839
weighted_water,11,54,0.8007218406822839
weighted_water,11,55,0.8007687157791208
weighted_water,11,56,0.8009059301917907
weighted_water,11,57,0.8011466608545696
weighted_water,11,58,0.8011875471549484
weighted_water,11,59,0.8014139713991159
weighted_water,11,60,0.801411248621204
weighted_water,11,61,0.8014725581813857
weighted_water,11,62,0.8015130764792778
weighted_water,11,63,0.801539826659033
weighted_water,12,0,0.3103665526947684
weighted_water,12,1,0.2645826388225963
weighted_water,12,2,0.2475006937277338
weighted_water,12,3,0.24370108005522312
weighted_water,12,4,0.23043239476427535
weighted_water,12,5,0.23043239476427535
weighted_water,12,6,0.2190420940506896
weighted_water,12,7,0.23732784597897139
weighted_water,12,8,0.2895520722999986
weighted_water,12,9,0.3228879690904155
weighted_water,12,10,0.395708245209314
weighted_water,12,11,0.41118930920467844
weighted_water,12,12,0.46487251760819837
weighted_water,12,13,0.4865654072062908
weighted_water,12,14,0.4730058516479469
weighted_water,12,15,0.5449542041491837
weighted_water,12,16,0.5773737331399793
weighted_water,12,17,0.5862072856840446
weighted_water,12,18,0.5881508151162373
weighted_water,12,19,0.6065719929542742
weighted_water,12,20,0.6065719929542742
weighted_water,12,21,0.6559797097738505
weighted_water,12,22,0.6866000255448439
weighted_water,12,23,0.7006396777218218
weighted_water,12,24,0.710215567033434
weighted_water,12,25,0.7227436870511817
weighted_water,12,26,0.7455588443465428
weighted_water,12,27,0.7487020373139577
weighted_water,12,28,0.7667676404246389
weighted_water,12,29,0.7718053602281165
weighted_water,12,30,0.7738860666897638
weighted_water,12,31,0.7759454092390324
weighted_water,12,32,0.7759454092390324
weighted_water,12,33,0.7761424515832864
weighted_water,12,34,0.7803521558630044
weighted_water,12,35,0.7803521558630044
weighted_water,12,36,0.7835154978020411
weighted_water,12,37,0.7835154978020411
weighted_water,12,38,0.7867804867323231
weighted_water,12,39,0.7901997609079883
weighted_water,12,40,0.7944463684887056
weighted_water,12,41,0.7981952631606345
weighted_water,12,42,0.7981952631606345
weighted_water,12,43,0.7987632302975128
weighted_water,12,44,0.7996984153254725
weighted_water,12,45,0.7996984153254725
weighted_water,12,46,0.8005241341514038
weighted_water,12,47,0.8007794258790877
weighted_water,12,48,0.8011659827488403
weighted_water,12,49,0.801225970825834
weighted_water,12,50,0.8011964424114723
weighted_water,12,51,0.8012305045064212
weighted_water,12,52,0.8012789373869622
weighted_water,12,53,0.8013623088323787
weighted_water,12,54,0.801459052196308
weighted_water,12,55,0.8014588681254377
weighted_water,12,56,0.8014510046836405
weighted_water,12,57,0.8015180931452741
weighted_water,12,58,0.8015085374777733
weighted_water,12,59,0.8015143910556141
weighted_water,12,60,0.8015185896169964
weighted_water,12,61,0.8015507982768715
weighted_water,12,62,0.8015687669131769
weighted_water,12,63,0.8015732192683678
weighted_water,13,0,0.4058294429399387
weighted_water,13,1,0.3315654015146544
weighted_water,13,2,0.24985150522790786
weighted_water,13,3,0.24985150522790786
weighted_water,13,4,0.23651515896049588
weighted_water,13,5,0.22625252442045488
weighted_water,13,6,0.2227558532009809
weighted_water,13,7,0.22097005399197583
weighted_water,13,8,0.2289702693072203
weighted_water,13,9,0.2289702693072203
weighted_water,13,10,0.2665765917803796
weighted_water,13,11,0.2665765917803796
weighted_water,13,12,0.30042587440558693
weighted_water,13,13,0.33759065154136336
weighted_water,13,14,0.3473769958558474
weighted_water,13,15,0.39517989421673005
weighted_water,13,16,0.4259062887433248
weighted_water,13,17,0.4259062887433248
weighted_water,13,18,0.4118249820517699
weighted_water,13,19,0.47718589964761926
weighted_water,13,20,0.5514171936022391
weighted_water,13,21,0.5514171936022391
weighted_water,13,22,0.5982895004621425
weighted_water,13,23,0.6391057757741893
weighted_water,13,24,0.6891216727452883
weighted_water,13,25,0.6891216727452883
weighted_water,13,26,0.7408390763971439
weighted_water,13,27,0.7501330873648052
weighted_water,13,28,0.7302104642411147
weighted_water,13,29,0.7486439902007783
weighted_water,13,30,0.7709508959477851
weighted_water,13,31,0.7794045984128448
weighted_water,13,32,0.7810905955709115
weighted_water,13,33,0.7840544189021844
weighted_water,13,34,0.7930400247643047
weighted_water,13,35,0.7929596065496112
weighted_water,13,36,0.7929596065496112
weighted_water,13,37,0.7942413686207576
weighted_water,13,38,0.7953141075184252
weighted_water,13,39,0.7953141075184252
weighted_water,13,40,0.7964048674562418
weighted_water,13,41,0.7969151605355307
weighted_water,13,42,0.7988100505243989
weighted_water,13,43,0.7988100505243989
weighted_water,13,44,0.7990702861655364
weighted_water,13,45,0.800059498356274
weighted_water,13,46,0.8003885065618344
weighted_water,13,47,0.8005018382305364
weighted_water,13,48,0.800815237915971
weighted_water,13,49,0.8010762208003747
weighted_water,13,50,0.8010586722101841
weighted_water,13,51,0.8011867262028725
weighted_water,13,52,0.8011867262028725
weighted_water,13,53,0.8013509776274353
weighted_water,13,54,0.8013650245755145
weighted_water,13,55,0.8013899491134729
weighted_water,13,56,0.8014142794279945
weighted_water,13,57,0.801405847790376
weighted_water,13,58,0.8013790904422152
weighted_water,13,59,0.8013790904422152
weighted_water,13,60,0.8014402626524619
weighted_water,13,61,0.8014402626524619
weighted_water,13,62,0.8015214755987407
weighted_water,13,63,0.8015287392649713
weighted_water,14,0,0.39102280679898593
weighted_water,14,1,0.3061498937021206
weighted_water,14,2,0.3061498937021206
weighted_water,14,3,0.2811406442788993
weighted_water,14,4,0.26274165880367745
weighted_water,14,5,0.261070410621233
weighted_water,14,6,0.24781991159124872
weighted_water,14,7,0.246116561157606
weighted_water,14,8,0.2392728302344065
weighted_water,14,9,0.2392728302344065
weighted_water,14,10,0.22580754712087692
weighted_water,14,11,0.2495738695420032
weighted_water,14,12,0.2712317703255371
weighted_water,14,13,0.32588215171785256
weighted_water,14,14,0.27727916525558133
weighted_water,14,15,0.2965439900726379
weighted_water,14,16,0.28397746040988076
weighted_water,14,17,0.3854711136270446
weighted_water,14,18,0.41408857081375006
weighted_water,14,19,0.38747129293706495
weighted_water,14,20,0.418932404341758
weighted_water,14,21,0.4387042893615872
weighted_water,14,22,0.5010760142288696
weighted_water,14,23,0.47812960127129717
weighted_water,14,24,0.513886886400501
weighted_water,14,25,0.5507570895669093
weighted_water,14,26,0.596992138162351
weighted_water,14,27,0.6097939660581955
weighted_water,14,28,0.6567790798437486
weighted_water,14,29,0.6662150915096606
weighted_water,14,30,0.6705970693834362
weighted_water,14,31,0.679576548063941
weighted_water,14,32,0.7089648167870042
weighted_water,14,33,0.7259573565386517
weighted_water,14,34,0.7224933029346005
weighted_water,14,35,0.7430740934717894
weighted_water,14,36,0.7589332090119835
weighted_water,14,37,0.7589332090119835
weighted_water,14,38,0.7613151865532534
weighted_water,14,39,0.7676035802207873
weighted_water,14,40,0.772757590987978
weighted_water,14,41,0.7732032406792433
weighted_water,14,42,0.7748740828579466
weighted_water,14,43,0.7827275738410715
weighted_water,14,44,0.7844428924876775
weighted_water,14,45,0.7857218152846885
weighted_water,14,46,0.7875858117309611
weighted_water,14,47,0.791304760825164
weighted_water,14,48,0.7932052453836085
weighted_water,14,49,0.7954839376137178
weighted_water,14,50,0.7954839376137178
weighted_water,14,51,0.79714735322256
weighted_water,14,52,0.7973592196402645
weighted_water,14,53,0.7988046365167012
weighted_water,14,54,0.7988046365167012
weighted_water,14,55,0.7988058327728861
weighted_water,14,56,0.7995564810648788
weighted_water,14,57,0.7998094883353896
weighted_water,14,58,0.8003346536185623
weighted_water,14,59,0.8003346536185623
weighted_water,14,60,0.8009449452673991
weighted_water,14,61,0.8010012041763327
weighted_water,14,62,0.8009787314842246
weighted_water,14,63,0.8010204352961271
weighted_water,15,0,0.5051043348732256
weighted_water,15,1,0.32744118835541064
weighted_water,15,2,0.32744118835541064
weighted_water,15,3,0.31922833874719564
weighted_water,15,4,0.2718728420782533
weighted_water,15,5,0.26639104072468495
weighted_water,15,6,0.25034980585890815
weighted_water,15,7,0.22228261196845275
weighted_water,15,8,0.22228261196845275
weighted_water,15,9,0.2179265521130681
weighted_water,15,10,0.2179265521130681
weighted_water,15,11,0.23237310099958816
weighted_water,15,12,0.25165154978319915
weighted_water,15,13,0.2453842534962823
weighted_water,15,14,0.275415301772657
weighted_water,15,15,0.29534363434447675
weighted_water,15,16,0.33164882404772317
weighted_water,15,17,0.33164882404772317
weighted_water,15,18,0.3196055133642045
weighted_water,15,19,0.39490000397913716
weighted_water,15,20,0.41547667776115466
weighted_water,15,21,0.4591497197434022
weighted_water,15,22,0.4974672607035892
weighted_water,15,23,0.5132961776435536
weighted_water,15,24,0.5309602233746142
weighted_water,15,25,0.5620266606796369
weighted_water,15,26,0.599773283372483
weighted_water,15,27,0.6032182864395021
weighted_water,15,28,0.6399141291267293
weighted_water,15,29,0.6874778886718971
weighted_water,15,30,0.7121255313603893
weighted_water,15,31,0.7296603493287563
weighted_water,15,32,0.7296603493287563
weighted_water,15,33,0.7574109240579069
weighted_water,15,34,0.7629807616227565
weighted_water,15,35,0.7665755614554168
weighted_water,15,36,0.7692264064424359
weighted_water,15,37,0.7717583702087818
weighted_water,15,38,0.7751676804361665
weighted_water,15,39,0.7840735090854525
weighted_water,15,40,0.7856093070640271
weighted_water,15,41,0.7874977895859505
weighted_water,15,42,0.7916096548391865
weighted_water,15,43,0.7926153594462708
weighted_water,15,44,0.7937099498133
weighted_water,15,45,0.7939344205255067
weighted_water,15,46,0.7958537821446626
weighted_water,15,47,0.7958537821446626
weighted_water,15,48,0.7964772935690018
weighted_water,15,49,0.7975320601828644
weighted_water,15,50,0.7977267357208726
weighted_water,15,51,0.7989312473899767
weighted_water,15,52,0.7997778092119197
weighted_water,15,53,0.7997960149161978
weighted_water,15,54,0.7997960149161978
weighted_water,15,55,0.8006518066932525
weighted_water,15,56,0.8009556658647253
weighted_water,15,57,0.8009803063186182
weighted_water,15,58,0.8010841583260974
weighted_water,15,59,0.8011766615310522
weighted_water,15,60,0.801296645011722
weighted_water,15,61,0.8013761208056102
weighted_water,15,62,0.8014321452702501
weighted_water,15,63,0.8014321452702501
weighted_water,16,0,0.36994918301448926
weighted_water,16,1,0.36994918301448926
weighted_water,16,2,0.33639005823990914
weighted_water,16,3,0.2466215378185876
weighted_water,16,4,0.24331742678937643
weighted_water,16,5,0.24331742678937643
weighted_water,16,6,0.2262085423919419
weighted_water,16,7,0.21948636824666157
weighted_water,16,8,0.21901882745058207
weighted_water,16,9,0.24966128471834081
weighted_water,16,10,0.3194829965911057
weighted_water,16,11,0.34411158090627336
weighted_water,16,12,0.3456351575649551
weighted_water,16,13,0.33038824382287835
weighted_water,16,14,0.3544366017575832
weighted_water,16,15,0.3699488115448215
weighted_water,16,16,0.3699488115448215
weighted_water,16,17,0.40501716209190336
weighted_water,16,18,0.431482921606468
weighted_water,16,19,0.4628167076109433
weighted_water,16,20,0.4201305874173239
weighted_water,16,21,0.522937385657938
weighted_water,16,22,0.5803948681879109
weighted_water,16,23,0.6485662211498601
weighted_water,16,24,0.6803474295058796
weighted_water,16,25,0.7015260617505135
weighted_water,16,26,0.7271476492370189
weighted_water,16,27,0.7301058141080364
weighted_water,16,28,0.7456800068380959
weighted_water,16,29,0.7456800068380959
weighted_water,16,30,0.7636745408365516
weighted_water,16,31,0.7683214549811375
weighted_water,16,32,0.7864960553631374
weighted_water,16,33,0.785561856358215
weighted_water,16,34,0.785561856358215
weighted_water,16,35,0.785561856358215
weighted_water,16,36,0.7914399312132605
weighted_water,16,37,0.7937782034427666
weighted_water,16,38,0.795428617705944
weighted_water,16,39,0.7966920389465441
weighted_water,16,40,0.7973656572077683
weighted_water,16,41,0.7978742232760908
weighted_water,16,42,0.7979989742773522
weighted_water,16,43,0.7986178067106732
weighted_water,16,44,0.7991443911602168
weighted_water,16,45,0.7991345481317402
weighted_water,16,46,0.7991345481317402
weighted_water,16,47,0.7994852186950788
weighted_water,16,48,0.7999333212516249
weighted_water,16,49,0.7997761222458185
weighted_water,16,50,0.7999766170666677
weighted_water,16,51,0.8001092986454058
weighted_water,16,52,0.8001970917472332
weighted_water,16,53,0.8002562809017834
weighted_water,16,54,0.8002562809017834
weighted_water,16,55,0.8002562809017834
weighted_water,16,56,0.8005176079471462
weighted_water,16,57,0.8006275875228481
weighted_water,16,58,0.8011112140310809
weighted_water,16,59,0.8011627240625382
weighted_water,16,60,0.8012487036652323
weighted_water,16,61,0.8012748497861114
weighted_water,16,62,0.8013052286899747
weighted_water,16,63,0.8013445793813676
weighted_water,17,0,0.45584786405568983
weighted_water,17,1,0.4168850444901976
weighted_water,17,2,0.3533265829111023
weighted_water,17,3,0.3092536295725405
weighted_water,17,4,0.27478453018211535
weighted_water,17,5,0.2673083465561806
weighted_water,17,6,0.24955551863650535
weighted_water,17,7,0.24537627977915571
weighted_water,17,8,0.23899567759576604
weighted_water,17,9,0.24601605765702803
weighted_water,17,10,0.298914943321752
weighted_water,17,11,0.2855678349378992
weighted_water,17,12,0.33474702694774017
weighted_water,17,13,0.33474702694774017
weighted_water,17,14,0.35036047520039776
weighted_water,17,15,0.40119358746831735
weighted_water,17,16,0.4295098886937172
weighted_water,17,17,0.4872633561301258
weighted_water,17,18,0.4686041692267457
weighted_water,17,19,0.4686041692267457
weighted_water,17,20,0.5359031888212176
weighted_water,17,21,0.5408157283533469
weighted_water,17,22,0.5563105739383044
weighted_water,17,23,0.5825464956483986
weighted_water,17,24,0.5852597264147305
weighted_water,17,25,0.6467077144104187
weighted_water,17,26,0.6708899924516349
weighted_water,17,27,0.6941477486228727
weighted_water,17,28,0.6941477486228727
weighted_water,17,29,0.7098853527663112
weighted_water,17,30,0.7203041787203097
weighted_water,17,31,0.7303956560121928
weighted_water,17,32,0.7374640220877569
weighted_water,17,33,0.7452201561263574
weighted_water,17,34,0.7452201561263574
weighted_water,17,35,0.7518295554226103
weighted_water,17,36,0.7605655959916865
weighted_water,17,37,0.7660611969004262
weighted_water,17,38,0.7734900443122122
weighted_water,17,39,0.7740587590891574
weighted_water,17,40,0.7808314917963773
weighted_water,17,41,0.7895150454627559
weighted_water,17,42,0.7915265739341004
weighted_water,17,43,0.7937412050336734
weighted_water,17,44,0.7950974828104318
weighted_water,17,45,0.7963919404767242
weighted_water,17,46,0.7974253568952678
weighted_water,17,47,0.7980279550789746
weighted_water,17,48,0.7982142552493002
weighted_water,17,49,0.7992862700805151
weighted_water,17,50,0.7999265090006809
weighted_water,17,51,0.8002306614426671
weighted_water,17,52,0.8005064343746818
weighted_water,17,53,0.8005229455520156
weighted_water,17,54,0.8008438195841348
weighted_water,17,55,0.8009202410578845
weighted_water,17,56,0.8012174057699644
weighted_water,17,57,0.8013298929235336
weighted_water,17,58,0.8013298929235336
weighted_water,17,59,0.8013385461015894
weighted_water,17,60,0.8014272581607661
weighted_water,17,61,0.8014726821748771
weighted_water,17,62,0.8014883553775723
weighted_water,17,63,0.8015085394576144
weighted_water,18,0,0.41532532407852996
weighted_water,18,1,0.3275728506257675
weighted_water,18,2,0.31782932831940663
weighted_water,18,3,0.2481195545366699
weighted_water,18,4,0.2481195545366699
weighted_water,18,5,0.219626357574529
weighted_water,18,6,0.219626357574529
weighted_water,18,7,0.219626357574529
weighted_water,18,8,0.2485440399367566
weighted_water,18,9,0.2800107321225094
weighted_water,18,10,0.2600754014771819
weighted_water,18,11,0.28875700484908234
weighted_water,18,12,0.2906047881115564
weighted_water,18,13,0.2906047881115564
weighted_water,18,14,0.28755659162069713
weighted_water,18,15,0.328114190842758
weighted_water,18,16,0.3869526295935516
weighted_water,18,17,0.3802351572001732
weighted_water,18,18,0.4637702690195419
weighted_water,18,19,0.47668167451446986
weighted_water,18,20,0.4864001575778024
weighted_water,18,21,0.4807041875840816
weighted_water,18,22,0.5151565530420755
weighted_water,18,23,0.5480811564534487
weighted_water,18,24,0.560363094348449
weighted_water,18,25,0.591551631967385
weighted_water,18,26,0.6031737676377408
weighted_water,18,27,0.6123104595855484
weighted_water,18,28,0.6323351962228292
weighted_water,18,29,0.6426747700459944
weighted_water,18,30,0.649537401946288
weighted_water,18,31,0.6527751121605294
weighted_water,18,32,0.6829015143587266
weighted_water,18,33,0.6978927165558261
weighted_water,18,34,0.7194925610525921
weighted_water,18,35,0.7235070708077018
weighted_water,18,36,0.7340890249314004
weighted_water,18,37,0.7487511649985422
weighted_water,18,38,0.7591974365621117
weighted_water,18,39,0.7664418018178337
weighted_water,18,40,0.7723828013284229
weighted_water,18,41,0.7824280711362452
weighted_water,18,42,0.7871819900197691
weighted_water,18,43,0.7927924027772082
weighted_water,18,44,0.794094912742039
weighted_water,18,45,0.7950113068639649
weighted_water,18,46,0.7955791341067839
weighted_water,18,47,0.7959552458880773
weighted_water,18,48,0.7968454075603703
weighted_water,18,49,0.7987305093012484
weighted_water,18,50,0.7991340753473755
weighted_water,18,51,0.7991340753473755
weighted_water,18,52,0.7999549826333152
weighted_water,18,53,0.8005191359603321
weighted_water,18,54,0.8007944975810266
weighted_water,18,55,0.8008801543363105
weighted_water,18,56,0.8008938627261126
weighted_water,18,57,0.8009251810469723
weighted_water,18,58,0.8009251810469723
weighted_water,18,59,0.8009251810469723
weighted_water,18,60,0.801200894384059
weighted_water,18,61,0.8012823346737192
weighted_water,18,62,0.8014146360109863
weighted_water,18,63,0.801493901978427
weighted_water,19,0,0.30337283773817925
weighted_water,19,1,0.28738186038595537
weighted_water,19,2,0.28738186038595537
weighted_water,19,3,0.2696508319544983
weighted_water,19,4,0.24989405015218788
weighted_water,19,5,0.2414534088098942
weighted_water,19,6,0.2323374149296889
weighted_water,19,7,0.22841418267052577
weighted_water,19,8,0.2334334251081871
weighted_water,19,9,0.23758539046979266
weighted_water,19,10,0.24196476683890206
weighted_water,19,11,0.24162506062636988
weighted_water,19,12,0.2834722666521343
weighted_water,19,13,0.3347376202469153
weighted_water,19,14,0.3830053755748819
weighted_water,19,15,0.338818450382936
weighted_water,19,16,0.5091825025450688
weighted_water,19,17,0.4447576384938995
weighted_water,19,18,0.4304771021783833
weighted_water,19,19,0.49768695593248935
weighted_water,19,20,0.5416301413642741
weighted_water,19,21,0.5215939341498002
weighted_water,19,22,0.5994210596162194
weighted_water,19,23,0.6418615001640618
weighted_water,19,24,0.6633518346995702
weighted_water,19,25,0.681604045748292
weighted_water,19,26,0.7433264418168738
weighted_water,19,27,0.7430868506461062
weighted_water,19,28,0.7351200038231105
weighted_water,19,29,0.7615326028907196
weighted_water,19,30,0.7629947886387047
weighted_water,19,31,0.7756822037029102
weighted_water,19,32,0.7759400634785839
weighted_water,19,33,0.7833437445323655
weighted_water,19,34,0.7840480291280026
weighted_water,19,35,0.7862023505069459
weighted_water,19,36,0.7862023505069459
weighted_water,19,37,0.7874830692611104
weighted_water,19,38,0.7902551105337281
weighted_water,19,39,0.7902551105337281
weighted_water,19,40,0.793383500740458
weighted_water,19,41,0.7947314045166849
weighted_water,19,42,0.7950950579031889
weighted_water,19,43,0.7976948459651936
weighted_water,19,44,0.7987252280137883
weighted_water,19,45,0.7988421415669292
weighted_water,19,46,0.7988421415669292
weighted_water,19,47,0.798721382310201
weighted_water,19,48,0.798721382310201
weighted_water,19,49,0.798721382310201
weighted_water,19,50,0.798721382310201
weighted_water,19,51,0.8001651289537972
weighted_water,19,52,0.8007162893890938
weighted_water,19,53,0.8007502636203417
weighted_water,19,54,0.8010921133612204
weighted_water,19,55,0.8011074096157518
weighted_water,19,56,0.8012453132098135
weighted_water,19,57,0.8012612782179804
weighted_water,19,58,0.8012488948948671
weighted_water,19,59,0.8012895141609734
weighted_water,19,60,0.8013603473953578
weighted_water,19,61,0.8013834163736888
weighted_water,19,62,0.801402105596377
weighted_water,19,63,0.8014530243835235
weighted_comfort,0,0,0.38954940330572885
weighted_comfort,0,1,0.3603968484733542
weighted_comfort,0,2,0.2762832966528997
weighted_comfort,0,3,0.24578056443665844
weighted_comfort,0,4,0.23121598863881684
weighted_comfort,0,5,0.22069893371192517
weighted_comfort,0,6,0.21908558233306277
weighted_comfort,0,7,0.21908558233306277
weighted_comfort,0,8,0.2179531254588878
weighted_comfort,0,9,0.21851834794462716
weighted_comfort,0,10,0.21870479329738482
weighted_comfort,0,11,0.21897315120926403
weighted_comfort,0,12,0.21897315120926403
weighted_comfort,0,13,0.21905693222359088
weighted_comfort,0,14,0.21905693222359088
weighted_comfort,0,15,0.21905693222359088
weighted_comfort,0,16,0.21909710517362002
weighted_comfort,0,17,0.219178325796759
weighted_comfort,0,18,0.21918337034219637
weighted_comfort,0,19,0.21926198326834867
weighted_comfort,0,20,0.21926198326834867
weighted_comfort,0,21,0.21926198326834867
weighted_comfort,0,22,0.21926198326834867
weighted_comfort,0,23,0.21926198326834867
weighted_comfort,0,24,0.21926198326834867
weighted_comfort,0,25,0.21926198326834867
weighted_comfort,0,26,0.21926198326834867
weighted_comfort,0,27,0.21926198326834867
weighted_comfort,0,28,0.21926198326834867
weighted_comfort,0,29,0.21926198326834867
weighted_comfort,0,30,0.21926198326834867
weighted_comfort,0,31,0.21926198326834867
weighted_comfort,0,32,0.21926198326834867
weighted_comfort,0,33,0.21926198326834867
weighted_comfort,0,34,0.21926198326834867
weighted_comfort,0,35,0.21926198326834867
weighted_comfort,0,36,0.21926198326834867
weighted_comfort,0,37,0.21926198326834867
weighted_comfort,0,38,0.21926198326834867
weighted_comfort,0,39,0.21926198326834867
weighted_comfort,0,40,0.21926198326834867
weighted_comfort,0,41,0.21926198326834867
weighted_comfort,0,42,0.21926198326834867
weighted_comfort,0,43,0.21926198326834867
weighted_comfort,0,44,0.21926198326834867
weighted_comfort,0,45,0.21926198326834867
weighted_comfort,0,46,0.21926198326834867
weighted_comfort,0,47,0.21926198326834867
weighted_comfort,0,48,0.21926198326834867
weighted_comfort,0,49,0.21926198326834867
weighted_comfort,0,50,0.21926198326834867
weighted_comfort,0,51,0.21926198326834867
weighted_comfort,0,52,0.21926198326834867
weighted_comfort,0,53,0.21926198326834867
weighted_comfort,0,54,0.21926198326834867
weighted_comfort,0,55,0.21926198326834867
weighted_comfort,0,56,0.21926198326834867
weighted_comfort,0,57,0.21923202265244
weighted_comfort,0,58,0.21923202265244
weighted_comfort,0,59,0.21923202265244
weighted_comfort,0,60,0.21923202265244
weighted_comfort,0,61,0.21922968277012883
weighted_comfort,0,62,0.21922968277012883
weighted_comfort,0,63,0.21922968277012883
weighted_comfort,1,0,0.38921801036239495
weighted_comfort,1,1,0.30642316425332106
weighted_comfort,1,2,0.27249374900725015
weighted_comfort,1,3,0.2627661737723999
weighted_comfort,1,4,0.2627661737723999
weighted_comfort,1,5,0.2517191227017703
weighted_comfort,1,6,0.2365812534641778
weighted_comfort,1,7,0.2365812534641778
weighted_comfort,1,8,0.22519992973165093
weighted_comfort,1,9,0.21649103842428907
weighted_comfort,1,10,0.21767446916389072
weighted_comfort,1,11,0.21767446916389072
weighted_comfort,1,12,0.21828165860450977
weighted_comfort,1,13,0.218894497200392
weighted_comfort,1,14,0.2188080227683564
weighted_comfort,1,15,0.2188080227683564
weighted_comfort,1,16,0.2189264327048403
weighted_comfort,1,17,0.2190289504129471
weighted_comfort,1,18,0.21905372816803675
weighted_comfort,1,19,0.21909381733964675
weighted_comfort,1,20,0.2191689890872002
weighted_comfort,1,21,0.21920626756506395
weighted_comfort,1,22,0.21929837419616333
weighted_comfort,1,23,0.21929837419616333
weighted_comfort,1,24,0.21929837419616333
weighted_comfort,1,25,0.21929837419616333
weighted_comfort,1,26,0.21926924454671676
weighted_comfort,1,27,0.21926924454671676
weighted_comfort,1,28,0.21926924454671676
weighted_comfort,1,29,0.21926924454671676
weighted_comfort,1,30,0.21926924454671676
weighted_comfort,1,31,0.21926924454671676
weighted_comfort,1,32,0.21926924454671676
weighted_comfort,1,33,0.21926924454671676
weighted_comfort,1,34,0.21926924454671676
weighted_comfort,1,35,0.21926924454671676
weighted_comfort,1,36,0.21926924454671676
weighted_comfort,1,37,0.21926924454671676
weighted_comfort,1,38,0.21926924454671676
weighted_comfort,1,39,0.21926924454671676
weighted_comfort,1,40,0.21926924454671676
weighted_comfort,1,41,0.21926924454671676
weighted_comfort,1,42,0.21926924454671676
weighted_comfort,1,43,0.21926924454671676
weighted_comfort,1,44,0.21926924454671676
weighted_comfort,1,45,0.21926924454671676
weighted_comfort,1,46,0.21926924454671676
weighted_comfort,1,47,0.21926924454671676
weighted_comfort,1,48,0.21926924454671676
weighted_comfort,1,49,0.21926924454671676
weighted_comfort,1,50,0.21926924454671676
weighted_comfort,1,51,0.21926924454671676
weighted_comfort,1,52,0.21926924454671676
weighted_comfort,1,53,0.21926924454671676
weighted_comfort,1,54,0.21926924454671676
weighted_comfort,1,55,0.21926924454671676
weighted_comfort,1,56,0.21926924454671676
weighted_comfort,1,57,0.2192623184201067
weighted_comfort,1,58,0.21922936889615893
weighted_comfort,1,59,0.21922936889615893
weighted_comfort,1,60,0.21922936889615893
weighted_comfort,1,61,0.21922936889615893
weighted_comfort,1,62,0.21922936889615893
weighted_comfort,1,63,0.21922936889615893
weighted_comfort,2,0,0.3056519293003663
weighted_comfort,2,1,0.2704690989444967
weighted_comfort,2,2,0.2673196800876652
weighted_comfort,2,3,0.2388887844655352
weighted_comfort,2,4,0.2433814172562201
weighted_comfort,2,5,0.24131906334229813
weighted_comfort,2,6,0.22175767995285195
weighted_comfort,2,7,0.22175767995285195
weighted_comfort,2,8,0.21803548291255115
weighted_comfort,2,9,0.21803548291255115
weighted_comfort,2,10,0.21868748037837982
weighted_comfort,2,11,0.21868748037837982
weighted_comfort,2,12,0.2188444663750493
weighted_comfort,2,13,0.2188444663750493
weighted_comfort,2,14,0.21889735886919964
weighted_comfort,2,15,0.2189524049145659
weighted_comfort,2,16,0.21903728636593406
weighted_comfort,2,17,0.21903728636593406
weighted_comfort,2,18,0.21903728636593406
weighted_comfort,2,19,0.2190731533632225
weighted_comfort,2,20,0.21910102404508802
weighted_comfort,2,21,0.2191242093094991
weighted_comfort,2,22,0.2191242093094991
weighted_comfort,2,23,0.21914896374844836
weighted_comfort,2,24,0.2191912398707224
weighted_comfort,2,25,0.2191912398707224
weighted_comfort,2,26,0.2191912398707224
weighted_comfort,2,27,0.21921677318466398
weighted_comfort,2,28,0.21921677318466398
weighted_comfort,2,29,0.21921677318466398
weighted_comfort,2,30,0.2192606555039828
weighted_comfort,2,31,0.2192606555039828
weighted_comfort,2,32,0.2192606555039828
weighted_comfort,2,33,0.2192606555039828
weighted_comfort,2,34,0.2192606555039828
weighted_comfort,2,35,0.2192606555039828
weighted_comfort,2,36,0.2192606555039828
weighted_comfort,2,37,0.2192606555039828
weighted_comfort,2,38,0.2192606555039828
weighted_comfort,2,39,0.2192606555039828
weighted_comfort,2,40,0.2192606555039828
weighted_comfort,2,41,0.2192606555039828
weighted_comfort,2,42,0.2192606555039828
weighted_comfort,2,43,0.2192606555039828
weighted_comfort,2,44,0.2192606555039828
weighted_comfort,2,45,0.2192606555039828
weighted_comfort,2,46,0.2192606555039828
weighted_comfort,2,47,0.2192606555039828
weighted_comfort,2,48,0.2192606555039828
weighted_comfort,2,49,0.2192606555039828
weighted_comfort,2,50,0.2192606555039828
weighted_comfort,2,51,0.2192606555039828
weighted_comfort,2,52,0.2192606555039828
weighted_comfort,2,53,0.2192606555039828
weighted_comfort,2,54,0.2192606555039828
weighted_comfort,2,55,0.2192606555039828
weighted_comfort,2,56,0.2192606555039828
weighted_comfort,2,57,0.2192606555039828
weighted_comfort,2,58,0.2192606555039828
weighted_comfort,2,59,0.2192606555039828
weighted_comfort,2,60,0.2192606555039828
weighted_comfort,2,61,0.2192606555039828
weighted_comfort,2,62,0.2192606555039828
weighted_comfort,2,63,0.2192606555039828
weighted_comfort,3,0,0.34648375728049696
weighted_comfort,3,1,0.34648375728049696
weighted_comfort,3,2,0.2635342850512561
weighted_comfort,3,3,0.2587094292307078
weighted_comfort,3,4,0.2587094292307078
weighted_comfort,3,5,0.2451143470383357
weighted_comfort,3,6,0.2419675818247699
weighted_comfort,3,7,0.2419675818247699
weighted_comfort,3,8,0.23321514858098227
weighted_comfort,3,9,0.2288731498333885
weighted_comfort,3,10,0.2262592145074592
weighted_comfort,3,11,0.2261282383859387
weighted_comfort,3,12,0.2261282383859387
weighted_comfort,3,13,0.22596201782298744
weighted_comfort,3,14,0.21872264537626515
weighted_comfort,3,15,0.22071897258605788
weighted_comfort,3,16,0.22071897258605788
weighted_comfort,3,17,0.21941350230556617
weighted_comfort,3,18,0.2184934382947735
weighted_comfort,3,19,0.21850419622784667
weighted_comfort,3,20,0.21876131456580716
weighted_comfort,3,21,0.21908772238993088
weighted_comfort,3,22,0.2189803556375111
weighted_comfort,3,23,0.2189803556375111
weighted_comfort,3,24,0.21903371667176508
weighted_comfort,3,25,0.21908772238993088
weighted_comfort,3,26,0.21913190589387693
weighted_comfort,3,27,0.21913190589387693
weighted_comfort,3,28,0.21916443262224664
weighted_comfort,3,29,0.21916076535528703
weighted_comfort,3,30,0.21917729912073106
weighted_comfort,3,31,0.21920693940115663
weighted_comfort,3,32,0.21920693940115663
weighted_comfort,3,33,0.21920693940115663
weighted_comfort,3,34,0.21920693940115663
weighted_comfort,3,35,0.21920693940115663
weighted_comfort,3,36,0.21920693940115663
weighted_comfort,3,37,0.21920693940115663
weighted_comfort,3,38,0.21924641809738127
weighted_comfort,3,39,0.21924641809738127
weighted_comfort,3,40,0.21924641809738127
weighted_comfort,3,41,0.21924641809738127
weighted_comfort,3,42,0.21924641809738127
weighted_comfort,3,43,0.21924641809738127
weighted_comfort,3,44,0.21924641809738127
weighted_comfort,3,45,0.21924641809738127
weighted_comfort,3,46,0.21924641809738127
weighted_comfort,3,47,0.21924641809738127
weighted_comfort,3,48,0.21924641809738127
weighted_comfort,3,49,0.21924641809738127
weighted_comfort,3,50,0.21924641809738127
weighted_comfort,3,51,0.21924641809738127
weighted_comfort,3,52,0.21924641809738127
weighted_comfort,3,53,0.21924641809738127
weighted_comfort,3,54,0.21922863119645292
weighted_comfort,3,55,0.21922863119645292
weighted_comfort,3,56,0.21922863119645292
weighted_comfort,3,57,0.21922863119645292
weighted_comfort,3,58,0.21922863119645292
weighted_comfort,3,59,0.21922863119645292
weighted_comfort,3,60,0.21924641809738127
weighted_comfort,3,61,0.21924641809738127
weighted_comfort,3,62,0.21924641809738127
weighted_comfort,3,63,0.21924641809738127
weighted_comfort,4,0,0.38318569562976645
weighted_comfort,4,1,0.3421008719796417
weighted_comfort,4,2,0.27198481259944857
weighted_comfort,4,3,0.27198481259944857
weighted_comfort,4,4,0.25061293360822595
weighted_comfort,4,5,0.2356083189193549
weighted_comfort,4,6,0.23557771704121014
weighted_comfort,4,7,0.2297846319356031
weighted_comfort,4,8,0.22052358647409462
weighted_comfort,4,9,0.22049477160814906
weighted_comfort,4,10,0.22049477160814906
weighted_comfort,4,11,0.21832547268755031
weighted_comfort,4,12,0.21828610272476173
weighted_comfort,4,13,0.21828610272476173
weighted_comfort,4,14,0.2187087946198974
weighted_comfort,4,15,0.21876078571991514
weighted_comfort,4,16,0.21899488510712914
weighted_comfort,4,17,0.21917725393918172
weighted_comfort,4,18,0.21917725393918172
weighted_comfort,4,19,0.21916988917374608
weighted_comfort,4,20,0.21922626409837231
weighted_comfort,4,21,0.21922549701140628
weighted_comfort,4,22,0.21922549701140628
weighted_comfort,4,23,0.21922549701140628
weighted_comfort,4,24,0.21922549701140628
weighted_comfort,4,25,0.21922344394160026
weighted_comfort,4,26,0.21922344394160026
weighted_comfort,4,27,0.2192336299447229
weighted_comfort,4,28,0.21923204721303358
weighted_comfort,4,29,0.21923204721303358
weighted_comfort,4,30,0.21923204721303358
weighted_comfort,4,31,0.21923171709915826
weighted_comfort,4,32,0.21923171709915826
weighted_comfort,4,33,0.21923180694719432
weighted_comfort,4,34,0.21923192865537205
weighted_comfort,4,35,0.21923197765801852
weighted_comfort,4,36,0.2192320308371646
weighted_comfort,4,37,0.21923204721303358
weighted_comfort,4,38,0.2192320659768763
weighted_comfort,4,39,0.2192320859726052
weighted_comfort,4,40,0.21923213515699042
weighted_comfort,4,41,0.21923213878044842
weighted_comfort,4,42,0.2192321411326384
weighted_comfort,4,43,0.21923214156074758
weighted_comfort,4,44,0.2192321420002162
weighted_comfort,4,45,0.21923214232188734
weighted_comfort,4,46,0.21923214252243645
weighted_comfort,4,47,0.2192321427880687
weighted_comfort,4,48,0.2192321427880687
weighted_comfort,4,49,0.2192321427880687
weighted_comfort,4,50,0.2192321427880687
weighted_comfort,4,51,0.2192321427880687
weighted_comfort,4,52,0.21923214278694456
weighted_comfort,4,53,0.21923214281013706
weighted_comfort,4,54,0.21923214281013706
weighted_comfort,4,55,0.21923214281013706
weighted_comfort,4,56,0.21923214285568215
weighted_comfort,4,57,0.21923214285568215
weighted_comfort,4,58,0.21923214285568215
weighted_comfort,4,59,0.21923214285374554
weighted_comfort,4,60,0.21923214285374554
weighted_comfort,4,61,0.21923214285336853
weighted_comfort,4,62,0.21923214285015277
weighted_comfort,4,63,0.21923214285015277
weighted_comfort,5,0,0.28483170028970306
weighted_comfort,5,1,0.28483170028970306
weighted_comfort,5,2,0.28255042525425056
weighted_comfort,5,3,0.28185705719611137
weighted_comfort,5,4,0.2652214738520148
weighted_comfort,5,5,0.2563541679657943
weighted_comfort,5,6,0.24477805030868463
weighted_comfort,5,7,0.23689145524465205
weighted_comfort,5,8,0.22800839223860186
weighted_comfort,5,9,0.22800839223860186
weighted_comfort,5,10,0.22800839223860186
weighted_comfort,5,11,0.2287513751979583
weighted_comfort,5,12,0.2287513751979583
weighted_comfort,5,13,0.22882390651566092
weighted_comfort,5,14,0.2201670207498707
weighted_comfort,5,15,0.2201670207498707
weighted_comfort,5,16,0.2201670207498707
weighted_comfort,5,17,0.2201670207498707
weighted_comfort,5,18,0.2201670207498707
weighted_comfort,5,19,0.2201670207498707
weighted_comfort,5,20,0.2201670207498707
weighted_comfort,5,21,0.2201670207498707
weighted_comfort,5,22,0.21940540962007601
weighted_comfort,5,23,0.21853945356069412
weighted_comfort,5,24,0.21853945356069412
weighted_comfort,5,25,0.21853945356069412
weighted_comfort,5,26,0.21892583485109696
weighted_comfort,5,27,0.21892583485109696
weighted_comfort,5,28,0.21892583485109696
weighted_comfort,5,29,0.21897943911477705
weighted_comfort,5,30,0.21910925227480657
weighted_comfort,5,31,0.21910925227480657
weighted_comfort,5,32,0.21910925227480657
weighted_comfort,5,33,0.219159187478052
weighted_comfort,5,34,0.219159187478052
weighted_comfort,5,35,0.219159187478052
weighted_comfort,5,36,0.219159187478052
weighted_comfort,5,37,0.21916688299001877
weighted_comfort,5,38,0.2191972451577341
weighted_comfort,5,39,0.2191972451577341
weighted_comfort,5,40,0.2191972451577341
weighted_comfort,5,41,0.2191972451577341
weighted_comfort,5,42,0.21920562982975958
weighted_comfort,5,43,0.21920562982975958
weighted_comfort,5,44,0.2192092740806657
weighted_comfort,5,45,0.2192092740806657
weighted_comfort,5,46,0.21921960946576122
weighted_comfort,5,47,0.21923498212214523
weighted_comfort,5,48,0.21923498212214523
weighted_comfort,5,49,0.21923498212214523
weighted_comfort,5,50,0.21923498212214523
weighted_comfort,5,51,0.21923498212214523
weighted_comfort,5,52,0.21923498212214523
weighted_comfort,5,53,0.21923498212214523
weighted_comfort,5,54,0.21923498212214523
weighted_comfort,5,55,0.21923498212214523
weighted_comfort,5,56,0.21923498212214523
weighted_comfort,5,57,0.21923498212214523
weighted_comfort,5,58,0.21923498212214523
weighted_comfort,5,59,0.21923498212214523
weighted_comfort,5,60,0.21923498212214523
weighted_comfort,5,61,0.21923498212214523
weighted_comfort,5,62,0.21923498212214523
weighted_comfort,5,63,0.21923498212214523
weighted_comfort,6,0,0.25434970727786693
weighted_comfort,6,1,0.25434970727786693
weighted_comfort,6,2,0.25434970727786693
weighted_comfort,6,3,0.2414537429838836
weighted_comfort,6,4,0.21731540198058064
weighted_comfort,6,5,0.21731540198058064
weighted_comfort,6,6,0.21632028648534637
weighted_comfort,6,7,0.21682142892435488
weighted_comfort,6,8,0.21767951871963045
weighted_comfort,6,9,0.21825864958963714
weighted_comfort,6,10,0.21846997350961617
weighted_comfort,6,11,0.21853350282507508
weighted_comfort,6,12,0.21878849243958323
weighted_comfort,6,13,0.2190178033876899
weighted_comfort,6,14,0.2190178033876899
weighted_comfort,6,15,0.2190178033876899
weighted_comfort,6,16,0.21905759289531926
weighted_comfort,6,17,0.21905759289531926
weighted_comfort,6,18,0.21905759289531926
weighted_comfort,6,19,0.21917820081387285
weighted_comfort,6,20,0.21917820081387285
weighted_comfort,6,21,0.2191816500685519
weighted_comfort,6,22,0.21920233701840558
weighted_comfort,6,23,0.2192139471806784
weighted_comfort,6,24,0.21921518654614383
weighted_comfort,6,25,0.21921518654614383
weighted_comfort,6,26,0.21922781270287647
weighted_comfort,6,27,0.21922781270287647
weighted_comfort,6,28,0.21923117256818841
weighted_comfort,6,29,0.21923117256818841
weighted_comfort,6,30,0.21923117256818841
weighted_comfort,6,31,0.21923117256818841
weighted_comfort,6,32,0.21923117256818841
weighted_comfort,6,33,0.21923117256818841
weighted_comfort,6,34,0.21923117256818841
weighted_comfort,6,35,0.21923117256818841
weighted_comfort,6,36,0.21923117256818841
weighted_comfort,6,37,0.21923117256818841
weighted_comfort,6,38,0.21923117256818841
weighted_comfort,6,39,0.21923117256818841
weighted_comfort,6,40,0.21923117256818841
weighted_comfort,6,41,0.21923117256818841
weighted_comfort,6,42,0.21923117256818841
weighted_comfort,6,43,0.21923117256818841
weighted_comfort,6,44,0.21923117256818841
weighted_comfort,6,45,0.21923117256818841
weighted_comfort,6,46,0.21923117256818841
weighted_comfort,6,47,0.21923117256818841
weighted_comfort,6,48,0.21923117256818841
weighted_comfort,6,49,0.21923117256818841
weighted_comfort,6,50,0.21923117256818841
weighted_comfort,6,51,0.21923117256818841
weighted_comfort,6,52,0.21923117256818841
weighted_comfort,6,53,0.21923117256818841
weighted_comfort,6,54,0.21923117256818841
weighted_comfort,6,55,0.21923117256818841
weighted_comfort,6,56,0.21923117256818841
weighted_comfort,6,57,0.21923117256818841
weighted_comfort,6,58,0.21923117256818841
weighted_comfort,6,59,0.21923117256818841
weighted_comfort,6,60,0.21923117256818841
weighted_comfort,6,61,0.21923117256818841
weighted_comfort,6,62,0.21923117256818841
weighted_comfort,6,63,0.21923117256818841
weighted_comfort,7,0,0.3017143566264778
weighted_comfort,7,1,0.2755183873972174
weighted_comfort,7,2,0.2631031206906223
weighted_comfort,7,3,0.21766683208495805
weighted_comfort,7,4,0.21766683208495805
weighted_comfort,7,5,0.21650946196843554
weighted_comfort,7,6,0.21650946196843554
weighted_comfort,7,7,0.21766683208495805
weighted_comfort,7,8,0.2180732593805395
weighted_comfort,7,9,0.21831321725875563
weighted_comfort,7,10,0.21886576787003634
weighted_comfort,7,11,0.2188691796914056
weighted_comfort,7,12,0.21891646187603625
weighted_comfort,7,13,0.21891646187603625
weighted_comfort,7,14,0.2189736326653971
weighted_comfort,7,15,0.2191323017281945
weighted_comfort,7,16,0.2191323017281945
weighted_comfort,7,17,0.2191323017281945
weighted_comfort,7,18,0.2191616680859831
weighted_comfort,7,19,0.2191616680859831
weighted_comfort,7,20,0.2191616680859831
weighted_comfort,7,21,0.2191616680859831
weighted_comfort,7,22,0.21954539916640775
weighted_comfort,7,23,0.21954539916640775
weighted_comfort,7,24,0.21954539916640775
weighted_comfort,7,25,0.21954539916640775
weighted_comfort,7,26,0.21933681375108258
weighted_comfort,7,27,0.21933681375108258
weighted_comfort,7,28,0.21933681375108258
weighted_comfort,7,29,0.21933681375108258
weighted_comfort,7,30,0.21931010929124
weighted_comfort,7,31,0.21931010929124
weighted_comfort,7,32,0.21931010929124
weighted_comfort,7,33,0.21930266018464284
weighted_comfort,7,34,0.21928411686638602
weighted_comfort,7,35,0.21927947441155196
weighted_comfort,7,36,0.21927947441155196
weighted_comfort,7,37,0.21927947441155196
weighted_comfort,7,38,0.21926969692710735
weighted_comfort,7,39,0.21926969692710735
weighted_comfort,7,40,0.21926969692710735
weighted_comfort,7,41,0.21926969692710735
weighted_comfort,7,42,0.21926818371965376
weighted_comfort,7,43,0.21926818371965376
weighted_comfort,7,44,0.21926815450051781
weighted_comfort,7,45,0.2192671782043451
weighted_comfort,7,46,0.2192671782043451
weighted_comfort,7,47,0.2192671782043451
weighted_comfort,7,48,0.2192671782043451
weighted_comfort,7,49,0.2192671782043451
weighted_comfort,7,50,0.2192671782043451
weighted_comfort,7,51,0.2192671782043451
weighted_comfort,7,52,0.2192671386524106
weighted_comfort,7,53,0.2192671386524106
weighted_comfort,7,54,0.21926701298079293
weighted_comfort,7,55,0.21926701298079293
weighted_comfort,7,56,0.21926699299257313
weighted_comfort,7,57,0.21926699299257313
weighted_comfort,7,58,0.21926699299257313
weighted_comfort,7,59,0.2192669861852454
weighted_comfort,7,60,0.2192669861852454
weighted_comfort,7,61,0.2192669861852454
weighted_comfort,7,62,0.2192669861852454
weighted_comfort,7,63,0.2192669861852454
weighted_comfort,8,0,0.42825789224984334
weighted_comfort,8,1,0.3196714933190602
weighted_comfort,8,2,0.26796137608413945
weighted_comfort,8,3,0.25984751910034776
weighted_comfort,8,4,0.24371636261582622
weighted_comfort,8,5,0.21776749290702158
weighted_comfort,8,6,0.21776749290702158
weighted_comfort,8,7,0.21776749290702158
weighted_comfort,8,8,0.21780473894930194
weighted_comfort,8,9,0.21848756893420765
weighted_comfort,8,10,0.21853626637859044
weighted_comfort,8,11,0.21876835616628204
weighted_comfort,8,12,0.21888825637578604
weighted_comfort,8,13,0.2189380414791788
weighted_comfort,8,14,0.21903438092381047
weighted_comfort,8,15,0.21911630134481383
weighted_comfort,8,16,0.21914108323833673
weighted_comfort,8,17,0.2191581560280609
weighted_comfort,8,18,0.2191910629987496
weighted_comfort,8,19,0.2192196432977281
weighted_comfort,8,20,0.2192196432977281
weighted_comfort,8,21,0.2192196432977281
weighted_comfort,8,22,0.2192196432977281
weighted_comfort,8,23,0.2192196432977281
weighted_comfort,8,24,0.2192196432977281
weighted_comfort,8,25,0.2192196432977281
weighted_comfort,8,26,0.2192196432977281
weighted_comfort,8,27,0.2192196432977281
weighted_comfort,8,28,0.2192196432977281
weighted_comfort,8,29,0.2192196432977281
weighted_comfort,8,30,0.21922199479858642
weighted_comfort,8,31,0.21922199479858642
weighted_comfort,8,32,0.21924702110489983
weighted_comfort,8,33,0.21924702110489983
weighted_comfort,8,34,0.21924702110489983
weighted_comfort,8,35,0.21924702110489983
weighted_comfort,8,36,0.21924702110489983
weighted_comfort,8,37,0.21924702110489983
weighted_comfort,8,38,0.21924702110489983
weighted_comfort,8,39,0.21924702110489983
weighted_comfort,8,40,0.21924702110489983
weighted_comfort,8,41,0.2192436648534932
weighted_comfort,8,42,0.2192436648534932
weighted_comfort,8,43,0.2192436648534932
weighted_comfort,8,44,0.2192436648534932
weighted_comfort,8,45,0.2192436648534932
weighted_comfort,8,46,0.2192436648534932
weighted_comfort,8,47,0.2192436648534932
weighted_comfort,8,48,0.2192436648534932
weighted_comfort,8,49,0.2192436648534932
weighted_comfort,8,50,0.21924023142957347
weighted_comfort,8,51,0.21924023142957347
weighted_comfort,8,52,0.21924023142957347
weighted_comfort,8,53,0.21924023142957347
weighted_comfort,8,54,0.21924023142957347
weighted_comfort,8,55,0.21924023142957347
weighted_comfort,8,56,0.21924023142957347
weighted_comfort,8,57,0.21924023142957347
weighted_comfort,8,58,0.21924023142957347
weighted_comfort,8,59,0.21924023142957347
weighted_comfort,8,60,0.21924023142957347
weighted_comfort,8,61,0.21924023142957347
weighted_comfort,8,62,0.21924023142957347
weighted_comfort,8,63,0.21924023142957347
weighted_comfort,9,0,0.36975706848744155
weighted_comfort,9,1,0.3242040002292128
weighted_comfort,9,2,0.2965455432941489
weighted_comfort,9,3,0.2898516023228143
weighted_comfort,9,4,0.24610628425877637
weighted_comfort,9,5,0.23670150972946719
weighted_comfort,9,6,0.23608756874807316
weighted_comfort,9,7,0.22070190343791052
weighted_comfort,9,8,0.2170246818926825
weighted_comfort,9,9,0.2170246818926825
weighted_comfort,9,10,0.21834107058054716
weighted_comfort,9,11,0.21834107058054716
weighted_comfort,9,12,0.21834107058054716
weighted_comfort,9,13,0.21851139074716644
weighted_comfort,9,14,0.21876000727610126
weighted_comfort,9,15,0.21876000727610126
weighted_comfort,9,16,0.21889509184934267
weighted_comfort,9,17,0.21889509184934267
weighted_comfort,9,18,0.218969197169127
weighted_comfort,9,19,0.2190058972923277
weighted_comfort,9,20,0.2190630314989418
weighted_comfort,9,21,0.2190630314989418
weighted_comfort,9,22,0.2191489363824192
weighted_comfort,9,23,0.2191911442369019
weighted_comfort,9,24,0.2192324239622764
weighted_comfort,9,25,0.2192324239622764
weighted_comfort,9,26,0.2192324239622764
weighted_comfort,9,27,0.2192324239622764
weighted_comfort,9,28,0.2192324239622764
weighted_comfort,9,29,0.2192324239622764
weighted_comfort,9,30,0.2192324239622764
weighted_comfort,9,31,0.2192324239622764
weighted_comfort,9,32,0.2192324239622764
weighted_comfort,9,33,0.2192324239622764
weighted_comfort,9,34,0.2192324239622764
weighted_comfort,9,35,0.2192324239622764
weighted_comfort,9,36,0.2192324239622764
weighted_comfort,9,37,0.2192324239622764
weighted_comfort,9,38,0.2192324239622764
weighted_comfort,9,39,0.2192324239622764
weighted_comfort,9,40,0.2192324239622764
weighted_comfort,9,41,0.2192324239622764
weighted_comfort,9,42,0.2192324239622764
weighted_comfort,9,43,0.2192324239622764
weighted_comfort,9,44,0.2192324239622764
weighted_comfort,9,45,0.2192324239622764
weighted_comfort,9,46,0.2192324239622764
weighted_comfort,9,47,0.2192324239622764
weighted_comfort,9,48,0.2192324239622764
weighted_comfort,9,49,0.2192324239622764
weighted_comfort,9,50,0.2192324239622764
weighted_comfort,9,51,0.2192324239622764
weighted_comfort,9,52,0.2192324239622764
weighted_comfort,9,53,0.2192324239622764
weighted_comfort,9,54,0.2192324239622764
weighted_comfort,9,55,0.2192324239622764
weighted_comfort,9,56,0.2192324239622764
weighted_comfort,9,57,0.2192324239622764
weighted_comfort,9,58,0.2192324239622764
weighted_comfort,9,59,0.2192324239622764
weighted_comfort,9,60,0.2192324239622764
weighted_comfort,9,61,0.2192324239622764
weighted_comfort,9,62,0.2192324239622764
weighted_comfort,9,63,0.2192324239622764
weighted_comfort,10,0,0.41729443522444193
weighted_comfort,10,1,0.3262764312059214
weighted_comfort,10,2,0.3261389926449502
weighted_comfort,10,3,0.31099027942181534
weighted_comfort,10,4,0.3009771033566938
weighted_comfort,10,5,0.27431729170766644
weighted_comfort,10,6,0.27431729170766644
weighted_comfort,10,7,0.2499484698749156
weighted_comfort,10,8,0.23684640617315078
weighted_comfort,10,9,0.23543371164734078
weighted_comfort,10,10,0.22244439134723565
weighted_comfort,10,11,0.21937572304825265
weighted_comfort,10,12,0.21937572304825265
weighted_comfort,10,13,0.21838259929562423
weighted_comfort,10,14,0.21838259929562423
weighted_comfort,10,15,0.21838259929562423
weighted_comfort,10,16,0.2185676660143051
weighted_comfort,10,17,0.2186128490771983
weighted_comfort,10,18,0.2187638284241352
weighted_comfort,10,19,0.2188253944255521
weighted_comfort,10,20,0.21890072784138914
weighted_comfort,10,21,0.21908494820118918
weighted_comfort,10,22,0.21908494820118918
weighted_comfort,10,23,0.21908494820118918
weighted_comfort,10,24,0.21908494820118918
weighted_comfort,10,25,0.21908494820118918
weighted_comfort,10,26,0.21920360975144088
weighted_comfort,10,27,0.21917486835555028
weighted_comfort,10,28,0.21917486835555028
weighted_comfort,10,29,0.21917486835555028
weighted_comfort,10,30,0.21917486835555028
weighted_comfort,10,31,0.21917486835555028
weighted_comfort,10,32,0.21920360975144088
weighted_comfort,10,33,0.21920544393959634
weighted_comfort,10,34,0.2192092041638375
weighted_comfort,10,35,0.2192149830330341
weighted_comfort,10,36,0.21923978100245864
weighted_comfort,10,37,0.21923978100245864
weighted_comfort,10,38,0.21923978100245864
weighted_comfort,10,39,0.21923978100245864
weighted_comfort,10,40,0.21923978100245864
weighted_comfort,10,41,0.21923978100245864
weighted_comfort,10,42,0.21923978100245864
weighted_comfort,10,43,0.21923978100245864
weighted_comfort,10,44,0.21923978100245864
weighted_comfort,10,45,0.21923978100245864
weighted_comfort,10,46,0.21923978100245864
weighted_comfort,10,47,0.21923978100245864
weighted_comfort,10,48,0.21923978100245864
weighted_comfort,10,49,0.21923978100245864
weighted_comfort,10,50,0.21923978100245864
weighted_comfort,10,51,0.21923978100245864
weighted_comfort,10,52,0.21923195914832652
weighted_comfort,10,53,0.21923195914832652
weighted_comfort,10,54,0.21923195914832652
weighted_comfort,10,55,0.21923195914832652
weighted_comfort,10,56,0.21923195914832652
weighted_comfort,10,57,0.21923195914832652
weighted_comfort,10,58,0.21923195914832652
weighted_comfort,10,59,0.21923195914832652
weighted_comfort,10,60,0.21923195914832652
weighted_comfort,10,61,0.21923195914832652
weighted_comfort,10,62,0.21923195914832652
weighted_comfort,10,63,0.21923195914832652
weighted_comfort,11,0,0.4124041778517377
weighted_comfort,11,1,0.4124041778517377
weighted_comfort,11,2,0.28110614388507604
weighted_comfort,11,3,0.28110614388507604
weighted_comfort,11,4,0.2787284746991851
weighted_comfort,11,5,0.24528736650892413
weighted_comfort,11,6,0.23128647587036738
weighted_comfort,11,7,0.23128647587036738
weighted_comfort,11,8,0.22223656926262667
weighted_comfort,11,9,0.22501765775813695
weighted_comfort,11,10,0.21698236923362238
weighted_comfort,11,11,0.21849666076862534
weighted_comfort,11,12,0.21849666076862534
weighted_comfort,11,13,0.21849666076862534
weighted_comfort,11,14,0.21862056973036859
weighted_comfort,11,15,0.21873875125054798
weighted_comfort,11,16,0.21901504284960802
weighted_comfort,11,17,0.21899278231229435
weighted_comfort,11,18,0.21899278231229435
weighted_comfort,11,19,0.21899278231229435
weighted_comfort,11,20,0.21901504284960802
weighted_comfort,11,21,0.2190801253862159
weighted_comfort,11,22,0.21913940144886082
weighted_comfort,11,23,0.21922040230863518
weighted_comfort,11,24,0.21924003081784874
weighted_comfort,11,25,0.21924003081784874
weighted_comfort,11,26,0.21924003081784874
weighted_comfort,11,27,0.21924003081784874
weighted_comfort,11,28,0.21924003081784874
weighted_comfort,11,29,0.21924003081784874
weighted_comfort,11,30,0.21924003081784874
weighted_comfort,11,31,0.21924003081784874
weighted_comfort,11,32,0.21924003081784874
weighted_comfort,11,33,0.21924003081784874
weighted_comfort,11,34,0.21924003081784874
weighted_comfort,11,35,0.21924003081784874
weighted_comfort,11,36,0.21924003081784874
weighted_comfort,11,37,0.21924003081784874
weighted_comfort,11,38,0.21924003081784874
weighted_comfort,11,39,0.21924003081784874
weighted_comfort,11,40,0.21924003081784874
weighted_comfort,11,41,0.21924003081784874
weighted_comfort,11,42,0.21924003081784874
weighted_comfort,11,43,0.21924003081784874
weighted_comfort,11,44,0.21924003081784874
weighted_comfort,11,45,0.21924003081784874
weighted_comfort,11,46,0.21924003081784874
weighted_comfort,11,47,0.21924003081784874
weighted_comfort,11,48,0.21924003081784874
weighted_comfort,11,49,0.21924003081784874
weighted_comfort,11,50,0.21924003081784874
weighted_comfort,11,51,0.21924003081784874
weighted_comfort,11,52,0.21924003081784874
weighted_comfort,11,53,0.21924003081784874
weighted_comfort,11,54,0.21924003081784874
weighted_comfort,11,55,0.21924003081784874
weighted_comfort,11,56,0.21924003081784874
weighted_comfort,11,57,0.21924003081784874
weighted_comfort,11,58,0.21924003081784874
weighted_comfort,11,59,0.21924003081784874
weighted_comfort,11,60,0.21924003081784874
weighted_comfort,11,61,0.21924003081784874
weighted_comfort,11,62,0.21924003081784874
weighted_comfort,11,63,0.21924003081784874
weighted_comfort,12,0,0.3103665526947684
weighted_comfort,12,1,0.2645826388225963
weighted_comfort,12,2,0.24259236341303914
weighted_comfort,12,3,0.24012625947532565
weighted_comfort,12,4,0.22410523023501344
weighted_comfort,12,5,0.22367930817593876
weighted_comfort,12,6,0.22367930817593876
weighted_comfort,12,7,0.22367930817593876
weighted_comfort,12,8,0.2231523823626598
weighted_comfort,12,9,0.21854495603292529
weighted_comfort,12,10,0.21804685003288019
weighted_comfort,12,11,0.21804685003288019
weighted_comfort,12,12,0.21853377584464206
weighted_comfort,12,13,0.21850349851949716
weighted_comfort,12,14,0.21854495603292529
weighted_comfort,12,15,0.21866824031800303
weighted_comfort,12,16,0.21878058957787805
weighted_comfort,12,17,0.21882520741360478
weighted_comfort,12,18,0.2188993994210345
weighted_comfort,12,19,0.2190048103753174
weighted_comfort,12,20,0.21903839927796273
weighted_comfort,12,21,0.2191219766831908
weighted_comfort,12,22,0.21908279727088517
weighted_comfort,12,23,0.2191219766831908
weighted_comfort,12,24,0.21919214336450435
weighted_comfort,12,25,0.21919214336450435
weighted_comfort,12,26,0.21922219347959798
weighted_comfort,12,27,0.21927684649816728
weighted_comfort,12,28,0.21927684649816728
weighted_comfort,12,29,0.21927684649816728
weighted_comfort,12,30,0.21927684649816728
weighted_comfort,12,31,0.21927684649816728
weighted_comfort,12,32,0.21923102005085268
weighted_comfort,12,33,0.21923102005085268
weighted_comfort,12,34,0.21923102005085268
weighted_comfort,12,35,0.21923102005085268
weighted_comfort,12,36,0.21923078876460494
weighted_comfort,12,37,0.21923078876460494
weighted_comfort,12,38,0.21923078876460494
weighted_comfort,12,39,0.21923078876460494
weighted_comfort,12,40,0.21923144871448336
weighted_comfort,12,41,0.21923182857738222
weighted_comfort,12,42,0.21923192528240712
weighted_comfort,12,43,0.21923200416862468
weighted_comfort,12,44,0.21923210997974144
weighted_comfort,12,45,0.21923210997974144
weighted_comfort,12,46,0.21923211402141632
weighted_comfort,12,47,0.21923213193246377
weighted_comfort,12,48,0.21923213193246377
weighted_comfort,12,49,0.21923213193246377
weighted_comfort,12,50,0.21923215031319293
weighted_comfort,12,51,0.21923215031319293
weighted_comfort,12,52,0.21923215031319293
weighted_comfort,12,53,0.2192321497968221
weighted_comfort,12,54,0.2192321497968221
weighted_comfort,12,55,0.21923214964974355
weighted_comfort,12,56,0.21923214964974355
weighted_comfort,12,57,0.21923214956416204
weighted_comfort,12,58,0.21923214956416204
weighted_comfort,12,59,0.21923214947862013
weighted_comfort,12,60,0.21923214947862013
weighted_comfort,12,61,0.21923214943748132
weighted_comfort,12,62,0.21923214943748132
weighted_comfort,12,63,0.21923214941043895
weighted_comfort,13,0,0.4058294429399387
weighted_comfort,13,1,0.3768894695720564
weighted_comfort,13,2,0.31741349831872656
weighted_comfort,13,3,0.30283414434198697
weighted_comfort,13,4,0.27029374118871596
weighted_comfort,13,5,0.257146066194207
weighted_comfort,13,6,0.2362936598943095
weighted_comfort,13,7,0.22699342579734025
weighted_comfort,13,8,0.2206180967565372
weighted_comfort,13,9,0.21827588385370836
weighted_comfort,13,10,0.21827588385370836
weighted_comfort,13,11,0.21827588385370836
weighted_comfort,13,12,0.21887865801083028
weighted_comfort,13,13,0.21887865801083028
weighted_comfort,13,14,0.2187331896503959
weighted_comfort,13,15,0.21887865801083028
weighted_comfort,13,16,0.21891496392509824
weighted_comfort,13,17,0.2190322057125633
weighted_comfort,13,18,0.21909339072908593
weighted_comfort,13,19,0.21909339072908593
weighted_comfort,13,20,0.21909339072908593
weighted_comfort,13,21,0.21911623988656626
weighted_comfort,13,22,0.21913675093651422
weighted_comfort,13,23,0.21916095535483102
weighted_comfort,13,24,0.21916095535483102
weighted_comfort,13,25,0.2191828272715753
weighted_comfort,13,26,0.2191828272715753
weighted_comfort,13,27,0.21918642268219435
weighted_comfort,13,28,0.21921239512587662
weighted_comfort,13,29,0.21921239512587662
weighted_comfort,13,30,0.2192139639441541
weighted_comfort,13,31,0.21921750957314035
weighted_comfort,13,32,0.21921750957314035
weighted_comfort,13,33,0.21921750957314035
weighted_comfort,13,34,0.21923379391734593
weighted_comfort,13,35,0.21923379391734593
weighted_comfort,13,36,0.21923379391734593
weighted_comfort,13,37,0.21923379391734593
weighted_comfort,13,38,0.21923379391734593
weighted_comfort,13,39,0.21923379391734593
weighted_comfort,13,40,0.21923379391734593
weighted_comfort,13,41,0.21923379391734593
weighted_comfort,13,42,0.21923379391734593
weighted_comfort,13,43,0.21922951014058026
weighted_comfort,13,44,0.21922951014058026
weighted_comfort,13,45,0.21922951014058026
weighted_comfort,13,46,0.21922951014058026
weighted_comfort,13,47,0.21922951014058026
weighted_comfort,13,48,0.21922951014058026
weighted_comfort,13,49,0.21922951014058026
weighted_comfort,13,50,0.21923379391734593
weighted_comfort,13,51,0.21923379391734593
weighted_comfort,13,52,0.21923379391734593
weighted_comfort,13,53,0.21923379391734593
weighted_comfort,13,54,0.21923379391734593
weighted_comfort,13,55,0.21923379391734593
weighted_comfort,13,56,0.21923379391734593
weighted_comfort,13,57,0.21923379391734593
weighted_comfort,13,58,0.21923379391734593
weighted_comfort,13,59,0.21923379391734593
weighted_comfort,13,60,0.21923379391734593
weighted_comfort,13,61,0.21923379391734593
weighted_comfort,13,62,0.21923379391734593
weighted_comfort,13,63,0.21923379391734593
weighted_comfort,14,0,0.39102280679898593
weighted_comfort,14,1,0.3061498937021206
weighted_comfort,14,2,0.2785905263358116
weighted_comfort,14,3,0.2785905263358116
weighted_comfort,14,4,0.24663945751635674
weighted_comfort,14,5,0.24663945751635674
weighted_comfort,14,6,0.22995953854585902
weighted_comfort,14,7,0.22536918332123687
weighted_comfort,14,8,0.21879911607629537
weighted_comfort,14,9,0.21979609121938137
weighted_comfort,14,10,0.21872673877410306
weighted_comfort,14,11,0.2186483566381005
weighted_comfort,14,12,0.21872673877410306
weighted_comfort,14,13,0.21894249729535853
weighted_comfort,14,14,0.21894249729535853
weighted_comfort,14,15,0.21894249729535853
weighted_comfort,14,16,0.21894249729535853
weighted_comfort,14,17,0.21896780128545587
weighted_comfort,14,18,0.219007711180309
weighted_comfort,14,19,0.21905467395985587
weighted_comfort,14,20,0.21918345726913133
weighted_comfort,14,21,0.2191476803982144
weighted_comfort,14,22,0.21918345726913133
weighted_comfort,14,23,0.21918345726913133
weighted_comfort,14,24,0.21918420642130973
weighted_comfort,14,25,0.2191849196663951
weighted_comfort,14,26,0.2191849196663951
weighted_comfort,14,27,0.21919625913628124
weighted_comfort,14,28,0.21922046999589453
weighted_comfort,14,29,0.21922498006945892
weighted_comfort,14,30,0.21922498006945892
weighted_comfort,14,31,0.21922498006945892
weighted_comfort,14,32,0.21922498006945892
weighted_comfort,14,33,0.21922498006945892
weighted_comfort,14,34,0.21922498006945892
weighted_comfort,14,35,0.21922498006945892
weighted_comfort,14,36,0.21922498006945892
weighted_comfort,14,37,0.21926504173937134
weighted_comfort,14,38,0.21926504173937134
weighted_comfort,14,39,0.21926494906155403
weighted_comfort,14,40,0.21926494906155403
weighted_comfort,14,41,0.219264939911779
weighted_comfort,14,42,0.219264939911779
weighted_comfort,14,43,0.2192649198335232
weighted_comfort,14,44,0.2192649198335232
weighted_comfort,14,45,0.2192649198335232
weighted_comfort,14,46,0.21926491695665065
weighted_comfort,14,47,0.21926491695665065
weighted_comfort,14,48,0.21926491695665065
weighted_comfort,14,49,0.21926491695665065
weighted_comfort,14,50,0.21926491695665065
weighted_comfort,14,51,0.21926491695665065
weighted_comfort,14,52,0.21926491695665065
weighted_comfort,14,53,0.21926491684897942
weighted_comfort,14,54,0.21926491683371374
weighted_comfort,14,55,0.21926491682593355
weighted_comfort,14,56,0.21926491682593355
weighted_comfort,14,57,0.21926491676856003
weighted_comfort,14,58,0.21926491676856003
weighted_comfort,14,59,0.21926491676856003
weighted_comfort,14,60,0.21926491676856003
weighted_comfort,14,61,0.21926491676856003
weighted_comfort,14,62,0.21926491676856003
weighted_comfort,14,63,0.21926491676856003
weighted_comfort,15,0,0.5051043348732256
weighted_comfort,15,1,0.32744118835541064
weighted_comfort,15,2,0.32744118835541064
weighted_comfort,15,3,0.2799758097894073
weighted_comfort,15,4,0.27404615660472353
weighted_comfort,15,5,0.25526950265022347
weighted_comfort,15,6,0.25313464552403864
weighted_comfort,15,7,0.24082334111341966
weighted_comfort,15,8,0.2231429079003166
weighted_comfort,15,9,0.2215928770776839
weighted_comfort,15,10,0.21728230980341276
weighted_comfort,15,11,0.218356975566117
weighted_comfort,15,12,0.218356975566117
weighted_comfort,15,13,0.21856467113482697
weighted_comfort,15,14,0.21884511418768193
weighted_comfort,15,15,0.21884511418768193
weighted_comfort,15,16,0.21908163201370104
weighted_comfort,15,17,0.21903438841240036
weighted_comfort,15,18,0.21911725471125848
weighted_comfort,15,19,0.21914645460749915
weighted_comfort,15,20,0.219190659869251
weighted_comfort,15,21,0.21919623253634418
weighted_comfort,15,22,0.21919623253634418
weighted_comfort,15,23,0.21919623253634418
weighted_comfort,15,24,0.21919623253634418
weighted_comfort,15,25,0.21920860805115863
weighted_comfort,15,26,0.2192212417962172
weighted_comfort,15,27,0.2192212417962172
weighted_comfort,15,28,0.2192212417962172
weighted_comfort,15,29,0.2192212417962172
weighted_comfort,15,30,0.21921591698327192
weighted_comfort,15,31,0.21921591698327192
weighted_comfort,15,32,0.21921591698327192
weighted_comfort,15,33,0.2192180333769511
weighted_comfort,15,34,0.2192212417962172
weighted_comfort,15,35,0.2192267941512779
weighted_comfort,15,36,0.2192267941512779
weighted_comfort,15,37,0.2192286846000354
weighted_comfort,15,38,0.21923100441082374
weighted_comfort,15,39,0.21923100441082374
weighted_comfort,15,40,0.2192306059506658
weighted_comfort,15,41,0.2192306059506658
weighted_comfort,15,42,0.21923100441082374
weighted_comfort,15,43,0.2192313994723864
weighted_comfort,15,44,0.21923155243573916
weighted_comfort,15,45,0.21923188446219272
weighted_comfort,15,46,0.21923210047556357
weighted_comfort,15,47,0.21923210047556357
weighted_comfort,15,48,0.21923210047556357
weighted_comfort,15,49,0.21923210047556357
weighted_comfort,15,50,0.21923210047556357
weighted_comfort,15,51,0.21923210047556357
weighted_comfort,15,52,0.21923210047556357
weighted_comfort,15,53,0.21923210047556357
weighted_comfort,15,54,0.21923210047556357
weighted_comfort,15,55,0.21923210047556357
weighted_comfort,15,56,0.21923210047556357
weighted_comfort,15,57,0.21923210047556357
weighted_comfort,15,58,0.21923210047556357
weighted_comfort,15,59,0.21923206294366662
weighted_comfort,15,60,0.21923202129962518
weighted_comfort,15,61,0.21923210047556357
weighted_comfort,15,62,0.21923209044957787
weighted_comfort,15,63,0.21923210788775346
weighted_comfort,16,0,0.36994918301448926
weighted_comfort,16,1,0.36994918301448926
weighted_comfort,16,2,0.3143018783713072
weighted_comfort,16,3,0.28951806811928127
weighted_comfort,16,4,0.25797422725102676
weighted_comfort,16,5,0.2543168663741152
weighted_comfort,16,6,0.2448790367260952
weighted_comfort,16,7,0.2350979357798926
weighted_comfort,16,8,0.2293687781473791
weighted_comfort,16,9,0.22394922429666192
weighted_comfort,16,10,0.22394922429666192
weighted_comfort,16,11,0.22394922429666192
weighted_comfort,16,12,0.22393645155489372
weighted_comfort,16,13,0.22141413088534548
weighted_comfort,16,14,0.2202898764609549
weighted_comfort,16,15,0.21830411895408397
weighted_comfort,16,16,0.21836040105298404
weighted_comfort,16,17,0.21894724384141112
weighted_comfort,16,18,0.21874266738024692
weighted_comfort,16,19,0.21880844291983123
weighted_comfort,16,20,0.21892694971682716
weighted_comfort,16,21,0.21894724384141112
weighted_comfort,16,22,0.21901936467349659
weighted_comfort,16,23,0.21908429828246168
weighted_comfort,16,24,0.21908429828246168
weighted_comfort,16,25,0.21911599317635796
weighted_comfort,16,26,0.2191518364655505
weighted_comfort,16,27,0.2191518364655505
weighted_comfort,16,28,0.2191518364655505
weighted_comfort,16,29,0.2192005806989349
weighted_comfort,16,30,0.2192005806989349
weighted_comfort,16,31,0.21918804243895967
weighted_comfort,16,32,0.21922319019982758
weighted_comfort,16,33,0.21922319019982758
weighted_comfort,16,34,0.21922319019982758
weighted_comfort,16,35,0.21922319019982758
weighted_comfort,16,36,0.21922319019982758
weighted_comfort,16,37,0.21922319019982758
weighted_comfort,16,38,0.21922319019982758
weighted_comfort,16,39,0.21925019127162831
weighted_comfort,16,40,0.21925019127162831
weighted_comfort,16,41,0.21925019127162831
weighted_comfort,16,42,0.21925019127162831
weighted_comfort,16,43,0.21925019127162831
weighted_comfort,16,44,0.21925019127162831
weighted_comfort,16,45,0.21922811671762527
weighted_comfort,16,46,0.21922811671762527
weighted_comfort,16,47,0.21922811671762527
weighted_comfort,16,48,0.21922811671762527
weighted_comfort,16,49,0.21922811671762527
weighted_comfort,16,50,0.21925019127162831
weighted_comfort,16,51,0.21925019127162831
weighted_comfort,16,52,0.21925019127162831
weighted_comfort,16,53,0.21925019127162831
weighted_comfort,16,54,0.21925019127162831
weighted_comfort,16,55,0.21925019127162831
weighted_comfort,16,56,0.21925019127162831
weighted_comfort,16,57,0.21925019127162831
weighted_comfort,16,58,0.2192404853441195
weighted_comfort,16,59,0.2192404853441195
weighted_comfort,16,60,0.2192404853441195
weighted_comfort,16,61,0.21924037704830898
weighted_comfort,16,62,0.21923958112273217
weighted_comfort,16,63,0.21923952789463794
weighted_comfort,17,0,0.45584786405568983
weighted_comfort,17,1,0.4684100979610286
weighted_comfort,17,2,0.4003321352729023
weighted_comfort,17,3,0.33992069289594057
weighted_comfort,17,4,0.31814340800415536
weighted_comfort,17,5,0.2762163088776433
weighted_comfort,17,6,0.2762163088776433
weighted_comfort,17,7,0.26376811805215
weighted_comfort,17,8,0.2476184463612575
weighted_comfort,17,9,0.2476184463612575
weighted_comfort,17,10,0.24167446592342598
weighted_comfort,17,11,0.23662133263921165
weighted_comfort,17,12,0.23662133263921165
weighted_comfort,17,13,0.23462801774027434
weighted_comfort,17,14,0.23332281831411208
weighted_comfort,17,15,0.23332281831411208
weighted_comfort,17,16,0.22964935695953925
weighted_comfort,17,17,0.22964935695953925
weighted_comfort,17,18,0.228757720769073
weighted_comfort,17,19,0.22091104298426423
weighted_comfort,17,20,0.2180108099182369
weighted_comfort,17,21,0.2180108099182369
weighted_comfort,17,22,0.21852440314675747
weighted_comfort,17,23,0.21809153812934215
weighted_comfort,17,24,0.21852440314675747
weighted_comfort,17,25,0.2187021624867572
weighted_comfort,17,26,0.21900730079774494
weighted_comfort,17,27,0.21900730079774494
weighted_comfort,17,28,0.21900730079774494
weighted_comfort,17,29,0.21900730079774494
weighted_comfort,17,30,0.21900730079774494
weighted_comfort,17,31,0.21900730079774494
weighted_comfort,17,32,0.21900730079774494
weighted_comfort,17,33,0.21906789012073322
weighted_comfort,17,34,0.21906789012073322
weighted_comfort,17,35,0.21906789012073322
weighted_comfort,17,36,0.21906789012073322
weighted_comfort,17,37,0.21911995910526563
weighted_comfort,17,38,0.21917396153935462
weighted_comfort,17,39,0.21920748863416056
weighted_comfort,17,40,0.21924707809661706
weighted_comfort,17,41,0.21924351117523622
weighted_comfort,17,42,0.2192391244312962
weighted_comfort,17,43,0.2192391244312962
weighted_comfort,17,44,0.2192381452141975
weighted_comfort,17,45,0.2192381452141975
weighted_comfort,17,46,0.2192381452141975
weighted_comfort,17,47,0.2192381452141975
weighted_comfort,17,48,0.21923795816594455
weighted_comfort,17,49,0.2192377036872071
weighted_comfort,17,50,0.2192377036872071
weighted_comfort,17,51,0.2192377036872071
weighted_comfort,17,52,0.2192377036872071
weighted_comfort,17,53,0.2192377036872071
weighted_comfort,17,54,0.2192377036872071
weighted_comfort,17,55,0.2192377036872071
weighted_comfort,17,56,0.21923770093079847
weighted_comfort,17,57,0.21923770093079847
weighted_comfort,17,58,0.21923770078251112
weighted_comfort,17,59,0.2192377006049559
weighted_comfort,17,60,0.2192377004722934
weighted_comfort,17,61,0.21923770041601115
weighted_comfort,17,62,0.21923770034813633
weighted_comfort,17,63,0.2192377003317778
weighted_comfort,18,0,0.41532532407852996
weighted_comfort,18,1,0.3275728506257675
weighted_comfort,18,2,0.2998432927531689
weighted_comfort,18,3,0.26727267686651135
weighted_comfort,18,4,0.24984536939818644
weighted_comfort,18,5,0.24011053722764927
weighted_comfort,18,6,0.22640332367518745
weighted_comfort,18,7,0.22640332367518745
weighted_comfort,18,8,0.22551985419977644
weighted_comfort,18,9,0.21858561577852534
weighted_comfort,18,10,0.21858561577852534
weighted_comfort,18,11,0.21827265139037935
weighted_comfort,18,12,0.21858561577852534
weighted_comfort,18,13,0.21858561577852534
weighted_comfort,18,14,0.21880117920534847
weighted_comfort,18,15,0.21880117920534847
weighted_comfort,18,16,0.21899509937587064
weighted_comfort,18,17,0.21904374849181948
weighted_comfort,18,18,0.2191247717135837
weighted_comfort,18,19,0.21919674080013982
weighted_comfort,18,20,0.2192053570989061
weighted_comfort,18,21,0.2192053570989061
weighted_comfort,18,22,0.2192053570989061
weighted_comfort,18,23,0.2192053570989061
weighted_comfort,18,24,0.2192053570989061
weighted_comfort,18,25,0.2192053570989061
weighted_comfort,18,26,0.21921317723360426
weighted_comfort,18,27,0.21921338885972974
weighted_comfort,18,28,0.2192271945391768
weighted_comfort,18,29,0.21922895474626292
weighted_comfort,18,30,0.2192297988883417
weighted_comfort,18,31,0.21923198538151348
weighted_comfort,18,32,0.21923198538151348
weighted_comfort,18,33,0.21923198538151348
weighted_comfort,18,34,0.21923198538151348
weighted_comfort,18,35,0.21923198538151348
weighted_comfort,18,36,0.21923198538151348
weighted_comfort,18,37,0.21923198538151348
weighted_comfort,18,38,0.21923198538151348
weighted_comfort,18,39,0.21923198538151348
weighted_comfort,18,40,0.21923198538151348
weighted_comfort,18,41,0.21923198538151348
weighted_comfort,18,42,0.21923198538151348
weighted_comfort,18,43,0.21923198538151348
weighted_comfort,18,44,0.21923198538151348
weighted_comfort,18,45,0.21923198538151348
weighted_comfort,18,46,0.21923198538151348
weighted_comfort,18,47,0.21923198538151348
weighted_comfort,18,48,0.21923198538151348
weighted_comfort,18,49,0.21923198538151348
weighted_comfort,18,50,0.21923198538151348
weighted_comfort,18,51,0.21923198538151348
weighted_comfort,18,52,0.21923198538151348
weighted_comfort,18,53,0.21923198538151348
weighted_comfort,18,54,0.21923198538151348
weighted_comfort,18,55,0.21923198538151348
weighted_comfort,18,56,0.21923198538151348
weighted_comfort,18,57,0.21923198538151348
weighted_comfort,18,58,0.21923198538151348
weighted_comfort,18,59,0.21923198538151348
weighted_comfort,18,60,0.21923198538151348
weighted_comfort,18,61,0.21923198538151348
weighted_comfort,18,62,0.21923198538151348
weighted_comfort,18,63,0.21923198538151348
weighted_comfort,19,0,0.30337283773817925
weighted_comfort,19,1,0.29400703451910426
weighted_comfort,19,2,0.28222019041927987
weighted_comfort,19,3,0.2662665574097912
weighted_comfort,19,4,0.24722282376216673
weighted_comfort,19,5,0.24722282376216673
weighted_comfort,19,6,0.23100754035987323
weighted_comfort,19,7,0.23100754035987323
weighted_comfort,19,8,0.22640871038739507
weighted_comfort,19,9,0.22404373675322217
weighted_comfort,19,10,0.22199938315475506
weighted_comfort,19,11,0.22187355979063725
weighted_comfort,19,12,0.21791813357927234
weighted_comfort,19,13,0.21791813357927234
weighted_comfort,19,14,0.2187880326556434
weighted_comfort,19,15,0.21861272424089145
weighted_comfort,19,16,0.2187880326556434
weighted_comfort,19,17,0.2187880326556434
weighted_comfort,19,18,0.21892277635111873
weighted_comfort,19,19,0.21892840021291388
weighted_comfort,19,20,0.21899886483273542
weighted_comfort,19,21,0.2190410429292046
weighted_comfort,19,22,0.21906895074973695
weighted_comfort,19,23,0.2191019802672624
weighted_comfort,19,24,0.21913310266348654
weighted_comfort,19,25,0.21914720631716225
weighted_comfort,19,26,0.21917306763766362
weighted_comfort,19,27,0.21921153983539618
weighted_comfort,19,28,0.21921153983539618
weighted_comfort,19,29,0.2192183735467072
weighted_comfort,19,30,0.2192183735467072
weighted_comfort,19,31,0.21923168673367027
weighted_comfort,19,32,0.21923168673367027
weighted_comfort,19,33,0.21923168673367027
weighted_comfort,19,34,0.21923168673367027
weighted_comfort,19,35,0.21923168673367027
weighted_comfort,19,36,0.21923168673367027
weighted_comfort,19,37,0.21923168673367027
weighted_comfort,19,38,0.21923168673367027
weighted_comfort,19,39,0.21923168673367027
weighted_comfort,19,40,0.21923168673367027
weighted_comfort,19,41,0.21923168673367027
weighted_comfort,19,42,0.21923168673367027
weighted_comfort,19,43,0.21923168673367027
weighted_comfort,19,44,0.21923168673367027
weighted_comfort,19,45,0.21923168673367027
weighted_comfort,19,46,0.21923168673367027
weighted_comfort,19,47,0.21923168673367027
weighted_comfort,19,48,0.21923168673367027
weighted_comfort,19,49,0.21923190885485944
weighted_comfort,19,50,0.21923211920396424
weighted_comfort,19,51,0.21923213088217816
weighted_comfort,19,52,0.21923213422128532
weighted_comfort,19,53,0.21923213698409563
weighted_comfort,19,54,0.2192321426133276
weighted_comfort,19,55,0.2192321421347261
weighted_comfort,19,56,0.2192321421347261
weighted_comfort,19,57,0.2192321426133276
weighted_comfort,19,58,0.2192321426133276
weighted_comfort,19,59,0.2192321426725786
weighted_comfort,19,60,0.2192321428015047
weighted_comfort,19,61,0.2192321428333955
weighted_comfort,19,62,0.21923214288357773
weighted_comfort,19,63,0.21923214288347034
